review,rating,clean_review,sentiment
koq tiba2 skrng HP sy tidak suport sih sm accesskai,5,koq tiba skrng hp sy suport sih sm accesskai,positive
"aplikasi ini sangat bagus, sangat membantu dalam layanan pemesanan ticket",5,aplikasi sangat bagus sangat bantu layan mesan ticket,positive
"KAI TOLONG PERBAIKI SISTEM CIKARANG - BEKASI DAN SEBALIKNYA,KRL TERLALU KEBANYAKAN NAHAN TERLALU LAMA",1,kai baik sistem cikarang bekas sebaliknyakrl terlalu banyak nahan terlalu lama,negative
"aplikasi bapuk, pas mau berangkat eh ada gangguan aplikasinya, bukan sinyal.",2,aplikasi bapuk pas mau berangkat eh ganggu aplikasi bukan sinyal,negative
"Ko bisa tetiba ilang akun gw pas buka hrs bikin akun baru mksd ny apa.. ?? barusan gw beli tiket 3 bayar qris saldo rek udah kepotong 3x tp tiket yg ad cm 1 yg 2 g d tiket ny, tolong d apk adain reschadule buat tiket lokal, aduan konsumen buat komplain biar bs lgsg refund klo ad kendala di tiket klian yg eror kita yg rugi, apk buatan pemerintah payah",1,ko tetiba ilang akun gw pas buka hrs bikin akun baru mksd ny apa barusan gw beli tiket bayar qris saldo rek udah potong x tp tiket yg ad cm yg g d tiket ny d apk adain reschadule buat tiket lokal adu konsumen buat komplain biar bs lgsg refund klo ad kendala tiket klian yg eror yg rugi apk buat perintah payah,negative
stasiun comal belum bisa di pesan lewat apk ini,1,stasiun comal bisa pesan lewat apk,negative
bagus,5,bagus,positive
kereta sri tanjung kurang nyaman terlalu tegap duduknya cepet capek,3,kereta sri tanjung kurang nyaman terlalu tegap duduk cepet capek,neutral
yang dari stasiun pelabuhan kok belum bisa diakses ya,5,dari stasiun labuh kok bisa akses,positive
"aplikasinya sering eror. mohon lebih ditingkatkan. gak jelas sekali. sangat merugikan. war tiket dibelain tengah malam bangun. sering ngebug ,,eh pas Sukses tuh tiket gak terbit. sekarang dibilang transaksi time out.. merugikan sekaliiii..mengecewakan.",1,aplikasi sering eror mohon lebih tingkat gak jelas sekali sangat rugi war tiket bain tengah malam bangun sering ngebug eh pas sukses tuh tiket gak terbit sekarang bilang transaksi time out rugi sekaliiiimengecewakan,negative
Awalnya buka aplikasi cepet.. begitu upgrade lah malah muter2.. padahal OTP udah sesuai..,1,awal buka aplikasi cepet upgrade lah malah muter padahal otp udah sesuai,negative
"kalau hari biasa dari stasiun KERTOSONO kenapa gak berhenti ya di stasiun Pemalang? begitu sebaliknya,harus dari stasiun Pekalongan .kecuali lebaran ada kereta tambahan baru bisa.",2,kalau hari biasa stasiun kertosono gak henti di stasiun malang sebaliknyaharus stasiun kalong lebaran kereta tambah baru,negative
"aplikasi gabisa dipake,menyusahkan ! ,error terus",1,aplikasi gabisa dipakemenyusahkan error terus,negative
"jadwalnya kadang ada kadang hilang, sampah",1,jadwal kadang kadang hilang sampah,negative
aplikasi overal udah bagus tapi mohon untuk bisa compatibel di lebih banyak tipe android nya hehe ini saya android 7 ga bisa download,4,aplikasi overal udah bagus mohon compatibel lebih banyak tipe android nya hehe saya android ga bisa download,positive
"gabisa log in ! sekalinya bisa lemot parah error terus ,tolong diperbaiki lagi jangan mempersulit harusnya kan memudahkan",1,gabisa log in sekali lot parah error terus baik jangan sulit harus kan mudah,negative
ok,5,,positive
perangkat sy tidak kompatibel ini gimana versi aplikasinya mau update ga bisa karana tida kompatibel,1,perangkat sy kompatibel gimana versi aplikasi mau update ga karana tida kompatibel,negative
tidak bisa di download udah di update di berishkn ttp tidak bisa,1,bisa download udah update berishkn ttp bisa,negative
"aplikasinya susah untuk memesan tiket kereta lokal,bila mau pesan harus upgrade akun tapi ketika mau proses upgrade selalu gagal ketika otp dimasukkan,menyusahkan sekali ingin pesan tiket dipersulit,",2,aplikasi susah mes tiket kereta lokalbila mau pesan upgrade akun mau proses upgrade selalu gagal ketika otp dimasukkanmenyusahkan sekali pesan tiket sulit,negative
sering gak ke bagian tiket tolong donk kai tambah lagi kereta buat ke kertapati lampung,5,sering gak bagi tiket donk kai tambah kereta buat kertapati lampung,positive
Udah 2 jam perjalanan tetapi tidak bisa memesan makanan.,2,udah jam jalan tidak mes makan,negative
"ga bisa menambakan yiket yg dari travrloka, gimana nih",4,ga tambak yiket yg travrloka gimana nih,positive
mantab,5,mantab,positive
"Awalnya saya beri bintang 5 sekarang saya turunkan, sering eror di saat pembayaran,pembayaran tiket ka lokal lebih banyak dong pemilihan pembayarannya, jangan cuma link aja,ovo dan qris. sudah dibayar tapi kode tiket belum aktif dan akhirnya gagal,uang hangus dan pembatalan menunggu sampai 2 minggu juga tidak masuk ke saldo. Ayo perbaiki sistemnya perbanyak pilihan pembayaran di tiket ka lokal. Jangan sering eror. Thnks",4,awal beri bintang sekarang turun sering eror saat pembayaranpembayaran tiket ka lokal lebih banyak dong pilih bayar jangan cuma link ajaovo qris bayar kode tiket aktif akhir gagaluang hangus batal tunggu minggu tidak masuk saldo ayo baik sistem banyak pilih bayar tiket ka lokal jangan sering eror thnks,positive
"kenapa gak bisa login woi, ngeliat jadwal aja gak bisa kenapa Access ini dah lah. hayolah kenapa ini.....",1,gak login woi ngeliat jadwal aja gak access dah lah hayo kenapa ini,negative
"kenapa ya beli tiket udah ada transaksi nya di dana , tapi pas di cek di Kai access gaada tiketnya dan di cek gaada riwayat transaksi nya juga",2,ya beli tiket udah transaksi nya dana pas cek kai access gaada tiket di cek gaada riwayat transaksi nya,negative
lemottty,1,lemottty,negative
"kalau mau scrol tanggal dibawah 25 gak bisa, susah. jd gak pernah beli tiket diatas tgl 25",3,kalau mau scrol tanggal bawah gak susah jd gak pernah beli tiket atas tgl,neutral
aplikasi lelet,1,aplikasi lelet,negative
"server sering eror, tapi pas ditinggal bentar dan kembali lagi saat sudah tidak eror tiket sudah habis, sudah email ke alamat pengaduan tapi tidak direspon",2,server sering eror pas tinggal bentar kembali saat tidak eror tiket habis email alamat adu tidak direspon,negative
"Jujur, kecewa banget udh beberapa kali pemesanan tiket ga muncul trs saldo jadi berkurang refund ga ada. Nanya ke cs malah suruh nunggu 1 jam terus wkwk",1,jujur kecewa banget udh beberapa kali mesan tiket ga muncul trs saldo jadi kurang refund ga nanya cs malah suruh nunggu jam terus wkwk,negative
lebih cepat prlayanannya,5,lebih cepat prlayanannya,positive
"Kenapa pesen tiket gk bisa terus ya, udh tinggal pembayaran malah eror, knp eror terus sii padahal sinyal bagus, tolong lebih ditingkatkan lagi dong biar oesen tiket lebih mudah.",1,sen tiket gk terus udh tinggal bayar malah eror knp eror terus sii padahal sinyal bagus lebih tingkat dong biar oesen tiket lebih mudah,negative
mantap lah,5,mantap lah,positive
"eror terus, giliran d chat d WA responya lama banget.",1,eror terus gilir d chat d wa responya lama banget,negative
"kurang bngt ni app, qris ga muncul diliat dri proses menunggu pembayaran jga gaada nunggu waktu hbs. Ngebugg nya parahhh",2,kurang bngt ni app qris ga muncul liat dri proses tunggu bayar jga gaada nunggu waktu hbs ngebugg nya parahhh,negative
sangat membantu untuk perjalanan,5,sangat bantu jalan,positive
Bagus Bagus,5,bagus bagus,positive
Baik,5,baik,positive
mantap,5,mantap,positive
tolong banget di benerin aplikasinya kayak tahun 2025 atau sebelum lebaran 2026 🙏🙏🙏🙏,1,banget benerin aplikasi kayak tahun belum lebaran,negative
memuaskan.,5,muas,positive
bagus,5,bagus,positive
"gjls gbisa daftar trs udh ada ketentuannya maksimal pesan satu sampe acara saya harus diundur trs sampe sore, dr jam 11 sampe jam set 2 gbisa udh ganti kereta gt trs cs jg g membantu disuruh nunggu trs",1,gjls gbisa daftar trs udh tentu maksimal pesan satu sampe acara harus undur trs sampe sore dr jam sampe jam set gbisa udh ganti kereta gt trs cs jg g bantu suruh nunggu trs,negative
saya mengalami erorr saat pembayaran.saldo berkurang namun tiket di aplikasi belum terbayar. padhal masih ada waktu masa pembayaran. namun hal yang bikin jengkel lagi pelayanannya cs yang lambat dan tidak gerak cepat. mohon ditingkatkan lagi. terimakasih,1,alami erorr pembayaransaldo kurang tiket aplikasi bayar padhal ada waktu masa bayar hal bikin jengkel layan cs lambat tidak gerak cepat mohon tingkat terimakasih,negative
"aplikasi nya skrg malah amburadul gk kyk 2-3 thn yg lalu pesen tiket lbh mudah gak lelet kyk skrg, tampilan nya aja keren dalem nya busuk...... mau pesen tiket buat seminggu ke dpn sm kluarga udah dibelain utak utek dr jam 00.01 biar bs dpt tiket hasil nya nihil server lemot skrg skali online hrs order.... lha kita kan hrs dftar penumpang nya dl klo blm didaftarin ktika udh tinggal order malah ada warning ""cannot booking more than one at same schedule route""pdhl dulu gk kyk gini,jd btl pergi",1,aplikasi nya skrg malah amburadul gk kyk thn yg lalu sen tiket lbh mudah gak lelet kyk skrg tampil nya aja keren dalem nya busuk mau sen tiket buat minggu dpn sm kluarga udah bain utak utek dr jam biar bs dpt tiket hasil nya nihil server lot skrg skali online hrs order lha kan hrs dftar tumpang nya dl klo blm didaftarin ktika udh tinggal order malah warning cannot booking more than one at same schedule routepdhl dulu gk kyk ginijd btl pergi,negative
"mohon bantuan perbaikan dalam server karena benar"" tidak sejalan, sudah pesan dengan menunggu waktu open persis tengah malam sudah mau bayar malah sistem dalam aplikasi down parah sehingga tiket hilang, kejadian lagi serupa sudah bayar pakai ovo malah tiket dalam aplikasi tidak terbayar ovo tetap terpotong.",1,mohon bantu baik server benar jalan pesan tunggu waktu open persis tengah malam mau bayar malah sistem aplikasi down parah tiket hilang jadi rupa bayar pakai ovo malah tiket aplikasi bayar ovo tetap potong,negative
"mau bayar tiket yg tertunda pembayarannya aja ribet banget,di cancel mau pesen ulang malah ga bisa🤦‍♂️",4,mau bayar tiket yg tunda bayar aja ribet bangetdi cancel mau sen ulang malah ga bisa,positive
pembayaran pake Qris dana. beli tiket gagal saldo kepotong . Cs kai dan cs commer di hubungi gak bisa . akhirnya lapor dana nunggu 18hr kerja,1,bayar pake qris dana beli tiket gagal saldo potong cs kai cs commer hubung gak akhir lapor dana nunggu hr kerja,negative
"server busuk, masa udah gue bayar tapi tiket nya gak muncul sama sekali, malah di kata error lah, mau dibatalin juga gabisa, tolong perbaiki secepatnya, soalnya sebagai pengguna kai sejati merasa dkrugikan",1,server busuk masa udah gue bayar tiket nya gak muncul sama sekali malah kata error lah mau dibatalin gabisa baik cepat soal guna kai sejati rasa dkrugikan,negative
"DUIT DI AMBIL TIKET GAADA, LAPOR CS SUSAH, GIMANA NIH? MAU TANGGUNGJAWAB KEMANA?",1,duit ambil tiket gaada lapor cs susah gimana nih mau tanggungjawab,negative
"kenapa sudah bayar tapi tiket gak muncul? ini bagaimana ya? mana udah 2kali penipuan kah aplikasi ini.... udah 2kali dana gak balik, kenapa? tolong jelas kan? biar gak ada salah paham ini mana dana gak balik",1,sudah bayar tiket gak muncul bagaimana mana udah kali tipu aplikasi udah kali dana gak balik tolong jelas kan biar gak salah paham mana dana gak balik,negative
saya udh melakukan pembayaran tetapi tiket tidak muncul dalam aplikasi gimana coba ceritanya tolong di perbaiki saya 2x pembayaran tidak muncul tiket,3,udh laku bayar tiket muncul aplikasi gimana coba cerita di baik x bayar muncul tiket,neutral
sistem sedang error mohon diperbaiki. gak bisa book kereta,4,sistem sedang error mohon baik gak book kereta,positive
"apk nya kurang baguss, pas mau payment gabisaa trs pas waktu mau booking ulang jg gabisaa",3,apk nya kurang baguss pas mau payment gabisaa trs pas waktu mau booking ulang jg gabisaa,neutral
"apaan ini KAI awalnya ku kasih bintang 5 sekarang bintang satu mengecewakan, habis update barusan aku pesen tiket di sesi pembayaran tiba² eror keluar ke home sendiri tak cari tiket di menu tiket buat mastiin pembayaran ulang malah tiket nya ga ada, mau pesen ulang tikenya malah ada notif bahwa udah pesen/boking tiket di jam kereta itu hadeh mana lagi ada kerjaan buru² pula,udah ganti ganti identitas buat bisa kebeli tiket tetep sama tiba² eror, chat dan telfon layanan 121 juga ga ada respon",1,apa kai awal ku kasih bintang sekarang bintang satu kecewa habis update barusan aku sen tiket sesi bayar tiba eror keluar home sendiri tak cari tiket menu tiket buat mastiin bayar ulang malah tiket nya ga mau sen ulang tike malah notif udah pesenboking tiket jam kereta hadeh mana kerja buru pulaudah ganti ganti identitas buat kebel tiket tetep sama tiba eror chat telfon layan ga ada respon,negative
terdapat bug yang mengecewakan ketika saya pesan kursi di hari dan jam yg sebelumnya sudah saya booking namun saat pembayaran tidak muncul halaman pembayaran. ketika saya pesan ulang malah tidak bisa dikarenakan sudah booking di hari dan jam yg sama ini bagaimana? masa harus booking di jam berbeda? saya ada perlu sehingga pesan di jam tersebut. sangat mengecewakan,1,dapat bug kecewa pesan kursi hari jam yg belum saya booking saat bayar muncul halaman bayar saya pesan ulang malah bisa karena booking hari jam yg sama bagaimana masa booking jam beda saya ada perlu pesan jam sebut sangat kecewa,negative
"GMNA SIH PEMBAYARAN PKE QRIS AJA GK BISA, PEMBAYARAN GAGAL GK ADA PENGEMBALIAN DANA, DUIT HANGUS GITU AJA. YG BENER DONG KAI KLO BIKIN APK",1,gmna sih bayar pke qris aja gk bayar gagal gk kembali dana duit hangus gitu aja yg bener dong kai klo bikin apk,negative
"habis maintenance malah gajelas semua, pesan tiket error terus, katanya sudah ada tiket dengan tujuan yang sama padal belum beli, sampe tiket habis baru bisa lagi",1,habis maintenance malah gajelas semua pesan tiket error terus kata ada tiket tuju sama padal beli sampe tiket habis baru lagi,negative
aplikasi bumn paling waras tapi sekarang udah tertular. sama-sama bloon,1,aplikasi bumn paling waras sekarang udah tular samasama bloon,negative
"nge bug mulu perasaan, sering banget bikin pusing.",2,nge bug mulu asa sering banget bikin pusing,negative
"GAJELAS SERING ERROR, SERING TIMEOUT, SERING MUNCUL CANNOT BOOKING AT THE SAME TIME, PADAHAL CUMA LIHAT TOK",1,gajelas sering error sering timeout sering muncul cannot booking at the same time padahal cuma lihat tok,negative
kenapa syaa tidak bisa download access kai ini ya apa sebabnya,1,syaa bisa download access kai ya apa sebab,negative
aneh banget pembayaran udah berhasil saldo dah berkurang tapi di apk nya pembayaran gagal. dan gitu cs nya lama bgt tanggapannya ngantri mulu. kecewa banget padahal dah beberapa kali beli disini aman. buat kali ini kecewa,1,aneh banget bayar udah hasil saldo dah kurang di apk nya bayar gagal gitu cs nya lama bgt tanggap ngantri mulu kecewa banget padahal dah beberapa kali beli sini aman buat kali kecewa,negative
"udah payment tiket nya gak di kasih, masih aja harus pembayaran, coba di benerin dong.",3,udah payment tiket nya gak kasih aja bayar coba benerin dong,neutral
"sewaktu saya mau buat akun basic, loadingnya lama banget. Tolong diperbaiki agar lebih cepat",3,waktu mau buat akun basic loadingnya lama banget baik lebih cepat,neutral
"sangat mengecewakan mau boking tidak bisa, notifnya sudah Ada boking, padahal belom pernah Dan gagal terussss, keweca",1,sangat kecewa mau boking bisa notifnya ada boking padahal bom pernah gagal terussss keweca,negative
"suka nyangkut kalo gagal pesen tiket, udah tiket sisa 4 karna war tiket eh gara gara nyangkut malah gabisa pesen",2,suka nyangkut kalo gagal sen tiket udah tiket sisa karna war tiket eh gara gara nyangkut malah gabisa sen,negative
🤙,5,,positive
"Pesan tiket kereta susah banget masa abis terus , padahal udah jauh dari hari keberangkatan",3,pesan tiket kereta susah banget masa abis terus padahal udah jauh hari berangkat,neutral
mudah & jelas,5,mudah jelas,positive
"aplikasi banyak bug, males",1,aplikasi banyak bug males,negative
"lemot, sering lag, bug, perbaikin lagi!",1,lot sering lag bug perbaikin,negative
"Sejak mulai update terbaru, sistem terasa berat dan lebih sering error. Orang membuat penilaian juga hanya formalitas, tidak ada tanggapan nyata.",2,sejak mulai update baru sistem asa berat lebih sering error orang buat nilai hanya formalitas ada tanggap nyata,negative
tlong lah kursi KA Serayu disamakan dengan KA Cikuray.. Kursi serayu 'lutut ketemu lutut' jarak terlalu mepet dan Ac selalu bocor di perjalanan ganti ac central . serayu 60.000 ; cikuray 40.000 tlong fasilitas disamakan.,2,tlong lah kursi ka rayu sama ka cikuray kursi rayu lutut ketemu lutut jarak terlalu mepet ac selalu bocor jalan ganti ac central rayu cikuray tlong fasilitas sama,negative
kenapaa ya apk ny pemeliharaan terus sampe tiket saya hangus,1,kenapaa apk ny pelihara terus sampe tiket hangus,negative
"aplikasi nya gangguan,gimana beli tiket nya 🤔",3,aplikasi nya gangguangimana beli tiket nya,neutral
"26 April 26 benar"" bikin emosi. mulai dr jm 00.01 pesan tiket (lokal) gabbisa bisa..nsampe jm 00.30 tiba tiba kuota sudh penuh tanpa kursi.. aplikasi milik negara Lo ini.. pantesan jalann membludak banyak kndaran pribadi bermunculan. lha pelayanan publik negaranya sak kyk gini. sampe JM 08.01 ini sja Aya Masi blom bisa beli tiket (lokal) astaga tuhan Indonesia ku",1,april benar bikin emosi mulai dr jm pesan tiket lokal gabbisa bisansampe jm tiba tiba kuota sudh penuh kursi aplikasi milik negara lo pantesan jalann membludak banyak kndaran pribadi muncul lha layan publik negara sak kyk gin sampe jm sja aya mas blom beli tiket lokal astaga tuhan indonesia ku,negative
"pemeliharaan ko di jam 7 pagi,gimana yg mau pesen tiket ini aneh",1,pelihara ko jam pagigimana yg mau sen tiket aneh,negative
beberapa kali pembayaran pakai qris selalu gagal padahal saldo sudah terpotong,1,beberapa kali bayar pakai qris selalu gagal padahal saldo potong,negative
"barusan beli kan, nah pembayaran berhasil tapi tiketnya malah GK ada atau error, makin aneh aja",1,barusan beli kan nah bayar hasil tiket malah gk atau error makin aneh aja,negative
"Retina kasih layananya KAi, visa refund cepat via KAi access, semoga kai makin maju",5,retina kasih layananya kai visa refund cepat via kai access moga kai makin maju,positive
aplikasi sampah,1,aplikasi sampah,negative
belum berhasil booking tapi ada notif sudah booking dan tidak bisa beli dengan rute yang sama,1,hasil booking ada notif booking tidak beli rute sama,negative
"kualitas jdi buruk bgt, pesen tiket cuma loading ga jelas akhirnya ga bisa pesen",1,kualitas jdi buruk bgt sen tiket cuma loading ga jelas akhir ga sen,negative
error mulu kerjaan lu,1,error mulu kerja lu,negative
"eror kok sering, bukan diperbaiki malah tambah parah",1,eror kok sering bukan baik malah tambah parah,negative
kenapa selalu eror waktu pemesanan tiket lokal sihhh🙁,1,selalu eror waktu mesan tiket lokal sihhh,negative
"buruk, tidak bisa daftar kodenya gak buruan di kirim👎👎",1,buruk bisa daftar kode gak buru kirim,negative
aplikasi opo iki gk jelas.. dilihat masih tersedia bnyk kursi bgtu boking gk bs.. erorr trussss. gmn negara bs maju aplikasi kyk ngene.intie aplikasi gk guna belas eror trusss,1,aplikasi opo iki gk jelas lihat sedia bnyk kursi bgtu boking gk bs erorr trussss gmn negara bs maju aplikasi kyk ngeneintie aplikasi gk belas eror trusss,negative
setelah update malah lemot,1,update malah lot,negative
"aplikasinya serinng gangguan 2 minggu terakhiri ini, pesan pukul 00.00 WIB langsung tanpa kursi, dan saat pengisian data penumpang dan dilanjutkan tidak bisa diminta batalkan pembelian. setelah selesai batal tetap tidak hilang dan susah pesan lagi. mohon diperbaiki sebelumnya sudah sangat baik padahal.",3,aplikasi serinng ganggu minggu akhir pesan pukul wib langsung kursi saat isi data tumpang lanjut bisa minta batal beli selesai batal tetap hilang susah pesan mohon baik belum sangat baik padahal,neutral
"makin buruk servernya, udah di belain begadang buat beli tiket udah lewat jam 00 malah error, ditunggu sampe jam 5 pagi masih gak bisa. sekalinya bisa sampe mau bayar barcode qrisnya gak muncul terus otomatis ke close masuk tiket saya gak ada opsi buat lanjutin pembayaran, terus gimana mau bayarnya. tolong diperbaiki servernya saya setiap minggu rutin pp luar kota naik kereta.",1,makin buruk servernya udah bain begadang buat beli tiket udah lewat jam malah error tunggu sampe jam pagi gak sekali sampe mau bayar barcode qrisnya gak muncul terus otomatis close masuk tiket gak opsi buat lanjutin bayar terus gimana mau bayar baik servernya tiap minggu rutin pp luar kota naik kereta,negative
"aplikasi nya bagus tapi sering lemot padahal sinyal bagus kadang suka error akhirnya saya tidak bisa memesan tiket lagi, saya punya screenshot nya",1,aplikasi nya bagus sering lot padahal sinyal bagus kadang suka error akhir tidak mes tiket saya punya screenshot nya,negative
bagus n rapih,5,bagus n rapih,positive
"aplikasi rusak, tiap kali mau pesan malah tertera tidak bisa booking diwaktu yang sama. padahal baru buka aplikasinya",1,aplikasi rusak tiap kali mau pesan malah tera bisa booking waktu sama padahal baru buka aplikasi,negative
"jelek bgttt, gampang eror, down, lemot, gajelassss",1,jelek bgttt gampang eror down lot gajelassss,negative
Bagus banget jadi GK ngantri di loket semoga st Brebes Jawa Tengah menjadi st besar tambah kereta nya amin🙏 solnya setip mau berangkat pagi sore MLM siang susah .. solnya GK ada keberatan pagi MLM sore siang? Tolong dong stasiun Brebes tambah kereta lagi KA Majapahit sama ka Brawijaya kA Blambangan ekspres kA Gumarang KA pandalungan KA Argo Anjasmoro KA Argo Merbabu KA Argo Muria KA Sindoro bisa di perpanjang sape Brebes Amin 🙏🙏💪💪💪🥺🥺🥳🥳,5,bagus banget jadi gk ngantri loket moga st brebes jawa tengah jadi st besar tambah kereta nya amin sol setip mau berangkat pagi sore mlm siang susah sol gk berat pagi mlm sore siang dong stasiun brebes tambah kereta ka majapahit sama ka brawijaya ka blambangan ekspres ka gumarang ka pandalungan ka argo anjasmoro ka argo merbabu ka argo muria ka sindoro di panjang sape brebes amin,positive
"lemottttt, menyusahkan mau booking tiket berjam² gagal teruss",1,lemottttt susah mau booking tiket jam gagal teruss,negative
Duhh makin kesini makin banyak buh sama errornya.. Kenapa sih susah banget padahal sering kepake ni kai,2,duhh makin kesini makin banyak buh sama errornya sih susah banget padahal sering kepake ni kai,negative
"mudah digunakan, pada awalnya tapi sudah hampir seminggu aplikasi ini tidak bisa dibuka di HP saya mohon penjelasan nya",5,mudah guna awal sudah hampir minggu aplikasi tidak buka hp mohon jelas nya,positive
aplikasi error terus mau bayar gak bisa,1,aplikasi error terus mau bayar gak,negative
"untuk proses pembayaran yang tiba tiba balik ke beranda/logout, terus tidak bisa melanjutkan pembayaran lagi tolong di perbaiki agar bisa melanjutkan pembayaran pak meskipun ke logout, masih dalam durasi",3,proses bayar tiba tiba balik berandalogout terus bisa lanjut bayar tolong baik bisa lanjut bayar pak meski logout dalam durasi,neutral
dpt susah tiket.sinyal full. aplikasi eror terus. bagain IT KAI perlu belajar app sebelah,1,dpt susah tiketsinyal full aplikasi eror terus bagain it kai perlu ajar app belah,negative
invalid server respon... time out.. cannot boking... SEDANG GANGGUAN LAH... aplikasi buruk.. buat pesan tiket.... bisa masuk tau tau sudah hbis semua.....,1,invalid server respon time out cannot boking sedang ganggu lah aplikasi buruk buat pesan tiket masuk tau tau hbis semua,negative
"server lemot, gk jelas bnget proses pemesanan tiba"" erorr trus mau pesan tiket lagi sudah kosonh",1,server lot gk jelas bnget proses mesan tiba erorr trus mau pesan tiket sudah kosonh,negative
"malah update, jadi ga kompatibel dengan hp saya",1,malah update jadi ga kompatibel hp,negative
"saldo hilang sendiri tanpa sebab. beberapa hari kemudian coba boking lagi, eh pas mau bayar nominal 0 dan coba boking lagi malah muncul error terus",1,saldo hilang sendiri sebab beberapa hari kemudian coba boking eh pas mau bayar nominal coba boking malah muncul error terus,negative
"bagus aplikasinya, hanya saja saya ketika pemesanan tiket udah tinggal payment ke back hal utama trus di cari ke menu payment lagi kode qris gak muncul, sampai waktu payment habis, harusnya kan udah otomatis tercancel tapi nyatanya saya gak bisa pesen lagi karena notifnya gak bisa pemesanan lagi dirute yang sama",4,bagus aplikasi saja ketika mesan tiket udah tinggal payment back utama trus cari menu payment kode qris gak muncul waktu payment habis harus kan udah otomatis tercancel nyata gak sen karena notifnya gak mesan rute sama,positive
"Min.. pelayanan kok makin lama ancur sistem ticketingnya. tiket bisa dipesan 6hr sblmnya tp sdh tungguin selalu stuck mau masuk jadwal tiket. setiap seminggu harus pesanin tiket istri malang surabaya dan srng banget tiba"" dah habis palagi bareng long week end. Ganti aja IT lu kalo gk sanggup atasin server stress kayak gitu, complain dah srng masih aja tetep masalahnya begitu trus",1,min layan kok makin lama ancur sistem ticketingnya tiket pes hr sblmnya tp sdh tungguin selalu stuck mau masuk jadwal tiket minggu pesanin tiket istri malang surabaya srng banget tiba dah habis palagi bareng long week end ganti aja it lu kalo gk sanggup atasin server stress kayak gitu complain dah srng aja tetep masalah trus,negative
lama aksesnya eror terus,3,lama akses eror terus,neutral
"aplikasi lemot, pembayaran via qris kode tidak muncul. bahkan setelah itu memesan rute yang sama tidak bisa. sistem mendeteksi kita telah memesan di rute tersebut. padahal tiket tidak muncul",1,aplikasi lot bayar via qris kode muncul bahkan itu mes rute sama bisa sistem deteksi telah mes rute sebut padahal tiket muncul,negative
Buka aplikasi dari jam 00.00 sampai dengan 02.06 baru bisa masuk dengan tiket keadaan habis. Adapun sisa tiket malam aplikasi no response. sulit banget,1,buka aplikasi jam baru masuk dengan tiket ada habis adapun sisa tiket malam aplikasi no response sulit banget,negative
"kenapa susah banget beli tiket , bukanya gampang malah jadi ribet dikit2 trouble giliran bisa di buka tiket habis , paling kesel klo beli tiket buat acara penting pasti gabisa kebeli , ribet!! buang2 waktu buat istiarahat alhasil ZONK!!",1,susah banget beli tiket buka gampang malah jadi ribet dikit trouble gilir di buka tiket habis paling kesel klo beli tiket buat acara penting gabisa kebel ribet buang waktu buat istiarahat alhasil zonk,negative
sistem sangat lambat dan sering trouble,1,sistem sangat lambat sering trouble,negative
Aplikasi sering error setiap ingin membeli tiket selalu tidak bisa ini adalah versi yg paling buruk karna sekarang susah membeli tiket di kai acces,1,aplikasi sering error ingin beli tiket selalu bisa adalah versi yg paling buruk karna sekarang susah beli tiket kai acces,negative
app mu lemottt kakean pembaruan. . . dan pembayran e bulettt,2,app mu lemottt kakean baru pembayran e bulettt,negative
harus di perbaiki mau pesen tiket ngeleg gak masuk akal tolong KAI,2,di baik mau sen tiket ngeleg gak masuk akal kai,negative
sering eror saat pembelian lokal di hari sbtu/minggu.,1,sering eror beli lokal hari sbtuminggu,negative
"JELEK PARAH!!!!!!! udah standby dari jam 00.00 mau war tiket tpi jadwalnya ga muncul"" smpe close apps berkali"" ttp ga muncul. Muncul sesekali tp error, ga bisa isi data penumpang. giliran tiketnya udah habis, baru muncul semua jadwalnya ga ada error"".",1,jelek parah udah standby jam mau war tiket tpi jadwal ga muncul smpe close apps kali ttp ga muncul muncul sekal tp error ga isi data tumpang gilir tiket udah habis baru muncul semua jadwal ga error,negative
aplikasi gak jelas banyak bug padahal udah nungguin sampai tengah malam malah eror pas di cek lagi tiket udah gak ada,1,aplikasi gak jelas banyak bug padahal udah nungguin tengah malam malah eror pas cek tiket udah gak,negative
jelek sering ngebug benerin lagi dong,1,jelek sering ngebug benerin dong,negative
"sistem selalu down , apk gk jelas. jangan mikirin untung trs tanpa memperhatikan kenyamanan nya.",1,sistem selalu down apk gk jelas jangan mikirin untung trs perhati nyaman nya,negative
"aplikasi sering eror.sering beli tiket lokal pas mau beli di jam 00.00 malam.selalu eror.setingkat perusahaan negara,aplikasinya seperti sampah.gak percaya silahkan coba dan buktikan.coba beli jalur Kertosono ke Surabaya,belinya di jam 00.00malam.atau Surabaya ke kertosono.di jam 00.00,kalau gak bikin emosi saja.halo ini udah tahun berapa,aplikasinya masih kayak jaman purba.lambat ,lelet.eror..buktikan kalau gak percaya",1,aplikasi sering erorsering beli tiket lokal pas mau beli jam malamselalu erorsetingkat usaha negaraaplikasinya sampahgak percaya silah coba buktikancoba beli jalur kertosono surabayabelinya jam malamatau surabaya kertosonodi jam kalau gak bikin emosi sajahalo udah tahun berapaaplikasinya kayak jaman purbalambat leleterorbuktikan kalau gak percaya,negative
"GAJELAS DOWN MULU SERVERNYA, GA BECUS BENERIN SERVER GAUSAH BIKIN APK. ORANG UDH BEGADANG BUAT BELI TIKET MALAH DOWN MULU SERVERNYA, BENERIN TUH MASALAH DOWN SERVER DARI DULU GAADA IMROVISASI SAMA SEKALI.",1,gajelas down mulu servernya ga becus benerin server gausah bikin apk orang udh begadang buat beli tiket malah down mulu servernya benerin tuh masalah down server dulu gaada imrovisasi sama sekali,negative
sangat buruk,1,sangat buruk,negative
"aplikasi sebelumnya sudah bagus bgt, setelah update jadi sering error untuk ekonomi saat war jam 12 malem itu selalu aja aplikasi sedang dalam perbaikan ayoklah kai perbaiki lagi sistemnya tolong",1,aplikasi belum bagus bgt update jadi sering error ekonomi war jam malem selalu aja aplikasi sedang baik ayoklah kai baik sistem,negative
sering error,1,sering error,negative
aplikasi menyusahkan sangat lemot dan tidak ramah,1,aplikasi susah sangat lot tidak ramah,negative
"gak jelas dikit2 ngeleg , mau war tiket jam 00.00 ngeleg , pdhl jaringan stabil , muter2 terus , maintenance setiap hari buat apa kalau selalu ngeleg kaya gini? gaguna bet",2,gak jelas dikit ngeleg mau war tiket jam ngeleg pdhl jaring stabil muter terus maintenance hari buat apa kalau selalu ngeleg kaya gin gaguna bet,negative
"ada pemeliharaan pas di jam orang"" pada war tiket h+6, jdnya server lemot parah, gabisa dipencet apa"". sekalinya bisa dipencet lanjut pembayaran eh ga bisa diapa apain juga cuma bisa nunggu waktu abis, pas ngecek lagi tiket nya udah pada abis. ada fitur email harusnya pemesanan yang harus dilakuin pembayaran di kasih notifikasi ke email, kalo pake qris ya qris nya di kirim di email. paling ngeselin ya itu, pemeliharaan jam jam 00.20.",1,pelihara pas jam orang war tiket h jdnya server lot parah gabisa pencet apa sekali pencet lanjut bayar eh ga apa apain cuma nunggu waktu abis pas ngecek tiket nya udah abis fitur email harus mesan harus dilakuin bayar kasih notifikasi email kalo pake qris qris nya kirim email paling ngeselin itu pelihara jam jam,negative
"sering eror, aneh bngt tiba² habis trs 2 jam kemudian ada lagi",1,sering eror aneh bngt tiba habis trs jam kemudian lagi,negative
sistem parah 1 jam yg sia sia,1,sistem parah jam yg sia sia,negative
"dibelain begadang buat war tiket tp waktu jam 12 malem apk error stuck di isi penumpang, di refresh² gabisa sampe jam set1 malem tiba² jadwal yg mau dibeli udah abis, bener² kudu diperbaiki lagi sistemnya kai plisss biar ga buang² waktu istirahat di tengah malem kaya ginii",1,bain begadang buat war tiket tp waktu jam malem apk error stuck isi tumpang refresh gabisa sampe jam set malem tiba jadwal yg mau beli udah abis bener kudu baik sistem kai plisss biar ga buang waktu istirahat tengah malem kaya ginii,negative
lemot parah kalo chekin lokal,1,lot parah kalo chekin lokal,negative
"apk sampah,dibenerin dulu blok pesen susahnya minta ampun,sistem eror kalo apk banyak yang pake sampah banget wk",1,apk sampahdibenerin dulu blok sen susah minta ampunsistem eror kalo apk banyak pake sampah banget wk,negative
"aplikasi minus banyak bug pesen tiket h-6 malah eror najiss,udah di belain begadang war tiket malah gini kecewa",1,aplikasi minus banyak bug sen tiket h malah eror najissudah bain begadang war tiket malah gin kecewa,negative
"tambah bikin ribet masa iya pesan tiket jam 00.00 yang harusnya udah keluar tiketnya tambah ini aplikasi lemot banget ga keluar"" jadwal pemberangkatannya nanti kalo udah jam 1.00 tiket udah habis semua,, tolong ya ini sistemnya di perbaiki lagi biar masyarakat ga kecewa sama sistem pesan online lewat kai acces",1,tambah bikin ribet masa iya pesan tiket jam harus udah keluar tiket tambah aplikasi lot banget ga keluar jadwal berangkat kalo udah jam tiket udah habis semua ya sistem baik biar masyarakat ga kecewa sama sistem pesan online lewat kai acces,negative
"susah bgt buat pesan saat jam tengah malam, loading nya lama bisa sampai set jam, pesan ataupun membatalkan pesanan tiket sama load nya lama",2,susah bgt buat pesan jam tengah malam loading nya lama sampai set jam pesan atau batal pesan tiket sama load nya lama,negative
SUKA ERROR SENDIRI,1,suka error sendiri,negative
buruk,1,buruk,negative
"ya begitulah aplikasi pemerintah gk ada yang pokro gak jelas, lebih baik d hapus semakin tahun gk semakin bagus semakin jelek",1,begitu aplikasi perintah gk yang pokro gak jelas lebih baik d hapus makin tahun gk makin bagus makin jelek,negative
aplikasi eror gampang lemot,1,aplikasi eror gampang lot,negative
"Tolong server nya ditambahin lagi ya KAI. di jam"" kritis misal barengan tiket mudik, saya beli tiket lokal tapi aplikasi nya error terus. isinya cuma muter"" di aplikasi nya dan muncul kode error tolong ditambahi lagi kekuatan server nya biar bisa di akses se jawa.",1,server nya ditambahin ya kai jam kritis misal bareng tiket mudik beli tiket lokal aplikasi nya error terus isi cuma muter aplikasi nya muncul kode error tambah kuat server nya biar di akses se jawa,negative
busuk banget server tiket KA Lokal pas war tiket jam 12 malem anj,1,busuk banget server tiket ka lokal pas war tiket jam malem anj,negative
"Aplikasi tidak jelas, perlu maintenance lagi.. udah milih kursi mau pembayaran ga bisa.. setiap pemesanan pasti error..",1,aplikasi jelas perlu maintenance udah milih kursi mau bayar ga tiap mesan error,negative
ERROR TERUS TIAP MAU PESEN TIKET ASTAGAAAA,1,error terus tiap mau sen tiket astagaaaa,negative
"Tertulis tersedia, pas diklik gabisa. milih tanggal udah bener, pas masuk gak ada tiketnya alias blank. Nambah saldo kepotong administrasi, ada aja cacatnya. diupdate ga tambah mutakhir malah makin buruk.",2,tulis sedia pas klik gabisa milih tanggal udah bener pas masuk gak tiket alias blank nambah saldo potong administrasi aja cacat diupdate ga tambah mutakhir malah makin buruk,negative
"Mohon server lebih dioptimalkan lagi,agar tidak terjadi error saat pemesanan tiket KA lokal di tengah malam.",2,mohon server lebih optimal lagiagar jadi error mesan tiket ka lokal tengah malam,negative
"makin kesini sistem aplikasi malah makin buruk, suka ngeblank juga",1,makin kesini sistem aplikasi malah makin buruk suka ngeblank,negative
lemot,1,lot,negative
"aplikasi gampang eror, war tiket lokal susah banget",1,aplikasi gampang eror war tiket lokal susah banget,negative
suka lag kalau di buat war tiket,1,suka lag kalau buat war tiket,negative
ok banget,5,banget,positive
"udah login terus, ganti password udah tanya adminnya gagal login terus, masalahnya apa? jawaban dari admin juga nggak guna .. aplikasi dah bagus malah error !",1,udah login terus ganti password udah tanya adminnya gagal login terus masalah apa jawab admin nggak aplikasi dah bagus malah error,negative
sering error,1,sering error,negative
"aplikasinya aneh, pas udah batal booking, trus pesan tiket ulang malah ada notif sudah booking. padahal udah batal dan ngga ada riwayat ada tiket yang belum dipesan. tolong di perbaharui fiturnya biar ngga lelet",1,aplikasi aneh pas udah batal booking trus pesan tiket ulang malah notif booking padahal udah batal ngga riwayat tiket belum pes di baharu fiturnya biar ngga lelet,negative
"jelek, masih sering ngebug",3,jelek sering ngebug,neutral
aplikasi rusak error mulu,1,aplikasi rusak error mulu,negative
sangat membantu,5,sangat bantu,positive
"merasa dirugikan aja udah pendaftaran sampai pembayaran tp tiket ilang GK masuk . udh konfirmasi,tp sama uang GK kembali tiket ilang buat 6 orang pulang-pergi. jujur apk tersampah 👎👎👎",1,rasa rugi aja udah daftar bayar tp tiket ilang gk masuk udh konfirmasitp sama uang gk tiket ilang buat orang pulangpergi jujur apk sampah,negative
baik,5,baik,positive
otp nya loding nya lama,3,otp nya loding nya lama,neutral
aplikasi tolol ngebug trus,1,aplikasi tolol ngebug trus,negative
upgrade ke basic masukin otp loading mulu,1,upgrade basic masukin otp loading mulu,negative
maintenance terus,1,maintenance terus,negative
padahal pakai android 13 tidak kompatibel 👎,1,padahal pakai android kompatibel,negative
"sayang banget ga bisa beli tiket hari itu juga 😥. Aplikasinya perlu perbaikan, banyak bugnya",1,sayang banget ga beli tiket hari juga aplikasi perlu baik banyak bugnya,negative
susah untuk daftar baru,1,susah daftar baru,negative
"tiket jember surabaya 24 april 2026 saya cek jam 3.45 sampai 4.25 gk muncul2 di aplikasinya, error kah?? duh kai tolong lah lebih cepat lg dlm penanganan IT nya krn potensi kehilangan omset",1,tiket jember surabaya april cek jam gk muncul aplikasi error duh kai lah lebih cepat lg dlm tangan it nya krn potensi hilang omset,negative
"Aplikasi ini kurang maksimal meskipun harga selisih lebih mahal dibanding beli langsung di stasiun. sehari sebelum keberangkatan tidak ditampilkan, padahal di situs komersil lain ada. biaya aplikasi & implementasi tidak sesuai",2,aplikasi kurang maksimal meski harga selisih lebih mahal banding beli langsung stasiun hari berangkat tampil padahal situs komersil ada biaya aplikasi implementasi sesuai,negative
nice,5,nice,positive
"banyak bug nya, pemesanan tiket banyak erornya",1,banyak bug nya mesan tiket banyak eror,negative
"baik pelayanan dan ada fasilitas musholla juga tempat wudhu kaki, agar dijaga dan lebih ditingkatkan lagi pelayanannya..",4,baik layan ada fasilitas musholla tempat wudhu kaki jaga lebih tingkat layan,positive
oke,5,oke,positive
"keseringan gangguan, tidak berkualitas",1,sering ganggu kualitas,negative
Sangat berkesan menggunakan aplikasi ini,5,sangat kesan guna aplikasi,positive
lancar dari Jakarta ke Bali aman dan nyaman,4,lancar jakarta bal aman nyaman,positive
Tolong tambahankan pemesanan Porter di pemesanan tiket. kadang kita pesan tiket itu untuk orang tua. jadi bisa sekalian pesan porter untuk bawa barangnya. biar tidak cari² porter lagi. terimakasih,5,tambahankan mesan porter mesan tiket kadang pesan tiket orang tua jadi sekali pesan porter untuk bawa barang biar cari porter terimakasih,positive
aplikasi nya mudah digunakan,5,aplikasi nya mudah guna,positive
tidak bisa upgrade member basic susah sekali tidak bisa parah gimana kai access,1,bisa upgrade member basic susah sekali bisa parah gimana kai access,negative
mantap,5,mantap,positive
"mahal, gak ada subsidi dari cikampek karawang lawak. ditinggal kalah sama pesawat, bis dll",1,mahal gak subsidi cikampek karawang lawak tinggal kalah sama pesawat bis,negative
dapat dimengerti,3,erti,neutral
android 10 tidak kompatibel :(,5,android kompatibel,positive
"mohon maaf saya lagi promil,saya kebetulan tidak dapet tiket dikereta lokal saya numpang ditempat duduk untuk lansia / untuk yg sedang hamil,dan sakit kenapa saya disuruh untuk pindah trs ya ,semoga ada kemajuan untuk kereta lokal ,dan saya baru pertama kali ini diperlakukan seperti ini,untuk kereta lokal commuter line penataran jombang ke surabaya",1,mohon maaf lagi promilsaya betul dapet tiket kereta lokal numpang tempat duduk lansia yg sedang hamildan sakit saya suruh pindah trs moga maju kereta lokal saya baru pertama kali laku iniuntuk kereta lokal commuter line natar jombang surabaya,negative
"gk bisa verifikasi otp pdhl udh bnr, dicoba selama 3 hari pun sama aja hasilnya.",1,gk verifikasi otp pdhl udh bnr coba lama hari sama aja hasil,negative
membantu,5,bantu,positive
"begadang jam 12 bela belain beli tiket aplikasi blank ga bisa beli tiket sampe jam 2, bangun bangun tiket sudah habis h-7",1,begadang jam bela bain beli tiket aplikasi blank ga beli tiket sampe jam bangun bangun tiket habis h,negative
"penampilan aplikasi sudah lebih baik, namun untuk pengecekan tiket hanya bisa 3 kali dan lebih dari itu tidak tampil sama sekali tiket yang dicari walaupun tgl masih available. masih lebih baik aplikasi yang lamanya.",1,tampil aplikasi lebih baik untuk kece tiket bisa kali lebih itu tampil sama sekali tiket cari walaupun tgl available lebih baik aplikasi lama,negative
"aplikasi sampah, susah banget",1,aplikasi sampah susah banget,negative
"kadang jadwal yang dicari ga muncul dan lama banget. padahal tiket rute ini apalagi weekend selalu ramai. tolong diperbaiki. sudah 15 menit dicoba tetap ga keluar jadwalnya, terimakasih.",1,kadang jadwal cari ga muncul lama banget padahal tiket rute apalagi weekend selalu ramai baik menit coba tetap ga keluar jadwal terimakasih,negative
"tiap cek jadwal kereta lokal jam 00.00 pasti blank, nanti di cek jam 00.30 sudah banyak yg habis",1,tiap cek jadwal kereta lokal jam blank di cek jam banyak yg habis,negative
"Sangat bagus, berkembang lebih baik ya",5,sangat bagus kembang lebih baik,positive
"aplikasi sering tidak dapat digunakan, sangat sering maintenance",1,aplikasi sering dapat guna sangat sering maintenance,negative
bagus sangat bermanfaat👍👍,5,bagus sangat manfaat,positive
oke,5,oke,positive
add support android 14 dong,1,add support android dong,negative
mantaappp,5,mantaappp,positive
"lelet aplikasinya, kok tiketnya habis terus kalau mau pesan... tolong diperbaiki.....",3,lelet aplikasi kok tiket habis terus kalau mau pesan baik,neutral
daftar ke akun basic gk bisa anjiirrrr,2,daftar akun basic gk anjiirrrr,negative
bikin aplikasi bukan a makin mudah malah bikin dongkol data bener gak bisa masuk udh di coba 20x tetep aja gak bisa isi data,1,bikin aplikasi bukan a makin mudah malah bikin dongkol data bener gak masuk udh coba x tetep aja gak isi data,negative
"kenapa sih hrs di buat aplikasi,gw jadi ketinggalan kereta sama belinya harus awal ga bisa di akhir niat ga sih bikin aplikasi",1,sih hrs buat aplikasigw jadi tinggal kereta sama beli awal ga di akhir niat ga sih bikin aplikasi,negative
"Tolong untuk asuransi pembatalan tiketnya(qo**a) di tinjau kembali.. Bekerja samalah dengan asuransi yang amanah.. bukan yg ribet, sdh berbulan bulan klaim kita gak beres².. setiap di chat hanya di suruh menunggu. Heran koq bisa PT KAI bekerja sama dgn asuransi abal²..",2,untuk asuransi batal tiketnyaqoa tinjau kerja sama asuransi amanah bukan yg ribet sdh bulan bulan klaim gak beres di chat di suruh tunggu heran koq pt kai kerja sama dgn asuransi abal,negative
siiippppp👍👍👍👍👍👍,5,siiippppp,positive
KRL Tanah Abang ke Bekasi kok gak nyala sih ini AC nya,1,krl tanah abang bekas kok gak nyala sih ac nya,negative
"Gimana si bkin akun basic gagal mulu, udh nyoba pke email dan nomer apapun gagal mulu dah .. payah bngt",1,gimana si bkin akun basic gagal mulu udh nyoba pke email nomer apa gagal mulu dah payah bngt,negative
kurang bagus,1,kurang bagus,negative
"klo uda ada kursi prioritas, ya jangan nyuruh orang yg duduk di tempat biasa berdiri dong, suru lah itu yg nempatin kursi prioritas berdiri (klo orang biasa). kenapa malah nyuruh orang di tempat biasa berdiri, trus fungsi kursi prio buuat apaan ???",1,klo uda kursi prioritas jangan nyuruh orang yg duduk tempat biasa diri dong suru lah yg nempatin kursi prioritas diri klo orang biasa malah nyuruh orang tempat biasa diri trus fungsi kursi prio buuat apa,negative
Tidak bisa Ganti Data Penumpang.,1,bisa ganti data tumpang,negative
"aplikasinya jeleg min masa udah disempatin bangun jm 12 MALAM tapi waktu mau milih no seat mulu dan LOADINGNYA LAMA kan ga make sense min, sering eror di pembayaran juga. Ngga cuma sekali dua kali min udah jadi penyakit tahunan nih kai kl menjelang libur pasti gini, kecewa si aku jadi tidak bisa pulang, tidak bertemu mamaku dirumah",1,aplikasi jeleg min masa udah disempatin bangun jm malam waktu mau milih no seat mulu loadingnya lama kan ga make sense min sering eror bayar ngga cuma sekali kali min udah jadi sakit tahun nih kai kl jelang libur gin kecewa si aku jadi bisa pulang temu mama rumah,negative
"sistem sering error, lebih diperbaiki lagi kedepannya",1,sistem sering error lebih baik depan,negative
ini lama² ga jls ya. masa berkali² pesen tiket ga bisa pdahal tiket masih ada,1,lama ga jls masa kali sen tiket ga pdahal tiket ada,negative
"apa si mesti error ga jelas,, tulisan masih tersedia tapi pas di pencet no seat available",1,apa si mesti error ga jelas tulis sedia pas pencet no seat available,negative
gak bagus,1,gak bagus,negative
"enak buat healing naik kereta api jadi GK ush ribet"" ngantri",5,enak buat healing naik kereta api jadi gk ush ribet ngantri,positive
kenapa setiap top up saldo berkurang ?,3,tiap top up saldo kurang,neutral
menambah pengalaman baru,5,tambah alam baru,positive
handphone apa y yg bisa support?? apa harus keluaran terbaru..masa iya hp keluaran 2023 sudah tdk support dg kai acces..,2,handphone apa y yg support apa keluar terbarumasa iya hp keluar tdk support dg kai acces,negative
mohon jam keberangkatan dan tiba di sesuaikan min,2,mohon jam berangkat tiba sesuai min,negative
aplikasi access by KAI suka eror n tolong d perbaiki sistemnya n kualitas sistemnya,1,aplikasi access by kai suka eror n d baik sistem n kualitas sistem,negative
tolong untuk pembatalan tiket saya kok tidak ada menunya ya?,2,untuk batal tiket kok ada menu,negative
"kebanyakan eror ni apk, benerin dulu deh sistem apk nyaa",1,banyak eror ni apk benerin dulu deh sistem apk nyaa,negative
masih sering terjadi bug di pemesanan kereta antar kota,3,sering jadi bug mesan kereta antar kota,neutral
bagus,5,bagus,positive
better,4,better,positive
bagus .....,5,bagus,positive
"kenapa malah jadi sering gak bisa di buka ya, hadeuuuhhhhh😴",1,malah jadi sering gak di buka hadeuuuhhhhh,negative
aplikasi busuk,1,aplikasi busuk,negative
baik,5,baik,positive
udh topup kartu multi trip. saldo KALpay terpotong tapi saldo kartunya tidak masuk.,1,udh topup kartu multi trip saldo kalpay potong saldo kartu masuk,negative
"informasi seat yang tersedia berubah-ubah setiap detiknya untuk kereta lokal, dan tidak bisa membatalkan secara online, dan juga tidak bisa memesan tiket lain lagi dengan 1 identitas yg sama",1,informasi seat sedia berubahubah detik kereta lokal batal online juga tidak bisa mes tiket lagi identitas yg sama,negative
SARAN SAYA PERBAIKI LAGI!,3,saran baik,neutral
"selalu in time, petugasnya ramah",5,selalu in time tugas ramah,positive
kenapa ribet amat buat daftar aplikasi ini,1,ribet buat daftar aplikasi,negative
Habis update aplikasi jalan ke serkothabis lagi terpaksa ke Rangkas ojek disamai harga tiket kai 100rebu pulang laper,5,habis update aplikasi jalan serkothabis paksa rangkas ojek sama harga tiket kai rebu pulang laper,positive
tidak bisa di buka,1,bisa buka,negative
kebanyakan disuruh update mulu tiap buka😑,2,banyak suruh update mulu tiap buka,negative
"Versi sebelumnya sudah bagus, setelah diupdate malah engga bisa login. Disarankan sm cs bwt hapus cache & data sm aja, disarankan login pake perangkat lain akhirnya bisa masuk. Dicoba login kembali diperangkat awal, sampai skg tetap tidak bisa.",1,versi belum bagus diupdate malah engga login saran sm cs bwt hapus cache data sm aja saran login pake perangkat akhir masuk coba login perangkat awal skg tetap bisa,negative
mengapa access by KAI skg cari kereta dari stasiun gubeng ke stasiun jogyakarta koq tidak bisa aplikasi saya???? apa ada perubahan????,5,access by kai skg cari kereta stasiun gubeng stasiun jogyakarta koq bisa aplikasi apa ubah,positive
baik,4,baik,positive
baik,5,baik,positive
oke oke oke oke pisan,5,oke oke oke oke pis,positive
ok,2,,negative
sangat membantu dan mempermudah dalam perjalanan,4,sangat bantu mudah jalan,positive
ok,5,,positive
apknya ga akurat sering bug ga muncul jadwal keberangkatan keretanya😡😡😡,1,apknya ga akurat sering bug ga muncul jadwal berangkat kereta,negative
mantbbb,5,mantbbb,positive
lebih ditingkatkan lg dgn cepat,5,lebih tingkat lg dgn cepat,positive
mantap,5,mantap,positive
di kode otp suka eror benerin dulu,1,kode otp suka eror benerin dulu,negative
😊,5,,positive
Kai plis.. Saat pengiriman kode otp kenapa bisa 2 jam lebih bahka itu juga masih muter-muter. tolong di perbaiki apa server bermasalah? lag?..🙃,3,kai plis kirim kode otp bisa jam lebih bahka juga mutermuter di baik apa server masalah lag,neutral
suruh update malah HP tidak kompatibel trs ini aplikasi cocoknya di hp apa bos apa hp yg mahal² aja yg bisa mengakses yg bisa booking tiket orang yg punya hp murah ga bisa akses 😡😡😡😡😡,1,suruh update malah hp kompatibel trs aplikasi cocok hp apa bos apa hp yg mahal aja yg akses yg booking tiket orang yg punya hp murah ga akses,negative
aplikasi sampah kalau bayar minta cepet pas refund seminggu masih di potong pula,1,aplikasi sampah kalau bayar minta cepet pas refund minggu di potong,negative
pelayanan yang luar biasa,5,layan luar biasa,positive
tepat waktu dan nyaman,5,tepat waktu nyaman,positive
Bagus,5,bagus,positive
good,5,good,positive
"Tiket close 10 meniit sebelum pemberangkatan. Beli di loket langsung ga dilayani. Kalau mememang mau full sistem online ga usah di close lah. Batalin pesanan di KA Lokal juga ga bisa, Ribet.",1,tiket close meniit berangkat beli loket langsung ga layan kalau memang mau full sistem online ga usah close lah batalin pesan ka lokal ga ribet,negative
aplikasi suka bug,1,aplikasi suka bug,negative
oke mantap,5,oke mantap,positive
"makin sampah aja ni aplikasi, bintang bagus cuman tembakan wkwkwk",1,makin sampah aja ni aplikasi bintang bagus cuman tembak wkwkwk,negative
PT KAI semakin maju,5,pt kai makin maju,positive
aplikasi terpercaya dan paling recommended buat perjalanan menggunakan kereta api,5,aplikasi percaya paling recommended buat jalan guna kereta api,positive
"kembalikan ke lebih awal aja, bagus pas awalan",1,kembali lebih awal aja bagus pas awal,negative
KLO dari aplikasi KAI nya oke bgt sih mempermudah pemesanan.cuma partner asuransi dr MNC ny itu prosesnya lama bgt hampir 1 bulan ajukan klaim 4 klaim yg di ajukan baru dua yg sudah di trnsfer..,4,klo aplikasi kai nya oke bgt sih mudah pemesanancuma partner asuransi dr mnc ny proses lama bgt hampir bulan aju klaim klaim yg aju baru yg di trnsfer,positive
belum pernah naik kereta ini baru mau mencoba nggeh,5,pernah naik kereta baru mau coba nggeh,positive
keluar terus,1,keluar terus,negative
luar biasa.,5,luar biasa,positive
proses agak lambat,4,proses lambat,positive
Alhamdulillah,5,alhamdulillah,positive
banyakin promo min,4,banyakin promo min,positive
sangat membantu,5,sangat bantu,positive
sangat membantu,5,sangat bantu,positive
puas,5,puas,positive
Saya Pengguna Exekutif- Perjalanan Surabaya Jakarta. Pembagian selemit bagus tapi tolong untuk layanan pengambilan selimut minimal d ambil jam 8 pagi karena kita sampai jakarta aja jam 09.20.... masak d ambil jam 06.30 yang bener aja. dalam kereta aja masih DINGIN.. dan orang tidur di bangunkan. Tidak ada ETIKA SAMA SEKALI.,1,guna exekutif jalan surabaya jakarta bagi selemit bagus tolong layan ambil selimut minimal d ambil jam pagi kita jakarta aja jam masak d ambil jam bener aja kereta aja dingin orang tidur bangun ada etika sama sekali,negative
bagus pelayanan nya...refund pembatalan perjalanan jg sangat mudah dan gk ribet,5,bagus layan nyarefund batal jalan jg sangat mudah gk ribet,positive
mudah dan simpel,5,mudah simpel,positive
proses pembayaran mudah,5,proses bayar mudah,positive
gampang caranya,5,gampang cara,positive
keren,5,keren,positive
mudah cepat,5,mudah cepat,positive
sangat membantu dlm pesan tiket,4,sangat bantu dlm pesan tiket,positive
"ngga bisa login,entah pakai paket data maupun wifi padahal buat main game dan lainya lancar, terus kok sulit untuk ngecek tiket",1,ngga loginentah pakai paket data maupun wifi padahal buat main game lai lancar terus kok sulit ngecek tiket,negative
bagus pelayanan pesan tiket mudah,5,bagus layan pesan tiket mudah,positive
harus upgrade hp karna habis update udah tidak kompatibel lagi,1,upgrade hp karna habis update udah kompatibel,negative
pembayaran agak susah,4,bayar susah,positive
sangat buruk,1,sangat buruk,negative
"okay, feedback metode pembayaran ditambahkan dengan aplikasi pembayaran yg lebih banyak pilihan, Apps ini make it simple, tracking and accessible",5,okay feedback metode bayar tambah aplikasi bayar yg lebih banyak pilih apps make it simple tracking and accessible,positive
alhamdulillah tenkyu banyak2,5,alhamdulillah tenkyu banyak,positive
sangat membantu,5,sangat bantu,positive
hp ku kok ga mendukung untuk update,3,hp ku kok ga dukung update,neutral
ok,5,,positive
bagus cepat disconya juga sip,5,bagus cepat disconya sip,positive
"H-7 PILIH TIKET JAM 12 malam, saat pilih tiket opsi ""tersedia"" tapi saat pilih kursi hanya ada opsi ""tanpa tempat duduk"" GAK JELAS",1,h pilih tiket jam malam pilih tiket opsi sedia saat pilih kursi ada opsi tempat duduk gak jelas,negative
baik,5,baik,positive
punya saya kok jadwal tidak tersedia trus ya ini kenapa,4,punya kok jadwal sedia trus ini,positive
"log out dulu, balik login lagi, full kebuka fiturnya",5,log out dulu balik login full buka fiturnya,positive
"bayar pake qris, gagal pula uang dah terpotong, tiket ga dapat aplikasi sialan",1,bayar pake qris gagal uang dah potong tiket ga aplikasi sial,negative
"Mudah, cepat, nyaman",5,mudah cepat nyaman,positive
"halo kak railmin, izin tanya apakah pemesanan tiket maksimal hanya 4 pelanggan dalam 1 akun? kenapa ga bisa diatas 4 pelanggan supaya kami yang suka trip menggunakan kereta api bisa pesan banyak untuk rombongan banyak dalam satu akun🙏🏻",5,halo kak railmin izin tanya mesan tiket maksimal langgan akun ga atas langgan kami suka trip guna kereta api pesan banyak rombong banyak satu akun,positive
perjalan nyaman dan aman hanya kereta api KAI mantap . Joss,5,jalan nyaman aman kereta api kai mantap joss,positive
top feh,5,top feh,positive
layanan bagus,4,layan bagus,positive
sangat membantu,5,sangat bantu,positive
❤️,5,,positive
sangat membantu sekali,5,sangat bantu sekali,positive
kenapa Hp saya gak bisa Download nih...,5,hp gak download nih,positive
"gak pernah dapet tiket kreta nya padahal tujuan lokal,,",1,gak pernah dapet tiket kreta nya padahal tuju lokal,negative
"aplikasi asu ... aplikasi macan apa ini ?! login nggak bisa , padahal no . HP maupun email-nya sudah bener ... ehhh nggak bisa daftar member pula ... ya ampuuuun ... Hhhh one star to apk 👎👎👎",1,aplikasi asu aplikasi macan apa login bisa padahal no hp maupun email bener ehhh bisa daftar member ampuuuun hhhh one star to apk,negative
ok,5,,positive
mudah dan membantu,5,mudah bantu,positive
terus bekerja dengan baik,4,terus kerja baik,positive
layanan yang sangat membatu sekali,5,layan sangat batu sekali,positive
terimakasih sangat membantu,5,terimakasih sangat bantu,positive
bagus,5,bagus,positive
cepat dan mudah,5,cepat mudah,positive
"Beli pulsa di kai access sebanyak 3 x transaksi, transaksi gagal tapi saldo sudah terpotong dan pulsa tidak masuk dan sudah buat laporan pengembalian dana tapi yang dikembalikan hanya 2 transaksi saja. Kasus dari Januari sampe april ini sudah kesana kemari buat laporan yang sisa 1 transaksi juga belum di kembalikan dananya sampe per april saat ini. Bener bener sistem bobrok!!!",1,beli pulsa kai access banyak x transaksi transaksi gagal saldo potong pulsa masuk sudah buat lapor kembali dana kembali transaksi kasus januari sampe april sudah kesana kemari buat lapor yang sisa transaksi belum kembali dana sampe per april ini bener bener sistem bobrok,negative
"LEMOT PARAH. berkali-kali registrasi kenapa failed terus ya. bukan jaringan internet sini (milik saya) saya rasa.daftar aplikasi lain aman2 saja.lancar walhasil booking lewat Traveloka. ada aplikasi kai access saya kira memudahkan,sekedar untuk cek jadwal misal nya . malah tdk bisa masuk kode otp sdh di kirim,sudah di input juga.tp smpe time out masih muter2. berulang kali coba .gak bisa masuk sy registrasi aplikasi lain baik2 sjaa . apa saya yg tidak bisa atau kenapa lemot begini .",1,lot parah berkalikali registrasi failed terus bukan jaring internet sini milik rasadaftar aplikasi aman sajalancar walhasil booking lewat traveloka aplikasi kai access kira memudahkansekedar cek jadwal misal nya malah tdk masuk kode otp sdh kirimsudah input jugatp smpe time out muter ulang kali coba gak masuk sy registrasi aplikasi baik sjaa apa saya yg bisa kenapa lot begini,negative
bagus,5,bagus,positive
sangat dibutuhkan,5,sangat butuh,positive
"Ditingkatkan lagi untuk khusus kursi prioritas seharusnya diharuskan memang benar untuk prioritas jangan dipakai dengan orang orang sehat dan tidak ada sopan santun. sudah tau ada ibu hamil tetapi kakinya dengan enak masih di atas kursi, agar tulisan prioritas itu tidak hanya untuk pajangan saja, lebih baik dikosongkan dan benar untuk prioritas saja.",2,tingkat khusus kursi prioritas harus memang benar prioritas jangan pakai orang orang sehat tidak sopan santun tau ibu hamil kaki enak di atas kursi tulis prioritas tidak untuk pajang lebih baik kosong benar untuk prioritas,negative
hadeeeuuhh... bayarnya berulang2,4,hadeeeuuhh bayar ulang,positive
"hallo PT. KAI access.... aplikasi sudah bagus tapi tolong ya.... kayaknya perlu di hapus deh tiket berdiri.... karena ini saya tidak nyaman ... padahal memang sudah beli tiket 4.... kita cuma ber-3... tujuan kami beli tiket 4 ini buat jaga"" kalau anak saya yg baru 4 tahun tidur... dan bisa tidur lurus/selonjor di salah 1 bangku yg kami pesan... supaya anak bisa tidur dengan nyaman ... dan saya minta bangku yg sudah saya beli ini... malah saya yg disuruh pindah.. tolong demi kenyamanan penumpang",1,hallo pt kai access aplikasi bagus kayak perlu hapus deh tiket diri tidak nyaman padahal memang beli tiket cuma ber tuju beli tiket buat jaga kalau anak yg baru tahun tidur tidur lurusselonjor salah bangku yg pesan anak bisa tidur nyaman minta bangku yg saya beli ini malah saya yg suruh pindah tolong demi nyaman tumpang,negative
"Beware risk apk detected, maksudnya apa yah dari tadi gitu mulu di dalam apk nya",2,beware risk apk detected maksud apa yah tadi gitu mulu dalam apk nya,negative
keren praktis,5,keren praktis,positive
keren ... berubah bagus terus,5,keren ubah bagus terus,positive
KAI solusi bepergian yang nyaman 😊,5,kai solusi pergi nyaman,positive
"pembatalan tiket susah,berkali kali dicoba muncul tulisan ""account owner is not passenger"" lawak emg aplikasi ini,gamau rugi wkwk",1,batal tiket susahberkali kali coba muncul tulis account owner is not passenger lawak emg aplikasi inigamau rugi wkwk,negative
kai mantap,5,kai mantap,positive
"kai access wkt baru daftar lancar badai. kenapa sdh pembaruan aplikasi mau top up aja semua bank , semua kartu ga bisa. ada yg billang system tdk tersedia, ada yg bilang sdg maintenance. mana yg bener coba.",2,kai access wkt baru daftar lancar badai sdh baru aplikasi mau top up aja semua bank semua kartu ga yg billang system tdk sedia ada yg bilang sdg maintenance mana yg bener coba,negative
ruwet pengembalian dana,1,ruwet kembali dana,negative
good,5,good,positive
"tolong ini bug nya diperbaiki deh. saya udh beli tiket, udh bayar juga sampe kepotong beneran, lah waktu di cek lagi kaga ada tiketnya 😂 kebuang duitnya. mana petugas di stasiun ngerendahin bgt dikira saya ngeboong et dah. diperbaiki dah",2,ini bug nya baik deh udh beli tiket udh bayar sampe potong beneran lah waktu cek kaga tiket buang duit mana tugas stasiun ngerendahin bgt kira ngeboong et dah baik dah,negative
sangat membantu,5,sangat bantu,positive
"sangat bermanfaat untuk kalangan kebawah dan mudah untuk akses pesanan. Pemesanan juga tidak sulit untuk di pesan,Area bersih & nyaman untuk manaiki KAI. pokoknya rekomendasi banget naik KAI,di jamin aman dan baik",5,sangat manfaat kalang bawah mudah akses pesan mesan tidak sulit di pesanarea bersih nyaman manaiki kai pokok rekomendasi banget naik kaidi jamin aman baik,positive
tolong tambah fitur top upnya menggunakan dana dan gopay agar lebih mudah lagi,3,tambah fitur top upnya guna dana gopay lebih mudah,neutral
"Dengan ini saya melaporkan buruknya layanan KAI Access. Transaksi telah saya bayar lunas via QRIS, namun sistem KAI gagal menerbitkan e-tiket dan status masih ""Menunggu Pembayaran"". Saya dirugikan karena dana telah berkurang namun hak sebagai konsumen tidak terpenuhi.",1,ini lapor buruk layan kai access transaksi bayar lunas via qris sistem kai gagal terbit etiket status tunggu bayar saya rugi dana kurang hak konsumen penuh,negative
"korup, masa gue tf dari bca ke kai pay 15.000 jadi 12.100",1,korup masa gue tf bca kai pay jadi,negative
aplikasi nya sangat mudah and praktis,5,aplikasi nya sangat mudah and praktis,positive
"apa sekarang udh gx bisa lagi, pesan taxi di KAI access?",5,apa sekarang udh gx lagi pesan taxi kai access,positive
"Sebel dah booking pilih bayar pake Qris. giliran tinggal nampilin barcode g muncul ... mau ganti metode pembayaran g bs, mau psn ulang harus nunggu beberapa menit. kan bikin emosi... ya kalau mmng lg g bs bayar pake qris ya jangan d tampilkan metode pembayaran pake Qris... bikin emosi",3,sebel dah booking pilih bayar pake qris gilir tinggal nampilin barcode g muncul mau ganti metode bayar g bs mau psn ulang nunggu beberapa menit kan bikin emosi kalau mmng lg g bs bayar pake qris jangan d tampil metode bayar pake qris bikin emosi,neutral
"Fitur aneh, pembayaran ada spay tapi eror bolak balik doang gajelas, mending gausah dikasih opsi itu klo gabisa dipake",1,fitur aneh bayar spay eror bolak balik doang gajelas mending gausah kasih opsi klo gabisa dipake,negative
very good,5,very good,positive
jangn update ga bisa login,2,jangn update ga login,negative
"mantaf, sangat terbantu",5,mantaf sangat bantu,positive
"lama² kesal jadi nya,telat beli tiket karna aplikasi nya dikit² ""maaf layanan tidak tersedia karena proses pemeliharaan"" mau sampai kapannn? dikit² gk bisa diakses,dikit² error,jauh² hari beli tiket malah error,nanti pas dekat² hari hari baru bisa kursi udah habis,tolong diperbaiki lagi update an nya!!",1,lama kesal jadi nyatelat beli tiket karna aplikasi nya dikit maaf layan sedia proses pelihara mau kapannn dikit gk diaksesdikit errorjauh hari beli tiket malah errornanti pas dekat hari hari baru kursi udah habistolong baik update an nya,negative
sangat bagus pelayanan KA skrng,5,sangat bagus layan ka skrng,positive
bagus banget jadi mudah beli tiket kapanpun,5,bagus banget jadi mudah beli tiket kapan,positive
🅑🅐🅖🅤🅢,5,,positive
"nyaman naik kereta, jadwal pasti",5,nyaman naik kereta jadwal,positive
kenapa susah d download,5,susah d download,positive
"ini kenapa harga kereta api lokal sama antarkotanya jadi sama? baru buka kai lagi, perasaan dulu ngga gini deh. ngebug kah ini?",2,kenapa harga kereta api lokal sama antarkotanya jadi sama baru buka kai asa dulu ngga gin deh ngebug ini,negative
aplikasi tidak seperti dulu. sekrang sering muncul aplikasi pemberharuan truss jadi ke ganggu mau pesan tikett,1,aplikasi seperti dulu sekrang sering muncul aplikasi haru truss jadi ganggu mau pesan tikett,negative
"Akhir akhir ini sering muncul bug ""sesi habis/ sesi pemesanan kereta telah berakhir"" ketika mau memilih kereta. padahal belum lama buka aplikasi",2,akhir akhir sering muncul bug sesi habis sesi mesan kereta akhir mau pilih kereta padahal lama buka aplikasi,negative
semudah itu untuk pemesanan tiket KAI,5,mudah untuk mesan tiket kai,positive
cepat mudah,5,cepat mudah,positive
kenapa mencetak tiket gk bisa keprosea ada bug app ini di hp samsung,1,cetak tiket gk keprosea bug app di hp samsung,negative
pembayaran tidak ada admin tapi langsung kepotong 2500. ini sangat tidak fair karena penumpang terpaksa harus top up lagi dan terpotong 2500 lagi. kenapa sih gak kayak aplikasi lain yang jelas top up berapa isinya jelas berapa. kalau mau ada admin dari awal biar gak top up berulang seperti ini. bisa gak sih gak dzalim ke rakyat kecil. udah kayak penipuan aja top up 14.000 masuknya cuma 11.500,1,bayar admin langsung potong sangat fair tumpang paksa top up dan potong kenapa sih gak kayak aplikasi yang jelas top up berapa isi jelas berapa kalau mau ada admin awal biar gak top up ulang ini gak sih gak dzalim rakyat kecil udah kayak tipu aja top up masuk cuma,negative
memuaskan,5,muas,positive
bagus,5,bagus,positive
Kenapa selarang gak kompatible lagi dengan OPPO A60?,3,larang gak kompatible dengan oppo a,neutral
luar biasa,5,luar biasa,positive
mantaaff,5,mantaaff,positive
harga kalau lebih murah. mantap .. harga sama dengan swasta bus,3,harga kalau lebih murah mantap harga sama swasta bus,neutral
mantul,5,mantul,positive
pelayanan acceess kai memuaskan.,5,layan acceess kai muas,positive
cuma bisa 6x transaksi dalam 1 hari,2,cuma x transaksi hari,negative
"kai pay ruwet, masa eror gak bisa bayar. jadinya bisa gak dapat tiket",1,kai pay ruwet masa eror gak bayar jadi gak tiket,negative
Bravo jaya3 KAI,5,bravo jaya kai,positive
potongan pengembalian ticket terlalu besar,3,potong kembali ticket terlalu besar,neutral
"Telatnya ga kira2.. sering telat 30 menit sampai 1 jam, panas2 di siang hari, waktu produktif terbuang sia2, Terus negara nekan pajak tinggi gitu ? Negara dgn BUMN spt ini tinggal nunggu hancur..",1,telat ga kira sering telat menit jam panas siang hari waktu produktif buang sia terus negara nekan pajak tinggi gitu negara dgn bumn spt tinggal nunggu hancur,negative
"pelayanan ok, bersih nyaman",5,layan bersih nyaman,positive
susah sekali masuk,2,susah sekali masuk,negative
kai bagus sekali pelayanan ke konsumen,3,kai bagus sekali layan konsumen,neutral
sangat membantu saya,5,sangat bantu,positive
tidak muncul jadwal keberangkatan,1,muncul jadwal berangkat,negative
"jangan keseringan update dong, nyusahin yg storagenya penuh ini duh pusing",2,jangan sering update dong nyusahin yg storagenya penuh duh pusing,negative
"sangat suka aplikasi nya, saya jadi sering pergi"", tiap buka apl nya.. 😍",5,sangat suka aplikasi nya jadi sering pergi tiap buka apl nya,positive
"mau batalin tiket aja ribet nya banget, only bisa ke rekening pengembalian dananya, gak aplikasi pelajar able, susah pokoknya, udah ma ada potongan mau dibatalin tuh, mau di ganti ke tiket lain juga ada potongan, ribet",2,mau batalin tiket aja ribet nya banget only rekening kembali dana gak aplikasi ajar able susah pokok udah ma potong mau dibatalin tuh mau ganti ke tiket juga potong ribet,negative
cepat gampang di akaes,5,cepat gampang akaes,positive
Alhamdulillah puas,5,alhamdulillah puas,positive
"untuk pelayanan booking kursi kereta jarak jauh sangat membantu sekali, Tapi tolong perhatikan rekanan kai pay perlu diperhatikan dan dipertimbangkan kembali. kalau saya lihat rekanan kai pay (kaspro) ratingnya sangatlah rendah. Sebab hal ini juga menjadi penilaian buruk buat app kai sendiri. Buat saya Access by KAI sangat bagus 💯",5,layan booking kursi kereta jarak jauh sangat bantu sekali tolong perhati rekan kai pay perlu perhati timbang kalau lihat rekan kai pay kaspro ratingnya sangat rendah hal juga jadi nilai buruk buat app kai sendiri buat access by kai sangat bagus,positive
tdk bisa pesan online...sdh 2bln ini... knapa??? pdhal tdk ada kata update....,1,tdk pesan onlinesdh bln knapa pdhal tdk kata update,negative
"Mau pesen di apps harus member basic, begitu daftar malah gak bisa, semua cs terlalu lelet untuk hapus akun, call melalui apps terputus mulubegitu udah bisa kereta yang di mau udah ga ada harus beli di jam keberangkatan berikutnya. nyusahin",1,mau sen apps member basic daftar malah gak semua cs terlalu lelet hapus akun call lalu apps putus mulubegitu udah kereta mau udah ga harus beli di jam berangkat ikut nyusahin,negative
mantap,5,mantap,positive
sangat membantu dg adanya aplikasi ACCESS by KAI Terimakasih KAI sukses dan jaya selalu ❤️❤️❤️❤️❤️,5,sangat bantu dg ada aplikasi access by kai terimakasih kai sukses jaya selalu,positive
untuk sementara ini sudah memberikan pelayanan terbaik.,4,sementara sudah beri layan baik,positive
lumayan,4,lumayan,positive
puas,5,puas,positive
Aplikasinya cepet serba digital sekarang makin mudah makasih banyak KAI,5,aplikasi cepet serba digital sekarang makin mudah makasih banyak kai,positive
"Kepada PT KAI. Mohon diperhatikan keluhan pengguna aplikasi access, ternyata banyak yang mengeluhkan di rating. Saran/usul/komplain dari kami pengguna: Jika tidak darurat aplikasi jangan sering di up date/ganti versi! Saya up date aplikasi di hp jutru gagal total. Saya juga sudah mengunjungi Cs Stasiun Bekasi 13/4/26, dilayani dgn sangat baik, namun setelah cukup lama tetap gak bisa menyelesaikan masalah. Mohon maaf (*), ini demi kebaikan semuanya.",1,pt kai mohon perhati keluh guna aplikasi access nyata banyak keluh rating saranusulkomplain kami guna tidak darurat aplikasi jangan sering up dateganti versi up date aplikasi hp jutru gagal total juga unjung cs stasiun bekas layan dgn sangat baik telah cukup lama tetap gak selesai masalah mohon maaf demi baik semua,negative
daftar susah akses sulit,1,daftar susah akses sulit,negative
ok sudah makin maju,5,sudah makin maju,positive
mantap,5,mantap,positive
bagus sekali,5,bagus sekali,positive
KAI top lah,5,kai top lah,positive
keren... bagusssss,5,keren bagusssss,positive
bagus,5,bagus,positive
"Saya kasih bintang 3 dlu, karena apk nya sudah bagus. Akan tetapi ketika saya mau top up melalui BNI Mobile Banking mengapa nomor virtual account nya tidak tersedia ya??? padahal sudah mengikuti panduan nya dan memasukan nomor yang tertera. Tolong dong ini diperbaiki lagi, saya jadi susah buat beli tiket kereta nya. Kalau bisa tambah fitur melalui e-wallet yang lain (yang sering dipakai orang2)",3,kasih bintang dlu apk nya bagus tetapi saya mau top up lalu bni mobile banking nomor virtual account nya sedia padahal ikut pandu nya pasu nomor tera dong baik saya jadi susah buat beli tiket kereta nya kalau tambah fitur lalu ewallet lain sering pakai orang,neutral
"tidak puas, karna keseringan error, beli ke loket juga habis, terkadang harus minta tolong temen, jadi ngerepotin, bisa mah di permudah pembayaran nya lewat dompet digital atau by card reguler kai.. biar nggak war tiket...",1,puas karna sering error beli loket habis terkadang minta temen jadi ngerepotin mah mudah bayar nya lewat dompet digital by card reguler kai biar war tiket,negative
gampang sih pake kai access ya gitu deh kalo pas di stasiunnya malah tiba tiba log out terus gmail pun gak nyambung sama nomer telepon jadi saran kalo udah beli tiket di ss supaya aman tidak ilang tiketnya,4,gampang sih pake kai access gitu deh kalo pas stasiun malah tiba tiba log out terus gmail gak nyambung sama nomer telepon jadi saran kalo udah beli tiket ss aman ilang tiket,positive
"ini aplikasi KAI kenapa Caya cari tiket ke ke Surabaya dari jakarta kok tidak ada satu pun ada, sementara di Traveloka ada tiket kereta, kenapa yahhh aneh sekali",1,aplikasi kai caya cari tiket ke surabaya jakarta kok satu ada di traveloka ada tiket kereta yahhh aneh sekali,negative
dapat menukarkan railpoin,5,tukar railpoin,positive
bagus,5,bagus,positive
app nya okeee 👍,5,app nya okeee,positive
"punya saya tiba tiba keluar ada tulisannya akun di akses di hp lainn,gimana sih minn ga tau lagii udah beli tiket mahal mahall malahh hanguss fak emangg",1,punya tiba tiba keluar tulis akun akses hp lainngimana sih minn ga tau lagi udah beli tiket mahal mahall malahh hanguss fak emangg,negative
oke Baik,5,oke baik,positive
gabisa,1,gabisa,negative
Terbaik 👏🏼,5,baik,positive
aplikasinya jelek ga rekomen banget,1,aplikasi jelek ga rekomen banget,negative
baik,5,baik,positive
"benerin noh sistem pembayarannya muter muter susah anjirr, Ampe satu jam kagak selesai cuma buat hubungkan akun shopeepay, muter muter ga jelas sialan",1,benerin noh sistem bayar muter muter susah anjirr ampe satu jam kagak selesai cuma buat hubung akun shopeepay muter muter ga jelas sial,negative
"saya ngisi saldo kartu MRT di aplikasi kai acces tpi di chek saldo ko belum nmbah ya,pmbyranya pakai shope pay",3,ngisi saldo kartu mrt aplikasi kai acces tpi chek saldo ko nmbah yapmbyranya pakai shope pay,neutral
jadi lebih mudah kemana mana hampir setiap Minggu pakai kai mantap deh pokoknya semoga semakin sukses amanah dan semakin jaya buat masyarakat umum,5,jadi lebih mudah mana hampir minggu pakai kai mantap deh pokok moga makin sukses amanah makin jaya buat masyarakat umum,positive
Good,5,good,positive
sll salam sapa senyum s3,5,sll salam sapa senyum s,positive
nyaman dan bersih,5,nyaman bersih,positive
cukup membantu saya juga,5,cukup bantu juga,positive
"sering ngebug, aplikasi lol",1,sering ngebug aplikasi lol,negative
Baru buka aplikasi lagi sekarang jadi tahu siapa orang yang di sebelah kita,5,baru buka aplikasi sekarang jadi tahu siapa orang di belah,positive
sangat membantu,5,sangat bantu,positive
"sangat cepat, luar biasa",5,sangat cepat luar biasa,positive
tiba tibagak bisa pakai Krn spek hp harus naik jadi repot mau pesen tiket Krn blm bisa beli hp yg bisa apk kai,2,tiba tibagak pakai krn spek hp naik jadi repot mau sen tiket krn blm beli hp yg apk kai,negative
bagus,5,bagus,positive
sangat membantu,5,sangat bantu,positive
sangat bagus,5,sangat bagus,positive
"jelek banget, dikit2 eror dikit2 eror, perbaiki napa sistemnya. Tiap mau booking harus aja tiket tidak tersedia, masa senin sampai minggu penuh terus",1,jelek banget dikit eror dikit eror baik napa sistem tiap mau booking aja tiket sedia masa senin minggu penuh terus,negative
ok sih,5,sih,positive
lebih mudah dan nyaman untuk perjalanan,5,lebih mudah nyaman jalan,positive
Bagus,5,bagus,positive
puas,5,puas,positive
keren,5,keren,positive
refund tiket enak. walau di potong 25%,5,refund tiket enak di potong,positive
tadi nya bisa pakai aplikasi ini setelah di update malah hilang aplikasi nya ..di download ulang di play store malah kagak ada yg muncul malah aplikasi lain...payah dahhh ni app kai access ruwettt,1,tadi nya pakai aplikasi telah update malah hilang aplikasi nya download ulang play store malah kagak yg muncul malah aplikasi lainpayah dahhh ni app kai access ruwettt,negative
👍🏻,5,,positive
baik,5,baik,positive
"syuliiittt banget pake apk iniii , sering banget harus di update , dan pas udh di update harus registrasi ulang , kesell bgt",1,syuliiittt banget pake apk iniii sering banget update pas udh di update registrasi ulang kesell bgt,negative
terimakasih,5,terimakasih,positive
mantab,5,mantab,positive
"Halo kai sediain kereta yang lebih nyaman dong buat rute Kediri-Surabaya. Adain kereta eksekutifnya dong. Kereta commuter line pegel kursinya. Mau yang lebih nyaman soalnya tiap Minggu naik kereta terus. semoga diadakan ya kereta yang lebih nyaman, harga naik ga masalah asal nyaman.",4,halo kai ain kereta lebih nyaman dong buat rute kedirisurabaya adain kereta eksekutif dong kereta commuter line gel kursi mau lebih nyaman soal tiap minggu naik kereta terus moga ada kereta lebih nyaman harga naik ga masalah asal nyaman,positive
assalamualaikum,5,assalamualaikum,positive
bagus,4,bagus,positive
membantu sekali,5,bantu sekali,positive
mantul,5,mantul,positive
apk ini sangat membantu untuk dapat mengetahui rute kereta serta harga kereta antar kota. namun untuk metode pembayaran e-wallet tidak bisa,5,apk sangat bantu dapat tahu rute kereta harga kereta antar kota untuk metode bayar ewallet bisa,positive
"asuransi pembatalan tiket karena alasan apapun yang dijual ketika membeli tiket. proses klaimnya susah utk dibayarkan, sampai sekarang setelah 30 hari kerja menunggu, klaimnya belum dibayar. Mohon dievaluasi kerjasama dengan pihak asuransinya. update: klaimnya per 13 April 2026 sudah cair, dari pengajuan klaim 11 Februari 2026",5,asuransi batal tiket alas apa jual beli tiket proses klaim susah utk bayar sekarang hari kerja tunggu klaim bayar mohon evaluasi kerjasama pihak asuransi update klaim per april cair aju klaim februari,positive
apa susahnya sih nyantumin foto bangku kereta ketika mau pesen online tiket,1,apa susah sih nyantumin foto bangku kereta mau sen online tiket,negative
bagus dan cepat mudah,5,bagus cepat mudah,positive
ok,5,,positive
good job,5,good job,positive
sering bgt perbaikan sampai gak bisa di akses. agak susah kalau mau pesen ngedadak krna suka tb tb error gajelas,4,sering bgt baik gak di akses susah kalau mau sen ngedadak krna suka tb tb error gajelas,positive
bagus👍,5,bagus,positive
sangat membantu,5,sangat bantu,positive
mudah dan menyenangkan,5,mudah senang,positive
"gaenak banget yg sekarang. 1 bulan yg lalu beli tiket, sengaja bgt bangun jam 12 malem buat bisa pilih kursi. udah isi saldo banyak jg. udah pesen tiket udah pilih kursi udah selesai pembayaran. pagi dicek tiket gda sama sekali. padahal saldo udah berkurang. beli lagi udah gaada kursi. tapi langsung muncul pesanan tiket nya. trus gimana ini? tiket ku yg hilang gimana? udah susah² bangun jam 12 biar bisa pilih kursi juga. mana tiket buat4 orang jumlah nominal byk. bukti transaksi berhasil jg ada",1,gaenak banget yg sekarang bulan yg lalu beli tiket sengaja bgt bangun jam malem buat pilih kursi udah isi saldo banyak jg udah sen tiket udah pilih kursi udah selesai bayar pagi cek tiket gda sama sekali padahal saldo udah kurang beli udah gaada kursi langsung muncul pesan tiket nya trus gimana tiket ku yg hilang gimana udah susah bangun jam biar pilih kursi mana tiket buat orang jumlah nominal byk bukti transaksi hasil jg,negative
keren banget dan bagus banget,5,keren banget bagus banget,positive
"Aplikasinya sudah oke dan bagus sangat mudah tapi tolong sistem pemesanan tiket jangan di persulit terutama untuk kereta kelas ekonomi subsidi dari tadi coba cek aplikasi semua tanggal di bulan yang sama semua jadwal tidak ada bahkan coba cek untuk keberangkatan dari stasiun yang lain tapi tujuannya sama coba cek di tanggal yang sama dan berbeda tapi di bulan yang sama justru malah muncul untuk kelas eksekutif, ayolah kai kereta ekonomi subsidi itu jangan di persulit.",2,aplikasi oke bagus sangat mudah tolong sistem mesan tiket jangan sulit utama kereta kelas ekonomi subsidi tadi coba cek aplikasi semua tanggal bulan sama semua jadwal ada bahkan coba cek berangkat stasiun lain tuju sama coba cek tanggal sama beda bulan sama justru malah muncul kelas eksekutif ayo kai kereta ekonomi subsidi jangan di sulit,negative
Untuk Daftar ke basic aja susahnya minta ampun..CS pun juga tidak bisa membantu dengan mudah terkait akun basicnya...kalau g guna hapus aja lah dari playstore...,1,daftar basic aja susah minta ampuncs juga bisa bantu mudah kait akun basicnyakalau g hapus aja lah playstore,negative
Aman.,5,aman,positive
"minta update tp tidak bisa di update,,,, dihapus malah ga bisa install lagi",1,minta update tp update hapus malah ga bisa install,negative
ok,5,,positive
good job,5,good job,positive
bagus,5,bagus,positive
kok tau2 saya gak bs masuk aplikasi nya kan aneh,3,kok tau gak bs masuk aplikasi nya kan aneh,neutral
susah mengubah profil,4,susah ubah profil,positive
"para petugas KAI Stasiun Bandung tolooong sekali, berikan info yang jelas dan detail ke pelanggan ketika kami bertanya, meskipun ada petunjuk tulisan terkadang tetep pusing, apalagi yang tidak ada petunjuk. saya sudah dua kali naik kereta api jarak jauh, hampir ketinggalan, karena info yang diberikan oleh petugas SANGAT2 MINIM. pas nanya ke petugas jawaban seadanya, ya Allah emosi bangetttt saya, saya pelanggan KAI sudah hampir 10 tahun, bener2 dibikin geleng kepala 🤦",2,tugas kai stasiun bandung tolooong sekali ikan info jelas detail langgan kami tanya meski tunjuk tulis terkadang tetep pusing ada tunjuk kali naik kereta api jarak jauh hampir tinggal info yang beri tugas sangat minim pas nanya tugas jawab ada allah emosi bangetttt saya langgan kai sudah hampir tahun bener bikin geleng kepala,negative
"setiap mau boking,,malah gagal... tanggal 31 mau diboking malah gak ada.setiap tanggal akhir selalù gak ada...pas genting malah selalu kehabisan.gimana kalau orang pulang dri luar negeri pas mau pesan àkhir bulan selalu gak ada tiket kèreta nya...",3,mau bokingmalah gagal tanggal mau diboking malah gak adasetiap tanggal akhir selal gak adapas genting malah selalu kehabisangimana kalau orang pulang dri luar negeri pas mau pesan khir bulan selalu gak tiket k reta nya,neutral
cs by call tidak ada yg bisa memberi solusi,1,cs by call ada yg beri solusi,negative
"iklan yang mengganggu, tolong tampilkan saja sisa bangku yang sudah habis, sperti sebelum pembaharuan sebelum nya",1,iklan ganggu tampil sisa bangku sudah habis sperti baharu nya,negative
udah beli. tiba tiba ngbelnk. keluar sendiri. dan gak bisa masuk lagi. kecewa banget,1,udah beli tiba tiba ngbelnk keluar sendiri gak masuk kecewa banget,negative
kereta lokal saya kok gak muncul min?,5,kereta lokal kok gak muncul min,positive
gak bisa ubah jadwal,1,gak ubah jadwal,negative
sangat membantu sekali ..mudah dan praktis,5,sangat bantu sekali mudah praktis,positive
"aplikasi bagus, namun Oppo a31 saya tidak kompatibel lagi. mohon gunakan OS yang ringan biar bisa pakai kembali.",4,aplikasi bagus oppo a tidak kompatibel mohon guna os ringan biar pakai,positive
bagus,5,bagus,positive
Pesan tiket lebih mudah bisa dari mana saja. memberikan kemudahan bagi para pemesan Tiket Kereta. Tanks KAU Access,5,pesan tiket lebih mudah dari mana beri mudah para mes tiket kereta tanks kau access,positive
mantap dan mudah,5,mantap mudah,positive
"saya baru download aplikasi ini tapi kenapa tidak bisa di buat pesan ya sudah saya coba pakai 2 hp juga sama saja tolong solusinya min,, rencana mau pesan tiket untuk Minggu ini",3,baru download aplikasi tapi tidak di buat pesan sudah coba pakai hp sama tolong solusi min rencana mau pesan tiket minggu,neutral
aplikasinya udah bagus cuma minusnya dipembatalannya tidak bisa pakai e wallet dan akhirnya hangus😔,4,aplikasi udah bagus cuma minus batal bisa pakai e wallet akhir hangus,positive
bagus dan mudah,5,bagus mudah,positive
lancar urusan kereta dengan aplikasi ini,5,lancar urus kereta aplikasi,positive
ini kenapa gak support di device saya ya versi android 16,1,kenapa gak support device ya versi android,negative
aplikasinya gajelas!!!!!!!,1,aplikasi gajelas,negative
"aplikasi taekk, banyak bug nya",1,aplikasi taekk banyak bug nya,negative
aplikasi gak pernah improve dari tahun2 sebelumnya. sampah banget. gabisa hire team IT yg mumpuni kah? itu yg komen bintang 5 dah pasti buzzer/org bayaran biar naikin rating. aslinya sampah,1,aplikasi gak pernah improve tahun belum sampah banget gabisa hire team it yg mumpuni itu yg komen bintang dah buzzerorg bayar biar naikin rating asli sampah,negative
minimal benahi lah klo ada komplen dari pengguna aplikasi,2,minimal benah lah klo komplen guna aplikasi,negative
mantab,5,mantab,positive
oke,5,oke,positive
"tiket sudah di batalkan kenapa tidak bisa pesan tiket lagi, sangat buruk",1,tiket di batal tidak pesan tiket sangat buruk,negative
bagus,5,bagus,positive
setelah update jdi ga bisa di pakai,1,update jdi ga di pakai,negative
Bagus,5,bagus,positive
bagus,5,bagus,positive
"BANYAK BUG NYA, MOHON SERING MAINTENANCE",1,banyak bug nya mohon sering maintenance,negative
"suara pengumuman pemberitahuan kedatangan kereta didalam stasiun kutoarjo terlalu ngbass dan hanya 1 sumber suara, sebaiknya diperbanyak speaker dipasang setiap beberapa meter, karena suara manusia bukan musik yg harus besar bassnya. Tiket Go Show berharap bisa dipesan online untuk memudahkan pelanggan memilih jadi tidak perlu tergesa-gesa ke stasiun hanya mengejar jam keberangkatan.",1,suara umum pemberitahuan datang kereta dalam stasiun kutoarjo terlalu ngbass sumber suara baik banyak speaker pasang beberapa meter suara manusia bukan musik yg besar bassnya tiket go show harap pes online mudah langgan pilih jadi perlu tergesagesa stasiun hanya kejar jam berangkat,negative
SANGAT JELEK UPDATENYA. JADI SWRING ERROR KETIKA MELIHAT JADWAL KERETA. HAPUS HAPUS DULU DAN DOWNLOAD LAGI. KEMUNGKINAN KEHILANGAN KESEMPATAN DAPAT KERETA SEMAKIN BESAR.,1,sangat jelek updatenya jadi swring error lihat jadwal kereta hapus hapus dulu download mungkin hilang sempat kereta makin besar,negative
cepat,5,cepat,positive
infonyacpt,5,infonyacpt,positive
"Untuk pembelian tiket onlinen dan cek in sdh baik, namun byk kurang terutama cs. sy psn kereta arah SMG &mndpt info ktrlmbt slm 205 mnt sdg jdwl pesawat tidak bs d undur., sesuai dgn wa bahwa cust bs refund 100% tiket via loket/cs. mslhx sy tgs di Klmtn tdk ad sta krt slm prjln via darat k Smg - Kmtn sy hub CS trsbg nama n no tlp aman blg mo refund CS kna jantung, pingsan, koma dll puluhan kali sy cb. ini bkn uang tp tgg jwb KAI. Cari CS yg ga gmpg kna serangan.",1,beli tiket onlinen cek in sdh baik byk kurang utama cs sy psn kereta arah smg mndpt info ktrlmbt slm mnt sdg jdwl pesawat bs d undur sesuai dgn wa cust bs refund tiket via loketcs mslhx sy tgs klmtn tdk ad sta krt slm prjln via darat k smg kmtn sy hub cs trsbg nama n no tlp aman blg mo refund cs kna jantung pingsan koma puluh kali sy cb bkn uang tp tgg jwb kai cari cs yg ga gmpg kna serang,negative
bagusss 100%100,5,bagusss,positive
"Ayolh KAI ini untuk wilayah sumatera selatan ini tiket ka pnp susah bener dicari, perbanyak lagi ka pnp jangan ka barang aja yang dibanyakin, beda bener dengan dipulau jawa pulau sumatera ini",1,ayolh kai untuk wilayah sumatera selatan tiket ka pnp susah bener cari banyak ka pnp jangan ka barang aja dibanyakin beda bener pulau jawa pulau sumatera,negative
iya bagus lumayan jadi lumayan terbantu lah buat saya dari cianjur mau ke sukabumi jadi agak mengurangi beban lah ya terimakasih buat access by kai,5,iya bagus lumayan jadi lumayan bantu lah buat dari cianjur mau sukabumi jadi kurang beban lah terimakasih buat access by kai,positive
"bagus, bermanfaat",5,bagus manfaat,positive
top markotop,5,top markotop,positive
"Up date ka up date se aplikasi ko ma, anjiang.",1,up date ka up date se aplikasi ko ma anjiang,negative
good,5,good,positive
sayang nya jumlah seat yang tertera tidak sama dengan yang di aplikasi,2,sayang nya jumlah seat tera sama yang aplikasi,negative
"bagus, sangat memudahkan.",5,bagus sangat mudah,positive
bagus,5,bagus,positive
"orang tua saya beli tiket online pakai atas nama ktp saya tidak diperbolehkan masuk, pdhal orang sudah tua juga dan tdak tau pakai online kok malah dipersulit tidak boleh masuk kalau tdak pakai ktp asli. . bumn slalu saja ribet dan tdak membantu",1,orang tua beli tiket online pakai atas nama ktp boleh masuk pdhal orang tua tdak tau pakai online kok malah sulit tidak boleh masuk kalau tdak pakai ktp asli bumn slalu ribet dan tdak bantu,negative
"kenapa gak ada jadwal kereta di semua tanggal, tolong perbaiki aplikasinya dong",1,gak jadwal kereta semua tanggal baik aplikasi dong,negative
"KA bandara express dr Jogja ke bandara atau sebaliknya tidak bisa memilih tempat duduk untuk apa bayar lebih mahal kalau kita tidak bisa milih tempat duduk seperti dulu pakai KA bandara aplikasi, penurunan kualitas menurut saya. selisih 3x harga kereta bandara biasa. ini aplikasinya atau memang rulesnya yg berubah..",1,ka bandara express dr jogja bandara balik pilih tempat duduk apa bayar lebih mahal kalau tidak bisa milih tempat duduk dulu pakai ka bandara aplikasi turun kualitas saya selisih x harga kereta bandara biasa aplikasi memang rulesnya yg ubah,negative
sulit mengganti opsi bayar,1,sulit ganti opsi bayar,negative
mudah dalam pembelian tiket,5,mudah beli tiket,positive
"apk g jelasss , masa yaaa udah di kirim otp email tapi ttp ga bisa.. lodingg muluu .. ujung2 nya balik ke awall ,",1,apk g jelasss masa yaaa udah kirim otp email ttp ga lodingg muluu ujung nya balik awall,negative
knp sih susah bgt cari yg air langga.. jgn semua di berikan ke jalur yg jateng.. kasian yg jatim,1,knp sih susah bgt cari yg air langga jgn semua ikan jalur yg jateng kasi yg jatim,negative
"searching jadwal tanggal 3 may 2026 kaga bisa (login 10 april 2026), tapi di traveloka muncul dengan cepat jadi kaya aplikasi ampas nih kai access",2,searching jadwal tanggal may kaga login april di traveloka muncul cepat jadi kaya aplikasi ampas nih kai access,negative
bagus,4,bagus,positive
jos,5,jos,positive
mantap,5,mantap,positive
sangat puas,3,sangat puas,neutral
INI KOK SUKA NGELAG SIH JADWAL KERETANYA...KADANG MUNCUL KADANG KOSONG SEMUA TANGGAL KAN ANEH MASA SEMUA TANGGAL TIKET SUDAH HABIS SIH,1,kok suka ngelag sih jadwal keretanyakadang muncul kadang kosong semua tanggal kan aneh masa semua tanggal tiket habis sih,negative
kai is the best,5,kai is the best,positive
"Bersih, cepat dan on time selalu 👍",5,bersih cepat on time selalu,positive
sering bug,2,sering bug,negative
baik,4,baik,positive
"Aplikasi busuk!! Sekarang gak bisa beli go-show selalu ada tanda ""sesi anda habis"". Ujungnya ke st.langsung, gak ada perbaikan. Ada promo juga, kalau aplikasinya gak siap/banyak bug/server erorr ya sama saja.",1,aplikasi busuk sekarang gak beli goshow selalu tanda sesi habis ujung stlangsung gak baik promo kalau aplikasi gak siapbanyak bugserver erorr sama,negative
Best of the Best,5,best of the best,positive
pelayanan baik,5,layan baik,positive
"Jelek, sering eror gak jelas. Mau beli tiket udh mau pembayaran malah ke out trus jd nggak bisa payment dan hrs tunggu sampe waktu payment tiket sblmnya habis. Benerin noh aplikasi lu",1,jelek sering eror gak jelas mau beli tiket udh mau bayar malah out trus jd bisa payment hrs tunggu sampe waktu payment tiket sblmnya habis benerin noh aplikasi lu,negative
bis reschedule tiket kereta ga si,4,bis reschedule tiket kereta ga si,positive
"satu2 nya operator transport jalur darat yg cepat dan on time, makin ksini makin keren",5,satu nya operator transport jalur darat yg cepat on time makin ksini makin keren,positive
istimewa,5,istimewa,positive
mantaaap,5,mantaaap,positive
goodd,5,goodd,positive
sangat membantu,5,sangat bantu,positive
"kenapa aplikasi nya sudah tidak bisa d buka,, pdahal udh d update",4,aplikasi nya tidak d buka pdahal udh d update,positive
"aplikasi sampah ngabisin duit pajak, mau upgrade data ga bisa",1,aplikasi sampah ngabisin duit pajak mau upgrade data ga,negative
lbh praktis,5,lbh praktis,positive
fast,5,fast,positive
susah dapet tiket,3,susah dapet tiket,neutral
sangat mudah dan gampang dimengerti,5,sangat mudah gampang erti,positive
lebih efisien buat pesan tiket,5,lebih efisien buat pesan tiket,positive
Lemot Parah...Nungguin kode OTP abisin waktu 1 jam...PARAH!!!...Mending Balikin ke TIKET On The Spot...Beli di Konter KAI saja...BUMN PARAH,1,lot parahnungguin kode otp abisin waktu jamparahmending balikin tiket on the spotbeli konter kai sajabumn parah,negative
kacau aplikasi ini,1,kacau aplikasi,negative
"mudah, praktis dan sangat membantu",5,mudah praktis sangat bantu,positive
buruk,5,buruk,positive
mau tanya kak kenapa ya sehari cuman bisa pesen tiket di kai acces 6x transaksi lebih dari itu tidak bisa . karna sehari saya bisa 6-7 x naik kereta api antar kota sby semarang. semarang ke tegal. tegal ke cirebon . cirebon semarang. semarang balik lagi ke Surabaya.,4,mau tanya kak ya hari cuman sen tiket kai acces x transaksi lebih itu bisa karna hari bisa x naik kereta api antar kota sby semarang semarang tegal tegal cirebon cirebon semarang semarang balik ke surabaya,positive
ok,5,,positive
"menurut saya aplikasi sama web gak singkron, nama stasiun di aplikasi ada di web gak ada, kususnya wilayah sumatra di ribet kan beli tiketnya",1,saya aplikasi sama web gak singkron nama stasiun aplikasi web gak sus wilayah sumatra di ribet kan beli tiket,negative
sangat membantu dalam memebeli tiket kereta... tp kadang di aplikasi habis pas ke stasiun masih ada,5,sangat bantu beli tiket kereta tp kadang aplikasi habis pas stasiun ada,positive
"bagus banget, thanks you kerja sama sangat baik",5,bagus banget thanks you kerja sama sangat baik,positive
mau login susah nunggu satu jam belum dikonfirmasi,1,mau login susah nunggu satu jam konfirmasi,negative
mantap jaya,5,mantap jaya,positive
Ok,5,,positive
"saya suka dan sering naik kereta, tapi tidak untuk aplikasi access by KAI. sering error, bisa top up tapi tidak bisa permbayaran",1,suka sering naik kereta tidak aplikasi access by kai sering error top up tidak permbayaran,negative
mempermudah,5,mudah,positive
tolonglah bpk ibu admin yg saya hormati kenapa susah kali mau update aplikasi ini saya mau pesan lo ya Allah dsuruh update pas mau kita update isi data smua malah ga bisa bisa cmnanya,2,tolong bpk ibu admin yg hormat susah kali mau update aplikasi saya mau pesan lo allah dsuruh update pas mau update isi data smua malah ga bisa cmnanya,negative
oke,5,oke,positive
mantap ada Shopee pay,5,mantap shopee pay,positive
memuaskan,5,muas,positive
"bagus, keren dan cepat",5,bagus keren cepat,positive
Mantap,5,mantap,positive
trimakasih,5,trimakasih,positive
sangat membantu,5,sangat bantu,positive
ok,5,,positive
Good,5,good,positive
"pak mau tanya. klik CS nya KAI access dimana? bingung. sudah tiket belum dibayar, mau menyelesaikan pembayaran klik dimana?",2,pak mau tanya klik cs nya kai access bingung tiket bayar mau selesai bayar klik,negative
"sebenarnya ini saya yang tidak bisa pakai atau sistemnya yang unik, jadi ada beberapa eror tapi sudah teratasi di hp saya.. sejauh ini mudah banget untuk pemesanan tiket dan okeh banget thanks KAI",5,benar tidak pakai sistem unik jadi beberapa eror sudah atas hp saya jauh mudah banget mesan tiket okeh banget thanks kai,positive
okayy,5,okayy,positive
aplikasinya kenapa sama sekali gak bisa dicek jadwal tiketnya. dari awal maret saya download sampai sekarang tetap gak ada jadwal yg muncul. uda coba redownload ulang berkali-kali pun tetap sama.,1,aplikasi sama sekali gak cek jadwal tiket awal maret download sekarang tetap gak jadwal yg muncul uda coba redownload ulang berkalikali tetap sama,negative
"pas mau keberangkatan tiba2 ga bisa dibuka apk ny ,",1,pas mau berangkat tiba ga buka apk ny,negative
"semoga lebih mudah akses & layanannya, banyak promo - lebih nyaman kedepanya.",5,moga lebih mudah akses layan banyak promo lebih nyaman depa,positive
mantap,5,mantap,positive
"dulu bisa,sekarang tidak",1,dulu bisasekarang,negative
👍👍👍👍👍,5,,positive
kenapa ga bisa donlowd ini di hp samsung galaxy a01,1,ga donlowd di hp samsung galaxy a,negative
sangat membantu membeli tiket KA online,5,sangat bantu beli tiket ka online,positive
dear KAI qu mau pesan tiket online per bulan mei kok tidak bisa terus yah bagaimana solusinya.trims,5,dear kai qu mau pesan tiket online per bulan mei kok bisa terus yah bagaimana solusinyatrims,positive
bad banget. cm support android baru. developer macam apa ini android. 10 di skip,1,bad banget cm support android baru developer macam apa android skip,negative
ok banget sangat membantu,5,banget sangat bantu,positive
"Sangat membantu, dan. Sangat mudah tanpa harus datang ke. Stasiun bila mau booking tiket, tapi sayang sekarang booking tiketnya di batasi cuma 4 orang, padahal kalo saya rombongan bookingnya banyak, mohon maaf saya kasih bintang 2 saja, kecewa dengan perubahan, dan semoga jalur banyuwangi ke Bandung segera ada",2,sangat bantu sangat mudah harus datang stasiun bila mau booking tiket sayang sekarang booking tiket batas cuma orang padahal kalo rombong bookingnya banyak mohon maaf kasih bintang kecewa ubah moga jalur banyuwangi bandung segera,negative
good,4,good,positive
"mau pesen tiket kereta tapi ga bisa harus verivikasi lewat Gmail,Gmail udah bener tapi tetep aja ga bisa,tolong perbaiki",3,mau sen tiket kereta ga harus verivikasi lewat gmailgmail udah bener tetep aja ga bisatolong baik,neutral
praktis,5,praktis,positive
bagus,5,bagus,positive
tolol..petugas g komitmen g bisa bantuin batalin tiket padahal da makai ini aplikasi bertahun2 ..bikin rugi aja,5,tololpetugas g komitmen g bantuin batalin tiket padahal da maka aplikasi tahun bikin rugi aja,positive
kuntruksi,5,kuntruksi,positive
membatalkan pesanan mudah banget.. mantap,5,batal pesan mudah banget mantap,positive
seru,4,seru,positive
hadeh mau upgrade aja susah banget dah ampun,3,hadeh mau upgrade aja susah banget dah ampun,neutral
sangat nyaman,5,sangat nyaman,positive
"metode pembayaran tolong diperbanyak, mis: Alfamart/Indomaret biar lebih mudah jangkauan nya",3,metode bayar banyak mis alfamartindomaret biar lebih mudah jangkau nya,neutral
entah aplikasinya lemot mungkin ada bug hicks,1,entah aplikasi lot mungkin bug hicks,negative
bagus,5,bagus,positive
mantap sesuai,5,mantap sesuai,positive
kenapa aplikasinya gak bisa d pake y?saya d padang ingin menggunakan kereta lokal tp gak bisa,1,aplikasi gak d pake ysaya d padang guna kereta lokal tp gak,negative
👍,5,,positive
mantap nih..gercep,5,mantap nihgercep,positive
ada masalah dipembayaran e wallet,1,masalah bayar e wallet,negative
gud,5,gud,positive
excellent,5,excellent,positive
ok,5,,positive
"udah Ndak kompatibel sama ponsel lama, jadi Ndak bisa pakai lagi ni aplikasi",1,udah ndak kompatibel sama ponsel lama jadi ndak pakai ni aplikasi,negative
"baik, Nyaman,",5,baik nyaman,positive
"aplikasi udah di update,gilaran masuk engga bisa",2,aplikasi udah updategilaran masuk engga,negative
"Min tolong dong di upgrade untuk masalah kesalahan pengetikan NIK agar dapat diubah kapanpun atau beberapa jam sebelum keberangkatan,terkadang namanya kita manusia suka salah ketik Terimakasih",4,min dong upgrade masalah salah keti nik dapat ubah kapan beberapa jam keberangkatanterkadang nama manusia suka salah ketik terimakasih,positive
oke,5,oke,positive
sangat baik,3,sangat baik,neutral
pesen tiket kereta JD gampang 👍,5,sen tiket kereta jd gampang,positive
ini kami apaan si ribet bgt gw udah masukin sesuai permintaan tapi malah ga bisa harus member basic dulu pas udah isi ga bisa nyuruh login lewat email padahal udah ttp ajh bgtu gimna si,1,kami apa si ribet bgt gw udah masukin sesuai minta malah ga harus member basic dulu pas udah isi ga nyuruh login lewat email padahal udah ttp ajh bgtu gimna si,negative
Kembalikan saja aplikasi acces KAI ke versi yang sebelumnya. Versi yang baru diupdate ini sepertinya sangat tidak nyaman. Mayoritas testimoni dari pengguna di tahun 2026 rata rata pada kecewa berat. Apakah manajemen KAI bisa memperbaiki ?,1,kembali aplikasi acces kai versi belum versi baru diupdate seperti sangat nyaman mayoritas testimoni guna tahun rata rata kecewa berat manajemen kai baik,negative
Pelayanan BAIK,5,layan baik,positive
kecewa sama info dari stasiun kreta dellay yang harusnya jam bermgkt 20.38 dellay sampe jam 22.00 tapi kreta datang jam 21.35 terlambat 1 menit tiket hangus dan hrus beli lagi..dari sms kai refund 7x24 jam di coba tidak bisa.,1,kecewa sama info stasiun kreta dellay harus jam bermgkt dellay sampe jam kreta datang jam lambat menit tiket hangus hrus beli lagidari sms kai refund x jam coba bisa,negative
"yang bikin aplikasi ini belum kena drone iran ini aplikasi main main. sdah klik stasiun keberangkatan sama stasiun tujuan ,kemudian muncul jadwal kereta tidak tersedia (semua jadwal )",1,bikin aplikasi belum kena drone iran aplikasi main main sdah klik stasiun berangkat sama stasiun tuju kemudian muncul jadwal kereta sedia semua jadwal,negative
pemesanan cepat,5,mesan cepat,positive
lemot bro,1,lot bro,negative
pelayanan bagus,5,layan bagus,positive
polll,4,polll,positive
"bintang satu aja, data foto tidak bisa di suruh ke kantor kai minta tolong di perbaiki lagi",1,bintang satu aja data foto bisa suruh kantor kai minta di baik,negative
Tidak mendapatkan kursi di KA Lokal kelas Ekonomi.,1,dapat kursi ka lokal kelas ekonomi,negative
good,5,good,positive
"banyak bugnya, mau batalin tiket gak bisa pas di pencet, setelah itu tiketnya yang belum ku bayar tiba-tiba hilang sendiri, ku kira ya udh ke batalin gara² tadi di pencet batal gak bisa, dan memutuskan untuk pesan lagi. GAK BISA soalnya udh ke booking???? ku cek bukingannya udh gak adaaaaaa, akhirnya aku telat beli kereta",1,banyak bugnya mau batalin tiket gak pas pencet itu tiket belum ku bayar tibatiba hilang sendiri ku kira udh batalin gara tadi pencet batal gak dan putus pesan gak soal udh booking ku cek bukingannya udh gak adaaaaaa akhir aku telat beli kereta,negative
"kereta delay Mulu, rugi waktu uang semuanya, kompensasi cuma air mineral botol",1,kereta delay mulu rugi waktu uang semua kompensasi cuma air mineral botol,negative
kenapa tdk compatible lg dg perangkat?. posisi android 16,2,tdk compatible lg dg perangkat posisi android,negative
enak.. praktis dan cepat walaupun kadang berperang dg waktu 😃😃😃😃,5,enak praktis cepat walaupun kadang perang dg waktu,positive
gak ribet..mudah,5,gak ribetmudah,positive
aplikasi kemplung kebanyakan error,1,aplikasi kemplung banyak error,negative
mantap,5,mantap,positive
sangat bagus,5,sangat bagus,positive
so far is good,5,so far is good,positive
Bagus,3,bagus,neutral
mudah digunakan,5,mudah guna,positive
kalau bisa diubah jadwal kereta api bandara saya kasi bintang 5,3,kalau ubah jadwal kereta api bandara kasi bintang,neutral
sangat bagus,5,sangat bagus,positive
cukup memuaskan,5,cukup muas,positive
sangat membantu sekali..!,5,sangat bantu sekali,positive
semakin sering tidak tepat waktu.,1,makin sering tepat waktu,negative
"Akhir2 ini mengecewakan.. Beberapa kali terlambat tetapi tidak ada solusi.. Live tracking di aplikasi KAI juga dimatikan.. Padahal kereta lanjutan kami sudah berjarak 2 jam lebih.. Kondektur menjawab tidak bisa membantu.. Bagaimana pelayanannya ini? Mohon dievaluasi kembali.. Kalau begini kami rugi waktu juga rugi materiil.. Solusi seharusnya solutif, tidak memberatkan penumpang.. Sekian dan terima kasih.. Maaf jika kurang berkenan...",2,akhir kecewa beberapa kali lambat solusi live tracking aplikasi kai mati padahal kereta lanjut sudah jarak jam lebih kondektur jawab bisa bantu bagaimana layan mohon evaluasi kalau begini rugi waktu rugi materiil solusi solutif tidak berat tumpang sekian terima kasih maaf kurang kenan,negative
ga bisa login melulu,1,ga login melulu,negative
"Sangat membantu, I love KAI 🫰",5,sangat bantu i love kai,positive
apk paling paling ribett yang pernah ku temui,1,apk paling paling ribett pernah ku temu,negative
sangat membantu,5,sangat bantu,positive
good,5,good,positive
securiti di dalam kereta sangat arogan..,1,securiti dalam kereta sangat arogan,negative
"Mantap betullll,sangat mudah dan transparan",5,mantap betullllsangat mudah transparan,positive
aplikasinya bagus 👍,5,aplikasi bagus,positive
Good,5,good,positive
"ini aplikasi kenapa padahal saya mau mesen tiket buat 2 Minggu depan tapi tiket kereta lagi pada tidak tersedia tulisannya, tapi pas saya cek tiket yang habis malah tidak ada tiket kereta yang habis tolong dibetulkan aplikasinya apakah bug atau bukan ini gimana solusinya",1,aplikasi padahal mau mesen tiket buat minggu depan tiket kereta pada sedia tulis pas cek tiket habis malah ada tiket kereta habis betul aplikasi bug bukan gimana solusi,negative
Aplikasi bug,3,aplikasi bug,neutral
keren,5,keren,positive
apk gak jelas padahal saya melakukan transaksi dari bank saya pas melakukan pembatalan gak bisa gua rugi ni kai gara² ni apk gak jelas udah jelas² bank saya eh pas dilakukan pembatalan malah terdeteksi bukan pengguna pelajaran bagi kai benahi ni apknya gak jelas,1,apk gak jelas padahal laku transaksi bank pas laku batal gak gua rugi ni kai gara ni apk gak jelas udah jelas bank eh pas laku batal malah deteksi bukan guna ajar kai benah ni apknya gak jelas,negative
ok,5,,positive
terpercaya,5,percaya,positive
kenapa sekarang Kai acces susah buat dapet tiket online slalu tidak tersedia??,2,sekarang kai acces susah buat dapet tiket online slalu sedia,negative
aplikasi nya oke tapi refund nya lama,3,aplikasi nya oke refund nya lama,neutral
"Buka railfood tidak tersedia, padahal masih setengah perjalanan. Buka lifetracking juga gitu. Jelek banget apknya sekarang, padahal signal aman. tolong dong segera diperbaiki, jadi susah kalo mau pesen makan. makasih",2,buka railfood sedia padahal tengah jalan buka lifetracking gitu jelek banget apknya sekarang padahal signal aman dong segera baik jadi susah kalo mau sen makan makasih,negative
bagus,5,bagus,positive
"tolong lah kenapa saya ingin Batalkan tiket gak bisa padahal batalkanya masih lama sama jam berangkatnya apasih access ini bukan 1,2 x kek gini kebanyakan update Tah Cemana bagus kek kemaren itu semuanya gampang gak ada kendala",1,lah saya batal tiket gak padahal batalkanya lama sama jam berangkat apasih access bukan x kek gin banyak update tah cemana bagus kek kemaren semua gampang gak kendala,negative
sangat efisien dan mudah untuk pesan ticket kai,5,sangat efisien mudah pesan ticket kai,positive
aneh. GK bisa di acees,1,aneh gk di acees,negative
jika ada castemer beli tiket di lokat mohon kasih ..tidak semua org punya aplikasi ..kadang beli saldo error ..tolong saya ke susahan saya bolak balik rumah sakit cicendo kontrol 🙏🙏 semua umur,5,ada castemer beli tiket lokat mohon kasih semua org punya aplikasi kadang beli saldo error susah saya bolak balik rumah sakit cicendo kontrol semua umur,positive
beli pulsa... pulsanya ga masuk tapi saldo di potong 👍👍,5,beli pulsa pulsa ga masuk saldo potong,positive
layanannya bagus tapi saya ga ngerti kenapa aplikasi sudah tidak tersedia di HP sayaa,2,layan bagus saya ga ngerti aplikasi tidak sedia hp sayaa,negative
ok,5,,positive
baik,5,baik,positive
"syulit diakses , mencoba pesan tiket , tapi tiap hari tidak ada kereta , tampilan seperti 1bulan full booking utk semua jurusan. piye toh...???",4,syulit akses coba pesan tiket tiap hari ada kereta tampil bulan full booking utk semua jurus piye,positive
bagus,5,bagus,positive
kenapa jadwal dari Sidoarjo ke Bojonegoro jadwalnya di ubah lebih pagi,1,jadwal sidoarjo bojonegoro jadwal ubah lebih pagi,negative
goodjob,5,goodjob,positive
pelayanan mudah Joss jiss,5,layan mudah joss jiss,positive
aplikasi yg sangat bagus dan membantu,5,aplikasi yg sangat bagus bantu,positive
ok,5,,positive
Memberikan kemudahan yg sangat baik,5,beri mudah yg sangat baik,positive
"Di ubdate malah Lelet, dan selalu hilang jadwal. orang lagi urgen malah bikin kesel. sebelum di ubdate Sebulan jadwal masih tertera. ini setelah di ubdate. lagi nyari2 kursi dijadwal hari. tiba2 ilang aja semua gk muncul. ubdate yang mengecewakan.",2,ubdate malah lelet selalu hilang jadwal orang urgen malah bikin kesel ubdate bulan jadwal tera telah di ubdate nyari kursi jadwal hari tiba ilang aja semua gk muncul ubdate kecewa,negative
jos,5,jos,positive
"CS ramah , punya masalah call in App tersedia , dengan koneksi internet bebas pulsa , pelayanan cepat , cs sangat mudah di pahami , Greatest services of government industries 😁, Good Job KAI",5,cs ramah punya masalah call in app sedia koneksi internet bebas pulsa layan cepat cs sangat mudah paham greatest services of government industries good job kai,positive
"Overall bagus. Tapi tolong itu bug-nya diperbaiki, masa pas cek tiket ada (tersedia) pas lanjut isi data dll gak mau lanjut ke sesi berikutnya. Terus, untuk KA Kuala Stabas kenapa pemesanan tiketnya harus seminggu sebelum keberangkatan ya? Nggak bisa gitu kayak KA Rajabasa?? Full satu bulan tiketnya di spill dan udah bisa di booking. Terakhir, adain kereta malam dong untuk rute (OKU) Baturaja - Tanjung Karang (Bandar Lampung). Terima kasih.",4,overall bagus tolong bugnya baik masa pas cek tiket sedia pas lanjut isi data gak mau lanjut sesi ikut terus ka kuala stabas mesan tiket minggu berangkat nggak gitu kayak ka rajabasa full satu bulan tiket spill udah di booking akhir adain kereta malam dong rute oku baturaja tanjung karang bandar lampung terima kasih,positive
makasih banyak,5,makasih banyak,positive
sangat di perlukan ga ba di gunakan,1,sangat perlu ga ba guna,negative
"Aplikasinya sudah semakin bagus tapi sepertinya ada yg kurang pada menu batalkan pesanan pada kereta lokal, karena saya tdk bisa membatalkan pesanan kecuali manunggu 5 menit terlebih dahulu baru batal secara otomatis",5,aplikasi makin bagus seperti yg kurang menu batal pesan kereta lokal saya tdk batal pesan manunggu menit lebih baru batal otomatis,positive
ekonomis. praktis. aman .terencan.nyaman,5,ekonomis praktis aman terencannyaman,positive
lemot aplikasi nya,2,lot aplikasi nya,negative
mempermudah beli tiket kereta api,4,mudah beli tiket kereta api,positive
"plis banget aku top up kai pay kepotong jadi ngaruh pembelian tiket pulang, mana biaya adminnya gede pas top up dari beberapa bank, dan pas pembelian tiket krl emang gak bisa cash yahh kalo offline harus pake kartu atau beli pake kai access😓😓👎👎",1,plis banget aku top up kai pay potong jadi ngaruh beli tiket pulang mana biaya adminnya gede pas top up beberapa bank pas beli tiket krl emang gak cash yahh kalo offline pake kartu beli pake kai access,negative
"Tolong tambahkan metode pembayarannya, terutama menggunakan BRI",3,tambah metode bayar utama guna bri,neutral
sangat bagus,5,sangat bagus,positive
cukup bagus dan cepat,5,cukup bagus cepat,positive
baik,4,baik,positive
"sekarang sekarang aplikasi ini sering error tiket kadang tidak muncul sama sekali , tolong perbaiki kembali",2,sekarang sekarang aplikasi sering error tiket kadang muncul sama sekali baik,negative
tidak bisa masuk ke akun tersebut,3,bisa masuk akun sebut,neutral
Bagus sekali Bisa refund 100% Walaupun estimasi sampai malah tidak pas Masih disyukuri Jangan Dengerin orang orang Yang Tidak menyukai aplikasi ini Mereka hanyalah orang aneh Yang Hanya Menurunkan kualitas aplikasi dan membangkrutkan Bisnis Kalian Mereka adalah buzzer buzzer aneh yang belum menyoba nya,5,bagus sekali refund walaupun estimasi malah pas syukur jangan dengerin orang orang tidak suka aplikasi hanya orang aneh hanya turun kualitas aplikasi bangkrut bisnis kalian mereka adalah buzzer buzzer aneh belum soba nya,positive
tiket kereta pagi habis terus... tolong di perbanyak gerbong kereta pagi,5,tiket kereta pagi habis terus di banyak gerbong kereta pagi,positive
mantap,5,mantap,positive
kereen,5,kereen,positive
ngapain ada opsi pembatalan tiket kalo gak bisa dibatalkan via aplikasi,1,ngapain opsi batal tiket kalo gak batal via aplikasi,negative
mau batalin tiket gak bisaa ini gimna,1,mau batalin tiket gak bisaa gimna,negative
alhamdulilah membuat meringankan beban dan tidak takut seperti naik bis,5,alhamdulilah buat ringan beban tidak takut naik bis,positive
bismillah,5,bismillah,positive
"Aplikasi ini sangat Berguna untuk mengetahui Rute LRT DAN KRL, Terima Kasih KAI",5,aplikasi sangat guna tahu rute lrt krl terima kasih kai,positive
mantap,5,mantap,positive
"aplikasi sudah bagus, namun saya ingin menyampaikan saran. tambahkan keterangan untuk nomor bangku tersebut compartement atasnya bisa untuk koper besar atau tidak. karena itu jadi informasi penting terutama bagi pengguna kelas ekonomi. terima kasih",5,aplikasi bagus saya sampai saran tambah terang nomor bangku sebut compartement atas untuk koper besar tidak itu jadi informasi penting utama guna kelas ekonomi terima kasih,positive
"demi allah apk konyol, mau bayar pake qris tapi gasengaja ke-back malah pas liat menu transaksi opsi qrisnya udh gada. JDNYA GABISA BAYAR.",1,allah apk konyol mau bayar pake qris gasengaja keback malah pas liat menu transaksi opsi qrisnya udh gada jdnya gabisa bayar,negative
"kursi tdk tersedia tp masih bs booking tiket, kenapa g di tutup aja kuotanya klo tdk tersedia kursinya",3,kursi tdk sedia tp bs booking tiket g tutup aja kuota klo tdk sedia kursi,neutral
bagus banget,5,bagus banget,positive
"ini serius apkny bobrok ini, kalo ngga bisa bikin ngga ush maksa.",1,serius apkny bobrok kalo ngga bikin ngga ush maksa,negative
mau daftar tapi lemot banget,1,mau daftar lot banget,negative
rusak. kadang error gabisa liat tiket kadang muncul. please lah jadi makin kurang efesien,3,rusak kadang error gabisa liat tiket kadang muncul please lah jadi makin kurang efesien,neutral
good,5,good,positive
cepat,5,cepat,positive
baik,5,baik,positive
mantap,5,mantap,positive
nyaman,5,nyaman,positive
kok sekarang gabisa update lagi,5,kok sekarang gabisa update,positive
SANGAT RUMIT DAN BANYAK PILIHAN YANG NGGAM JELAS,1,sangat rumit banyak pilih nggam jelas,negative
sangat bagus,5,sangat bagus,positive
mantap,5,mantap,positive
oke,5,oke,positive
bisa terapkan tiket hangus jika tidak melakukan check in di hari keberangkatan. dengan kata lain itu menjadi kursi kosong yg bisa ditempati setiap orang. jangan lupa juga harus ada informasi agar penumpang tau. ini saran dari saya sebagai penumpang. terimakasih,5,terap tiket hangus tidak laku check in hari berangkat kata itu jadi kursi kosong yg tempat orang jangan lupa harus informasi tumpang tau saran saya tumpang terimakasih,positive
mantap,1,mantap,negative
sangat sangat membatu,5,sangat sangat batu,positive
kok nggak ada kereta nggk bisa mesen aplikasinya eror atau gimana,1,kok ada kereta nggk mesen aplikasi eror gimana,negative
sangat bagus,5,sangat bagus,positive
"opsi pembayarannya ditingkatin lagi ya, supaya pelanggan lebih mudah pilih mau bayar pakai apa",4,opsi bayar ditingkatin ya langgan lebih mudah pilih mau bayar pakai apa,positive
sangat membantu saat mau traveling/bepergian antar kota👍👍👍,5,sangat bantu mau travelingbepergian antar kota,positive
"Bagaimana bisa memesan kereta BIAS kemarin dan hari ini berbeda cara bayarnya. Aplikasi yg penting , tapi terpaksa karena hanya aplikasi ini yg bisa. 🙂 Saran : - Berikan masyarakat pilihan, tidak hanya dgn e-wallet, tapi pembayaran lewat ATM / mobile banking. Berikan waktu 10 - 15 menit supaya pemesanan yg belum terbayar tidak menumpuk di sistem. - Pembayaran lewat ATM / mobile dilakukan terpisah, jangan terkoneksi langsung lewat app Access KAI demi keamanan customer.",2,bagaimana mes kereta bias kemarin hari beda cara bayar aplikasi yg penting paksa hanya aplikasi yg saran ikan masyarakat pilih hanya dgn ewallet bayar lewat atm mobile banking ikan waktu menit mesan yg bayar tumpuk sistem bayar lewat atm mobile laku pisah jangan koneksi langsung lewat app access kai aman customer,negative
"ALGORITMA YANG ANEH, PADAHAL BELUM MELAKUKAN BOOKING SAMA SEKALI TAPI DIANGGAP SUDAH MELAKUKAN BOOKING 6 KALI ""CANNOT BOOKING MORE THAN 6 BOOKING PER DAY"" SEHINGGA SAYA TIDAK DAPAT MELAKUKAN BOOKING TIKET PADA HARI ITU JUGA, JADINYA HARUS NUNGGU SAMPAI GANTI HARI DULU BARU BISA BOOKING TIKET LAGI, YAA KETINGGALAN KERETA LAH 😌😏",1,algoritma aneh padahal laku booking sama sekali anggap laku booking kali cannot booking more than booking per day saya dapat laku booking tiket hari juga jadi nunggu ganti hari dulu baru booking tiket yaa tinggal kereta lah,negative
Sangat baik pelayanan nya,5,sangat baik layan nya,positive
pelayanan baik,5,layan baik,positive
baik,5,baik,positive
mantap,5,mantap,positive
"nii apk kadang² juga,gua lagi liat liat tiket masa tiba tiba hilang semua jadwalnya di jam 01.00 malam hari,hadhhh kecewa ada permainan dengan calo kali yah",1,nii apk kadang jugagua liat liat tiket masa tiba tiba hilang semua jadwal jam malam harihadhhh kecewa main calo kali yah,negative
bagus banget,5,bagus banget,positive
mantul buingiiiiddddzzzz ngidz ngidz ngidz,5,mantul buingiiiiddddzzzz ngidz ngidz ngidz,positive
Terimakasih banyak,5,terimakasih banyak,positive
sangat membantu konsumen tanpa harus antri diloket.tq KAI,5,sangat bantu konsumen harus antri dilokettq kai,positive
😃👍,5,,positive
"apknya baguss mudah pembayaran, tapi sering bug, tiba tiba jadwal kereta ilang ssmuaaa",1,apknya baguss mudah bayar sering bug tiba tiba jadwal kereta ilang ssmuaaa,negative
"setelah update tiba2 ga bisa di buka lagi, udah unistal malah gak bisa di instal lagi gmn ya?",1,update tiba ga di buka udah unistal malah gak di instal gmn,negative
"maap saya turunin bintangnya tolong diperbaiki lagi masih banyak bug blkgan ini , aplikasi sblmnya padahal fine fine aja",3,maap turunin bintang baik masih banyak bug blkgan aplikasi sblmnya padahal fine fine aja,neutral
mantap,5,mantap,positive
"berguna banget lah,jadi ga ribet",5,guna banget lahjadi ga ribet,positive
keren,5,keren,positive
"masa tiket ga berlaku untuk keluarga sendiri pdhl keluarga sendri nitip pesan kn tiket,pas sampai loket ga di terima krna alasan nama di tiket sm yg dtg beda pdhl yg dtg tersebut blm ad kata ktp mknya titip pesan tiket,terkhusus loket rantau parapat",1,masa tiket ga laku keluarga sendiri pdhl keluarga sendri nitip pesan kn tiketpas loket ga terima krna alas nama tiket sm yg dtg beda pdhl yg dtg sebut blm ad kata ktp mknya titip pesan tiketterkhusus loket rantau parapat,negative
sangat baik,5,sangat baik,positive
"aneh ,anehnya , pesan tiket ke binjai, kuala bingei, kita harus pilih bandara. aneh kan.",1,aneh aneh pesan tiket binjai kuala bingei harus pilih bandara aneh kan,negative
di poco x3 pro aplikasinya kenapa tidak tersedia ya min?,3,poco x pro aplikasi tidak sedia min,neutral
sudah bagus dan mudah aplikasinya,4,bagus mudah aplikasi,positive
pembatalan sangat mudah dan cepat tanpa bertele-tele,5,batal sangat mudah cepat berteletele,positive
sudah ada peningkatan,5,ada tingkat,positive
top,5,top,positive
user friendly,5,user friendly,positive
baik,5,baik,positive
Setelah update malah tidak bisa login ke member basic,5,update malah bisa login member basic,positive
good,5,good,positive
is the best,4,is the best,positive
untuk updatan nya saya kasih bintang dua silahkan cari tau sendiri,2,updatan nya kasih bintang silah cari tau sendiri,negative
"ribet, dikit dikit update",1,ribet dikit dikit update,negative
bagus,5,bagus,positive
ribet tata cara nya,3,ribet tata cara nya,neutral
sangat membantu dan tak perlu ribet antri,5,sangat bantu tak perlu ribet antri,positive
aplikasi tidak bisa digunakan,1,aplikasi bisa guna,negative
Mau bayar malah kaga bisa. gak jelas banget apk,1,mau bayar malah kaga gak jelas banget apk,negative
baik,5,baik,positive
oke,5,oke,positive
ok,5,,positive
"ini aplikasi baru saya instal lagi kok jasi tidak praktis ya ...,lebih sulit sekarang .tolong dikembaikan yang seperti dulu yang lebih mudah",5,aplikasi baru instal kok jas praktis lebih sulit sekarang dikembaikan seperti dulu lebih mudah,positive
sukses selalu,5,sukses selalu,positive
good good good,5,good good good,positive
daftar nya susah pake bngt,1,daftar nya susah pake bngt,negative
"tiket yang diharapkan tidak ada, disemua kategori, di semua jadwal",1,tiket harap ada semua kategori semua jadwal,negative
sangat memudahkan,5,sangat mudah,positive
gila pesen tiket -2 Minggu dari kircok ke Kutoarjo jelas jelas kursi banyak tapi di tolak terus dengan no seat parah sih ini tapi cek di aplikasi sebelah jelas masih ada banyak dan mudah walau ada fee nya perlu perbaikan sih ini sistemnya kebanyakan bug,1,gila sen tiket minggu kircok kutoarjo jelas jelas kursi banyak tolak terus no seat parah sih tapi cek di aplikasi belah jelas ada banyak mudah ada fee nya perlu baik sih sistem banyak bug,negative
ok sip,5,sip,positive
"sistem susah di accesssss,, call canter susah di hubungi, ketersedian 0, pdahal di aplikasi lain masih bisa",1,sistem susah accesssss call canter susah hubung dian pdahal aplikasi masih,negative
kenapa sekarang ga bisa refund/cancel tiket kereta api bandara?,1,sekarang ga refundcancel tiket kereta api bandara,negative
"akun saya kenapa jadi g bisa buat booking kereta,,",2,akun kenapa jadi g buat booking kereta,negative
mantap,5,mantap,positive
top👍,5,top,positive
"banyak bug, malah jadi sering kehabisan tiket, jadinya harus milih yang lebih lama ngerugiin waktu",1,banyak bug malah jadi sering habis tiket jadi milih lebih lama ngerugiin waktu,negative
pesen tiket tanggal 2 bisa²nya yg kebeli tanggal 6,1,sen tiket tanggal bisa nya yg kebel tanggal,negative
"terlalu ribet, gak bisa bayar pake bank selain mandiri",2,terlalu ribet gak bayar pake bank mandiri,negative
cepat terpercaya,5,cepat percaya,positive
Sangat Mudah pesan tiket kereta,5,sangat mudah pesan tiket kereta,positive
aplikasi sangat jelek lagi pemesanan go show tiba-tiba daftar list hilang tolong perbaiki,1,aplikasi sangat jelek mesan go show tibatiba daftar list hilang baik,negative
lemot ribet burik,1,lot ribet burik,negative
keren,5,keren,positive
"ini gmn ya loadingnya lama bgt, udh masukin kode otp muter² terus, gmn mai pesen tiket, hadeuhhh",1,gmn loadingnya lama bgt udh masukin kode otp muter terus gmn mai sen tiket hadeuhhh,negative
"Gak jelas, mesti klau musim lebaran pesan tiket mau pilih kursi sulit sekali.. tiba2 aja penuh.. padahal aslinya ada.. permainan orang dalam.. Aplikasi buat antek2 sama kerabat2 nya.. Sampah..",1,gak jelas mesti klau musim lebaran pesan tiket mau pilih kursi sulit sekali tiba aja penuh padahal asli main orang aplikasi buat antek sama kerabat nya sampah,negative
terbaik,5,baik,positive
bagus,5,bagus,positive
good good.. lebih ditingkatkan lagi aja pelayanan ya agar konsumen kereta api merasa lebih nyaman,4,good good lebih tingkat aja layan agar konsumen kereta api rasa lebih nyaman,positive
bgs apk nya,5,bgs apk nya,positive
mantap,5,mantap,positive
bagus,4,bagus,positive
potongan pengembalian mohon dikurangi,4,potong kembali mohon rang,positive
Keren,5,keren,positive
hellooo....saya gak bisa beli tiket ini. saya pencet berkali2 gak bisa buka,4,hellooosaya gak beli tiket saya pencet kali gak buka,positive
sangat memudahkan kita,5,sangat mudah,positive
"aplikasi andalan jika ingin naik kereta api, fiturnya sangat enak untuk digunakan pemesanan tiket",5,aplikasi andal ingin naik kereta api fiturnya sangat enak guna mesan tiket,positive
memuaskan,5,muas,positive
baik,5,baik,positive
"hampir setiap mau pesan tiket kereta pasti bermasalah ""idnum already exist"" hufftt.. capeee bangetttt",1,hampir mau pesan tiket kereta masalah idnum already exist hufftt capeee bangetttt,negative
bagus layananya,5,bagus layananya,positive
ok,5,,positive
"Cacat, susah banget bayar error terus",1,cacat susah banget bayar error terus,negative
"Untuk kali ini, aplikasinya cukup mengecewakan (dalam dua hari terakhir ini) karena tidak bisa untuk mengecek jadwal kereta dan malahan tertulis ""tidak ada jadwal yang tersedia"". mohon untuk tindak lanjutnya. sehingga memudahkan customer untuk melihat jadwal keberangkatan kereta.",1,kali aplikasi cukup kecewa dua hari akhir karena bisa ecek jadwal kereta malah tulis ada jadwal sedia mohon tindak lanjut mudah customer lihat jadwal berangkat kereta,negative
sangat membantu dan mempermudah buat mencari jadwal dan pemesanan tiket via online,5,sangat bantu mudah buat cari jadwal mesan tiket via online,positive
top markotop,5,top markotop,positive
ini apa lagi maintenance ya kok gak bisa mau pesan tiket kereta api,1,apa maintenance kok gak mau pesan tiket kereta api,negative
ok,5,,positive
"sangat membantu, memudahkan kita mencari tiket KA yang kita inginkan sesuai budget",5,sangat bantu mudah cari tiket ka kita ingin sesuai budget,positive
semoga semakin baik pelayanan nya,5,moga makin baik layan nya,positive
kerja bagus,5,kerja bagus,positive
kadang tiket kosong susah buat dadakan,4,kadang tiket kosong susah buat dada,positive
boking nya cuma bisa 4 penumpang terus gak bisa pesan ulang bukannya mempermudah pengguna malah mempersulit tolong di tinjau lagi lah,1,boking nya cuma tumpang terus gak pesan ulang bukan mudah guna malah sulit di tinjau lah,negative
bagus,5,bagus,positive
halo ini gimana Kai katanya suruh upgrade ke member basic udah ngisi data bolak balik tetep aja ngga bisa.. kasih solusi nya Gimna saya udah sampe bolak balik ganti akun tetep aja tidak bisa,3,halo gimana kai kata suruh upgrade member basic udah ngisi data bolak balik tetep aja ngga kasih solusi nya gimna udah sampe bolak balik ganti akun tetep aja bisa,neutral
ok,5,,positive
sangat memudahkan dlm pemesanan,5,sangat mudah dlm mesan,positive
keberangkatan di batalkan oleh pihak kai,1,berangkat batal pihak kai,negative
susah pesen tiket skrng mah,1,susah sen tiket skrng mah,negative
cepat dan mantap,5,cepat mantap,positive
bikin mudah lihat jadwal kai,5,bikin mudah lihat jadwal kai,positive
puas sekali,5,puas sekali,positive
sangat memudahkan dalam pemesanan tiket kereta api 👍,5,sangat mudah mesan tiket kereta api,positive
bagus koneksi nya,5,bagus koneksi nya,positive
"sumpah ini aplikasi membantu sekali, bisa beli tiket online, kerata apapun dari mulai kereta jarak jauh, krl, ka bandara, keretacepat bisa dengan mudah, metode pembayaran cukup lengkap juga😁👍",5,sumpah aplikasi bantu sekali beli tiket online rata apa mulai kereta jarak jauh krl ka bandara keretacepat dengan mudah metode bayar cukup lengkap juga,positive
pelayanan bagus,4,layan bagus,positive
oke,5,oke,positive
Nice,5,nice,positive
Gak kompatible hp Huawei,1,gak kompatible hp huawei,negative
garcep,5,garcep,positive
Nggak bisa masuk lagi sekarang udah lancar,5,bisa masuk sekarang udah lancar,positive
"banyak error setelah update, jadwal susah muncul. tolong diperbaiki",1,banyak error update jadwal susah muncul baik,negative
oke banget,5,oke banget,positive
oke,1,oke,negative
JOS,5,jos,positive
ngelag woyy,1,ngelag woyy,negative
bgud,5,bgud,positive
"pilihan pembayaran sedikit, serta aplikasi lemot",3,pilih bayar sedikit aplikasi lot,neutral
Sekarang aplikasi lambat banget mau pesan buat bulan mei error trs,1,sekarang aplikasi lambat banget mau pesan buat bulan mei error trs,negative
kenapaa aplikasinya udah gk kompatibel lagii????😭😭😭😭,4,kenapaa aplikasi udah gk kompatibel lagi,positive
oke,5,oke,positive
good,5,good,positive
gak support,1,gak support,negative
kenapa gak bisa di gunakan aplikasinya,1,gak di guna aplikasi,negative
mudah dan cepat,5,mudah cepat,positive
aplikasinya cacad semenjak di update banyak bugnya 👎👎,1,aplikasi cacad semenjak update banyak bugnya,negative
Bagusan versi lama bisa atur2 jadwal sesuai keperluan. Misal kehabisan tiket kereta ke kota tujuan. Masih bisa lihat jadwal kereta laine untuk menyesuaikan kereta yang tersedia walopun pindah2 kereta (beli tiket lebih dari 1 kereta) Versi lama walopun tiket habis jadwal kereta masih mincul.,1,bagus versi lama atur jadwal sesuai perlu misal habis tiket kereta kota tuju bisa lihat jadwal kereta laine sesuai kereta sedia walopun pindah kereta beli tiket lebih kereta versi lama walopun tiket habis jadwal kereta mincul,negative
ok,5,,positive
memudahkan,5,mudah,positive
cukup,5,cukup,positive
"Aneh nih apk habis update, tiket yang murah malah gada, sisa yg ratusan ribu. liat di HP laen yg blom update masih banyak tiket yg murah. Tau gitu gua ga update.",1,aneh nih apk habis update tiket murah malah gada sisa yg ratus ribu liat hp laen yg blom update banyak tiket yg murah tau gitu gua ga update,negative
Tidak bisa melengkapi data diri jadi member basic ...(daftar akun basic) kenapa?,1,bisa lengkap data diri jadi member basic daftar akun basic,negative
Oi kai ini gimana dah kadang ada jadwal kadang gak ada,1,oi kai gimana dah kadang jadwal kadang gak,negative
aplikasi sangat membantu,5,aplikasi sangat bantu,positive
"aplikasi ndak guna. masa blom beli tiket sama sekali, dah dianggap beli tiket berkali2. yg bener aja aplikasinya. kl blom bisa buat aplikasi yg bener, jangan sok2an deh. bikin susah orang",1,aplikasi ndak masa blom beli tiket sama sekali dah anggap beli tiket kali yg bener aja aplikasi kl blom buat aplikasi yg bener jangan sok deh bikin susah orang,negative
sangat membantu,4,sangat bantu,positive
error mulu,1,error mulu,negative
"tidak bisa menggunakan shopeepay, menambah kartu debit/kredit juga tidak bisa",1,guna shopeepay tambah kartu debitkredit tidak bisa,negative
layanan baik,5,layan baik,positive
very great,5,very great,positive
"kenapa yaa sekarang aplikasi nya sering gak muncul tiket nya, padahal di travol___ masih tersedia, tolong dong min di perbaiki.",5,yaa sekarang aplikasi nya sering gak muncul tiket nya padahal travol sedia dong min baik,positive
"setiap top up ke apk kai selalu hilang 2k, mana ga ada penjelasan transaksi kemana 2k itu hilang... jd dah berapa kali ngisi dah ga tau lah brp x 2k ku dh lenyap",1,top up apk kai selalu hilang k mana ga jelas transaksi k hilang jd dah berapa kali ngisi dah ga tau lah brp x k ku dh lenyap,negative
bagus mempermudah,5,bagus mudah,positive
sangat membantu 👍,5,sangat bantu,positive
"dulu tiket cancelan slalu muncul ilang,,jadi ada ksmpatn buat boking,,yg terbaru susah munculnya,,di arahinya jam lain,,trus kalo boking H-1 susah,,aplikasi yg lama 4 jam sblm kbrangkatan masih bisa boking online.skrng gak bisa..payah jelek",1,dulu tiket cancelan slalu muncul ilangjadi ksmpatn buat bokingyg baru susah munculnyadi arah jam laintrus kalo boking h susahaplikasi yg lama jam sblm kbrangkatan bisa boking onlineskrng gak bisapayah jelek,negative
bagus aplikasinya,5,bagus aplikasi,positive
kai sekarang sering delay,1,kai sekarang sering delay,negative
mantap dan mudah,5,mantap mudah,positive
"satu"" ya andalan saya KAI ACCESS sekarang ko nyari tiket jadi susah bug atau gimana? saya cari tiket pwk-pwt awalnya ada jadwal trus pas di coba lagi malah gak ada jadwal !!! aneh :(",1,satu andal kai access sekarang ko nyari tiket jadi susah bug gimana cari tiket pwkpwt awal jadwal trus pas coba malah gak jadwal aneh,negative
bagus pelayanannya,5,bagus layan,positive
Praktis Cepat Mantap,5,praktis cepat mantap,positive
min app kai access lgi eror y ko gak ada jadwal keberangkatan maupun arah balik kereta Serayu,5,min app kai access lgi eror y ko gak jadwal berangkat maupun arah balik kereta rayu,positive
hp lama tidak bisa instal. gimana mau beli tiket,1,hp lama bisa instal gimana mau beli tiket,negative
apk gak guna gak bisa di gunakan,1,apk gak gak di guna,negative
Mudah dan simple,4,mudah simple,positive
lancar acsess by kai,5,lancar acsess by kai,positive
"memudahkan untuk membeli tiket, tak perlu mengantri di loket, tingkatkan terus aplikasinya, kadang ada bug di live treking KAI",5,mudah beli tiket tak perlu antri loket tingkat terus aplikasi kadang bug live treking kai,positive
top,5,top,positive
puas,4,puas,positive
udh d perbarui. tp jadwal sering gak ada terus.. sama sering logout..,3,udh d baru tp jadwal sering gak terus sama sering logout,neutral
👍🏻👍🏻👍🏻👍🏻👍🏻👍🏻,5,,positive
sering eror geretan akuuu,2,sering eror geret akuuu,negative
sangat bagus,5,sangat bagus,positive
ok,5,,positive
Masa ga bisa di download. aneh banget,1,masa ga di download aneh banget,negative
"pokoknya JANGAN pernah Beli Taxi Dalam 1 pemesanan Kereta. RUGIII PARAH, kereta terlambat pun, kita yg nanggung kalo bluebird nya merasa sudah menunggu dan melaporkan sebagai kesalahan kita (padahal keretanya yg telat.. JANGAN POKOKNYA JANGAN",4,pokok jangan pernah beli taxi mesan kereta rugiii parah kereta lambat yg nanggung kalo bluebird nya rasa tunggu lapor salah kita padahal kereta yg telat jangan pokok jangan,positive
"bnyak bug nya, perbaikin woi",1,bnyak bug nya perbaikin woi,negative
Aplikasi cepat untuk perjalanan anda,5,aplikasi cepat jalan,positive
ok,5,,positive
"parah banget udah download tetep ga bisa , lemott banget . padahal kuota banyak parahhhhhh",1,parah banget udah download tetep ga lemott banget padahal kuota banyak parahhhhhh,negative
jauh dari harapan😂🤣,1,jauh harap,negative
ok,5,,positive
"min boking di tanggal 30-31 Maret 2026 kaga ada min, harus nunggu hari H gitu..?",5,min boking tanggal maret kaga min nunggu hari h gitu,positive
makin di update makin aneh. kagak jelas. di apk sebelh masih banyak kursi kosong. pas cek d apliksi resminya malahan penuh. gaje bangett. bagusan sebelum di update..lebih simple tapi nyaman di pakai.,1,makin update makin aneh kagak jelas apk sebelh banyak kursi kosong pas cek d apliksi resmi malah penuh gaje bangett bagus updatelebih simple nyaman di pakai,negative
oke,5,oke,positive
aplikasi sering ngebug pada saat mencari jadwal kereta,1,aplikasi sering ngebug saat cari jadwal kereta,negative
Tidak akurat di online tiket habis di area ternyata masih bisa,3,akurat online tiket habis area nyata bisa,neutral
PELAYANAN SANGAT RAMAH.. TERIMAKASIH KAI 😊😊 SEDIKIT LAGI TAMBAHAN.. SEMOGA KEDEPANNYA BISA PEMBAYARAN PAKAI EWALET DANA YA BIAR LEBIH ENAK😊,5,layan sangat ramah terimakasih kai sedikit tambah moga depan bayar pakai ewalet dana biar lebih enak,positive
semogaa pelayanan nya makin baik,5,semogaa layan nya makin baik,positive
joz,5,joz,positive
"Memudahkan pemesanan tiket dan informasi, tolong jadwal krl dari solo balapan ke yogyakarta 06.18 diupdate 06.16 karena di layar tap kartu krl menit ke 16, sedangkan di apk menit ke 18. Terima kasih 🙏🏽",5,mudah mesan tiket informasi jadwal krl solo balap yogyakarta diupdate di layar tap kartu krl menit di apk menit terima kasih,positive
KAI semakin terdepan,5,kai makin depan,positive
Cepat,5,cepat,positive
memudahkan,5,mudah,positive
ini aplikasi tambah parah aja bukan nya tambah membaik,1,aplikasi tambah parah aja bukan nya tambah baik,negative
Bravo KAI,5,bravo kai,positive
Aplikasi busuk,1,aplikasi busuk,negative
"overall oke, tapi tolong min untuk penumpang upsize (kelewat gendut) diwajibkan beli tiket dua seat. kemarin saya naik eksekutif sebelahan sama penumpang upsize sampai makan 1/2 seat saya, pengalaman tiket 800kan yang kurang menyenangkan.",3,overall oke tolong min tumpang upsize lewat gendut wajib beli tiket seat kemarin naik eksekutif belah sama tumpang upsize makan seat alam tiket kan kurang senang,neutral
"susah masuk akun lama masu otpnya, mau pakek lupa sandi juga ga bisa. gimana caranya niar bisa",1,susah masuk akun lama masu otpnya mau pakek lupa sandi ga gimana cara niar,negative
"kenapa tiba² tidak kompatibel dengan perangkat sayaa???, aduh kek mana ini",1,tiba kompatibel perangkat sayaa aduh kek mana,negative
"waktu beli online pilih kursi pesan 2 berdekatan dan 1 gerbong, setelah pemeriksaan dan cetak malah berubah beda gerbong",1,waktu beli online pilih kursi pesan dekat gerbong periksa cetak malah ubah beda gerbong,negative
sangat buruk sekali ini APL sumpah.. BUG nya kebangetan mau refund tiket aja sampe hangus itu tiket kereta!!,1,sangat buruk sekali apl sumpah bug nya banget mau refund tiket aja sampe hangus tiket kereta,negative
kurang puas,1,kurang puas,negative
Alhamdulillah,5,alhamdulillah,positive
ok,5,,positive
bnyk kendala,2,bnyk kendala,negative
"Mau kasih saran. Kalo di pilihan stasiun keberangkatan ga ada jadwal kereta, dari aplikasi MUNGKIN bisa kasih rekomendasi stasiun lain yg masih 1 kota yg ada jadwal keretanya. Jadinya pengguna ga bingung harus berkali-kali cek stasiun berangkat dan tujuan gitu. Semoga bahasaku bisa dimengerti ya biar bisa buat perbaikan kedepannya🙏🏻",4,mau kasih saran kalo pilih stasiun berangkat ga jadwal kereta aplikasi mungkin kasih rekomendasi stasiun yg kota yg jadwal kereta jadi guna ga bingung berkalikali cek stasiun berangkat tuju gitu moga bahasa erti biar buat baik depan,positive
sangat mudah d pahami,5,sangat mudah d paham,positive
setelah update malah g bisa dipakai .. gimana sih,1,update malah g pakai gimana sih,negative
bug aplikasi mau lihat daftar tiket kereta antar kota hilang hilang teruss..!!! padahal udah ubah ubah tanggal tiket tidak muncul muncul TOLONG DI PERBAIKI YAA...!!!!,1,bug aplikasi mau lihat daftar tiket kereta antar kota hilang hilang teruss padahal udah ubah ubah tanggal tiket muncul muncul di baik yaa,negative
"cepat,dan tepat waktu",5,cepatdan tepat waktu,positive
"Aplikasi Sampah, Banyak eror ga jelas, Ga bisa ganti rute pdhl baru di beli dan blm di gunakan, refund tidak masuk, terkick dari akun dan saat masuk tidak bisa padahal sandi bener. lemot parah!",1,aplikasi sampah banyak eror ga jelas ga ganti rute pdhl baru beli blm guna refund masuk terkick akun saat masuk bisa padahal sandi bener lot parah,negative
oke,5,oke,positive
"harusnya kalo refund dipotong nya jangan 25% tapi 10% aja, uang nya dibalikin nya max 3hari aja jangan sampai 1 minggu harusnya,,trus di apk nya gak ada tulisan kereta new generation atau ekonomi biasa.",2,harus kalo refund potong nya jangan aja uang nya dibalikin nya max hari aja jangan minggu harusnyatrus apk nya gak tulis kereta new generation ekonomi biasa,negative
memudahkan dan membantu saya untuk melakukan perjalanan menggunakan KAI terimakasih,5,mudah bantu untuk laku jalan guna kai terimakasih,positive
sangat membantu,5,sangat bantu,positive
daftar ke akun basic gabisa otp udh di kirim tapi tetap saja mutar2,2,daftar akun basic gabisa otp udh kirim tetap mutar,negative
"Hai KAI ini aplikasi yang bagus tetapi kenapaa sering bgt update sih, memo hp yang udah pas pas an bgt kadang nggak bisa klo mau buat update tapi aplikasi nya nggak bisa dipake klo nggak di update.",5,hai kai aplikasi bagus kenapaa sering bgt update sih memo hp udah pas pas an bgt kadang bisa klo mau buat update aplikasi nya bisa dipake klo di update,positive
sering error gak menampilkan rute perjalanan.,5,sering error gak tampil rute jalan,positive
cepat tepat,5,cepat tepat,positive
murah . .nyaman,5,murah nyaman,positive
mantab terimakasih PT KAI,5,mantab terimakasih pt kai,positive
Access by KAI is the Best,5,access by kai is the best,positive
pemesanan mudah,5,mesan mudah,positive
jadwal kereta sore ko sekarang ngga ada arah purwokerto jam 5 nan terus harga nya gila kali,1,jadwal kereta sore ko sekarang ngga arah purwokerto jam nan terus harga nya gila kali,negative
"pesan tiket saat arus balik mudik dicek dari Wates ke bandung ga ada, tapi pas dicek lewat connecting train jalur wates ke kiaracondong ada keretanya tapi transit di bandung, ini massa kita dipaksa harus naik connecting train, tolong dibenahi lagi!!!, apalagi ini saat musim mudik sangat menganggu kenyamanan semuanya!",1,pesan tiket arus balik mudik cek wates bandung ga pas cek lewat connecting train jalur wates kiaracondong kereta tapi transit bandung massa paksa naik connecting train benah apalagi saat musim mudik sangat menganggu nyaman semua,negative
"aplikasi lemot,sistem perlu diperbaiki",1,aplikasi lemotsistem perlu baik,negative
"alhamdulillah ada layanan KAI Transportasi yg semakin berkemajuan .kami menggunakan KAI hampir sering kali,pengalaman utk barang tertinggal dikereta api harus segera lapor ke stasiun terdekat utk segera ditindak lanjuti langkah selanjutnya.agar supaya ada laporan ke kru yg ada bertugas di kereta api tsb.dijamin barang aman .",5,alhamdulillah layan kai transportasi yg makin maju guna kai hampir sering kalipengalaman utk barang tinggal kereta api segera lapor stasiun dekat utk segera tindak lanjut langkah selanjutnyaagar lapor kru yg ada tugas kereta api tsbdijamin barang aman,positive
ok,5,,positive
"Saya naik kereta Airlangga dari bekasi ke cikampek nomor duduk deket jendela, tapi yg dudukin orang lain. tolong pak yg ga sesuai tempat duduk di tegur",1,naik kereta airlangga bekas cikampek nomor duduk deket jendela yg dudukin orang tolong pak yg ga sesuai tempat duduk tegur,negative
terbaik,5,baik,positive
ok,5,,positive
sering eror ga jelas,1,sering eror ga jelas,negative
aplikasinya aneh,1,aplikasi aneh,negative
Pencarian rute twrtwntu error tidak muncul. Setelah dilakukan update,1,cari rute twrtwntu error muncul laku update,negative
mantep,5,mantep,positive
tuk booking masih oke tapi tuk pembatalan/refund nya payah dan ribet. sorry,1,tuk booking oke tuk pembatalanrefund nya payah ribet sorry,negative
"bagus n bermanfaat tapi sayang saya di marahi baju kuning karena anak saya umur 2,5th tidak pipis di kursi toilet y kan namanya anak masih kecil masak y sudah paham begitu",4,bagus n manfaat sayang marah baju kuning anak umur th pipis di kursi toilet y kan nama anak kecil masak y paham,positive
⭐⭐⭐⭐⭐,5,,positive
cukup ringan membantu dan mudah,5,cukup ringan bantu mudah,positive
sangat nyaman dlm perjalanan,5,sangat nyaman dlm jalan,positive
asik naik Kereta Api,1,asik naik kereta api,negative
"Aplikasi tidak kompatibel dengan perangkat, padahal android 15 paraaah",1,aplikasi kompatibel perangkat padahal android paraaah,negative
untuk rangkaian nya tolong di atur sesuai tujuan Biar pengguna KRL tidak kebingungan,3,rangkai nya di atur sesuai tuju biar guna krl bingung,neutral
mantap,5,mantap,positive
Recommended banget buat yang nyari tiket KAI,5,recommended banget buat nyari tiket kai,positive
tarif kereta udah tinggi perbanyak kereta Jumat sore jam 16.00 up dg tarif sedang,5,tarif kereta udah tinggi banyak kereta jumat sore jam up dg tarif sedang,positive
mantap,5,mantap,positive
"update terbaru aplikasi 11 Maret, di jadwal pencarian tiket sering muncul ""Jadwal Kereta Tidak Tersedia"" padahal barusan cek menit sebelumnya masih ada, ketika coba cek tgl berikutnya ""Tidak Tersedia"" dan kembali lagi ke tgl awal juga ""Tidak Tersedia"" pernah coba lgsg ke tiket counter infonya masih ada tiket, tapi di aplikasi access muncul ""Jadwal Kereta Tidak Tersedia"" mohon diperbaiki yaa...",1,update baru aplikasi maret jadwal cari tiket sering muncul jadwal kereta sedia padahal barusan cek menit belum ada coba cek tgl ikut sedia kembali tgl awal sedia pernah coba lgsg ke tiket counter info ada tiket di aplikasi access muncul jadwal kereta tidak sedia mohon baik yaa,negative
"payah, aplikasi minta update Terbaru,, hp gk support Angus gk bisa batalin tiket,,",1,payah aplikasi minta update baru hp gk support angus gk batalin tiket,negative
"Tiket Sering Habis Padahal sudah coba pesan dari H-7 dini hari, sedangkan saat naek Kreta Banyak Bangku Kosong",1,tiket sering habis padahal coba pesan h dini hari saat naek kreta banyak bangku kosong,negative
"selalu ada kendala saat pesan tiket, pasti lama dan error server down gak pernah mulus dalam pemesanan. udah ditunggu lama dari jam 00.00 malah not found terus! sekalinya bisa masuk pesan tiket, error tidak ada kursi. sistem baru bisa lancar setelah 40 menit kemudian, tapi tiket kereta di jam yang diinginkan sudah habis terjual. sedih banget. tidak seperti dulu, sekali tiket dibatalkan pasti langsung batal! sekarang harus tunggu waktu 8 menit untuk memesan ulang! buang waktu!!!",1,selalu kendala pesan tiket lama error server down gak pernah mulus mesan udah tunggu lama jam malah not found terus sekali masuk pesan tiket error ada kursi sistem baru lancar menit kemudian tiket kereta jam ingin habis jual sedih banget seperti dulu sekali tiket batal langsung batal sekarang tunggu waktu menit mes ulang buang waktu,negative
"gak jelas, pdhal status kereta tersedia tapi pas diklik seat not avaliable. tolong diperbaiki jika memang kereta udah gak tersedia jgn ditampilkan",3,gak jelas pdhal status kereta sedia pas klik seat not avaliable baik memang kereta udah gak sedia jgn tampil,neutral
lemot bgt,1,lot bgt,negative
bikin aplikasi yang bener lah,1,bikin aplikasi bener lah,negative
"Aplikasi paling membagongkan, begitu input nama penumpang dan diklik lanjut muncul error no seat available, benar benar luar biasa, sukses ya",1,aplikasi paling bagong input nama tumpang klik lanjut muncul error no seat available benar benar luar biasa sukses,negative
ok,5,,positive
selalu g muncul rute dan jadwalnya... gmn mau pesen tiket... aneh bgt masa kereta smp april udh kosong semua??,2,selalu g muncul rute jadwal gmn mau sen tiket aneh bgt masa kereta smp april udh kosong semua,negative
sangat berguna,5,sangat guna,positive
keren,5,keren,positive
"Update Maret 2026 adl update terburuk, loading lama dan sering lemot servernya, bahkan sering ga muncul list kereta nya padahal kl booking di ecommerce muncul list keretanya. Parah",1,update maret adl update buruk loading lama sering lot servernya bahkan sering ga muncul list kereta nya padahal kl booking ecommerce muncul list kereta parah,negative
mantap,5,mantap,positive
sangat baik,5,sangat baik,positive
tidak bisa di download untuk versi yg terbaru 2026 ini,5,bisa download versi yg baru,positive
alkhamdulillah lancar prosesnya,5,alkhamdulillah lancar proses,positive
ok,5,,positive
"Sesuai permintaan masyarakat,pelayanannya memuaskan pelanggan",5,sesuai minta masyarakatpelayanannya muas langgan,positive
Bagus,5,bagus,positive
"emang parah nih app masaak ampe ngebug ga muncull schedule/jadwal padahal saya sudah memasukkan kota kebsrangkatan & tujuan dg benar namun malah ga ada schedule sama sekali, bahkan aq udah coba dengan tujuan berbeda dan/atau tanggal hari kerja yang perkiraan gaa ada orang utk travelling namun tetap tampilaan schedule ga ada sama sekali.. ini dikasih bintang 1 aja gak pantass..",1,emang parah nih app masaak ampe ngebug ga muncull schedulejadwal padahal sudah masuk kota kebsrangkatan tuju dg benar malah ga schedule sama sekali bahkan aq udah coba tuju beda danatau tanggal hari kerja kira gaa orang utk travelling tetap tampilaan schedule ga sama sekali kasih bintang aja gak pantass,negative
sekarang jadi gak jelas,1,sekarang jadi gak jelas,negative
Mohon pelayanan lebih di tingkatkan lagi,5,mohon layan lebih tingkat,positive
Lemot parah,5,lot parah,positive
pop up nya mengganggu banget pas baru masuk,3,pop up nya ganggu banget pas baru masuk,neutral
tiba2 gak bisa login di kai access di hp samsung A02s,5,tiba gak login kai access hp samsung as,positive
ok,5,,positive
Kak kok gak bisa di download ya,1,kak kok gak di download,negative
"Kenapa setelah update, layanan pilih kursi menjadi tidak tersedia?!?",1,telah update layan pilih kursi jadi sedia,negative
ac pasundan ga bikin dingin,1,ac pasundan ga bikin dingin,negative
"setelah udpate kq mlah banyak bug, kadangg pencarian kereta tidak tersedia, aku cek di traveloka masih tersedia, tolong dibenerin lagi",2,udpate kq mlah banyak bug kadangg cari kereta sedia aku cek traveloka sedia dibenerin,negative
untuk manajemen KAI INDONESIA.. tolong benahi transportasi kereta Sumbar .. terutama KAI Padang ke Pariaman.. jika season lebaran atau liburan panjang begini.. tambah gerbongnya lagi... ini pihak KAI mengabaikan kenyamanan saat season liburan panjang ini.. jual tiket berdiri... kepikiran tidak buat orang berdiri yang bawa anak2.. habis tu tidak ada pegangan buat berdiri juga.. apakah kai Sumbar memikirkan itu .. dan ini kita bisa2 ribut sama penumpang yang tiket ngak punya tiket bangku.. tolong,3,manajemen kai indonesia benah transportasi kereta sumbar utama kai padang pariaman season lebaran libur panjang begini tambah gerbong pihak kai abai nyaman season libur panjang ini jual tiket diri pikir buat orang diri bawa anak habis tu ada pegang buat diri apakah kai sumbar pikir ini bisa ribut sama tumpang tiket ngak punya tiket bangku,neutral
kenapa setelah di perbarui jadi sering erorr? beberapa jadwal tidak muncul,3,telah baru jadi sering erorr beberapa jadwal muncul,neutral
"perbaiki dong servernya, mau top up gak bisa mulu, bikin emosi doang",1,baik dong servernya mau top up gak mulu bikin emosi doang,negative
cepat dan mudah,5,cepat mudah,positive
terimakasih dengan layanan nya mantap,5,terimakasih layan nya mantap,positive
membantu,5,bantu,positive
sangat bagus membantu sekali lebih cepat lebih mudah dalam pemesanan apapun,5,sangat bagus bantu sekali lebih cepat lebih mudah mesan apa,positive
govlog amat sih sistem otp nya. tiap masukin kode otp not valid mulu. atau sering mulai lagi ke tampilan awal. niat ga sih bikin mudah???,3,govlog sih sistem otp nya tiap masukin kode otp not valid mulu sering mulai ke tampil awal niat ga sih bikin mudah,neutral
"saran aja seh, kl kai pay nya jangan mahal2 napa udh kena biaya admin buat topup, eh saldonya juga dipotong atdah...",4,saran aja seh kl kai pay nya jangan mahal napa udh kena biaya admin buat topup eh saldo potong atdah,positive
sangat cepat💋,5,sangat cepat,positive
keren,5,keren,positive
KAI ok,5,kai,positive
memudahkan utk cek kereta,5,mudah utk cek kereta,positive
good 👍🏻🇮🇩,5,good,positive
jos,5,jos,positive
bagus sangat membantu,5,bagus sangat bantu,positive
"seperti aplikasi pemerintah pada umumnya, masih suka error terutama ketika weekend karena traffic",1,aplikasi perintah umum suka error utama weekend traffic,negative
ga bisa dibuka,2,ga buka,negative
kereta prioritas bagi yang menggendong anak kecil gak di kasih tempat duduk,1,kereta prioritas yang gendong anak kecil gak kasih tempat duduk,negative
"kenapa makin kesini makin buruk sih, kereta tidak tersedia mulu, sekalinya muncul harganya ngga ngotakk gilaa parahh, tolong diperbaiki secepatnya",1,makin kesini makin buruk sih kereta sedia mulu sekali muncul harga ngga ngotakk gilaa parahh baik cepat,negative
error mulu,1,error mulu,negative
sangat membantu khususnya pengguna transportasi darat lebih tepat waktu aman dan nyaman selama diperjalanan.,5,sangat bantu khusus guna transportasi darat lebih tepat waktu aman nyaman lama jalan,positive
"pilihan pembayaran kurang, belum bisa pakai qris",4,pilih bayar kurang bisa pakai qris,positive
tolong kalo bikin aplikasi itu yang suport semua HP jangan terlalu egois... masa gara2 ga bisa updet harus beli HP baru jangan gila...,4,kalo bikin aplikasi yang suport semua hp jangan terlalu egois masa gara ga updet beli hp baru jangan gila,positive
servernya lemot parah,2,servernya lot parah,negative
"error terus mau cari tiket huft, tolong diperbaiki",2,error terus mau cari tiket huft baik,negative
ok cepat & praktis,5,cepat praktis,positive
"Bagus,,,jadi lebih praktis dan singkat",5,bagusjadi lebih praktis singkat,positive
aplikasi ini sangat membantu dan mempermudah kami sebagai pengguna kai,5,aplikasi sangat bantu mudah bagai guna kai,positive
"Kesan pertama tampilan nya kurang banget jauh lebih suka sebelum di update dan pembayaran cuma bisa lewat link aja? Klo bisa balikin aja kayak dulu tampilan, menu semua nya deh Kesan kedua setelah 5 tahun udh jauh lbh baik minusnya cmn 1 dan selalu Down servernya klo lg war tiket mudik",5,kesan pertama tampil nya kurang banget jauh lebih suka di update bayar cuma lewat link aja klo balikin aja kayak dulu tampil menu semua nya deh kesan dua tahun udh jauh lbh baik minus cmn selalu down servernya klo lg war tiket mudik,positive
erorr terus,1,erorr terus,negative
resechedul dgn aplikasi blm bisa dilakukan dgn baik.,5,resechedul dgn aplikasi blm laku dgn baik,positive
"BARU UPDATE, COBA PESAN TIKET KERETA BUAT JAM 14:47 SUDAH DI BAYAR, MALAH YANG KEBELI 03:40, MAKSUDNYA APA? UPDATE YANG BENER MASA SISTEM BELI TIKET EROR GINI",1,baru update coba pesan tiket kereta buat jam di bayar malah kebel maksud apa update bener masa sistem beli tiket eror gin,negative
terima kasih atas kerja samanya,5,terima kasih atas kerja sama,positive
"Aplikasi bagus, tapi maximum booking 6x/hari sangat mengganggu. Padahal tidak booking, cuma cari-cari jadwal saja sudah terhitung booking. Akhirnya, saat mau booking beneran malah sudah melewati limit 6x/hari. Kalau cuma cari jadwal jangan dihitung dong..",4,aplikasi bagus maximum booking xhari sangat ganggu padahal booking cuma caricari jadwal hitung booking akhir mau booking beneran malah sudah lewat limit xhari kalau cuma cari jadwal jangan hitung dong,positive
aplikasi GK ada gunanya,1,aplikasi gk guna,negative
Jadwal KRL keseringan gak sesuai. Telatnya bisa sampe 30 menit dari jadwal yang tertera di apk,1,jadwal krl sering gak sesuai telat sampe menit jadwal tera apk,negative
merepotkan bagi lansia yang tidak punya hp & pembatalan tiket pun tidak bisa,1,repot lansia tidak punya hp batal tiket tidak,negative
akses mudah dapat point bisa ditukarkan terbaaiiiik,5,akses mudah point tukar terbaaiiiik,positive
apk sampah sering ngebug di saat mau brngkat gajelas emg ni apk,1,apk sampah sering ngebug saat mau brngkat gajelas emg ni apk,negative
"ok, untuk tiket perjalananya",5,untuk tiket perjalananya,positive
dih,1,dih,negative
keren,5,keren,positive
Terbaik,5,baik,positive
curang ga dipersulit return nya,5,curang ga sulit return nya,positive
"untuk kereta lokal yg terbaru, dari stasiun Probolinggo ke stasiun waru , atau sebaliknya dari stasiun waru ke stasiun Probolinggo kok masih belom bisa pesan lewat aplikasi kai access ya mind ????? mohon infonya ,🙏🙏🙏",5,kereta lokal yg baru stasiun probolinggo stasiun waru balik stasiun waru stasiun probolinggo kok bom pesan lewat aplikasi kai access mind mohon info,positive
ok,5,,positive
kebanyakan bugs n calo dr org dalam y,2,banyak bugs n calo dr org y,negative
"anak anak lebih suka naik kereta krna sensasi berbeda dgn angkutan laen,lebiihhh sukaa dan happy",5,anak anak lebih suka naik kereta krna sensasi beda dgn angkut laenlebiihhh sukaa happy,positive
sistem terbaik,5,sistem baik,positive
gak bisa bayar pake dana y,2,gak bayar pake dana y,negative
"fitur search di batasi, pdhl suruh cek berkala, aktif lg kalau sdh dpt notif, baru bisa search lg. bagusan aplikasi sebelumnya",1,fitur search batas pdhl suruh cek kala aktif lg kalau sdh dpt notif baru search lg bagus aplikasi belum,negative
"untuk pembayarannya susah harus nunggu 15 menit tidak ada menu bayar, kode pemesanan gagal terus , tolong di perbaiki.",2,bayar susah nunggu menit ada menu bayar kode mesan gagal terus di baik,negative
aksesnya cepat utk perubahan jadwal 3 jam sebelum berangkat. terima kasih KAI,5,akses cepat utk ubah jadwal jam berangkat terima kasih kai,positive
dana ga bisa di tarik kaspro approval juga lama,1,dana ga di tarik kaspro approval lama,negative
metode pembayaran agak susah,4,metode bayar susah,positive
gak bisa pake ovo,4,gak pake ovo,positive
Mana KA Tambahan di rute Surabaya Banyuwangi ini mosok kok Mutiara Timur.F Aja??,1,mana ka tambah rute surabaya banyuwangi mosok kok mutiara timurf aja,negative
tanggal 1 dan 2 april tidak tersedia di kalender nya. tolong segera fix kan ya,1,tanggal april sedia kalender nya segera fix kan,negative
INI KENAPA DAH BERHARI-HARI JADWALNYA GA MUNCUL????,1,kenapa dah berharihari jadwal ga muncul,negative
sering error,3,sering error,neutral
akses cepat,5,akses cepat,positive
baik,5,baik,positive
Sudah bener aplikasi yg lama.Yanhmg sekarang aplikasi malah berat ribet dan semarawut,1,bener aplikasi yg lamayanhmg sekarang aplikasi malah berat ribet semarawut,negative
awalnya ada banyak jadwal kereta tiba tiba pas kerefresh langsung gaada semua,1,awal banyak jadwal kereta tiba tiba pas kerefresh langsung gaada semua,negative
gak bisa di download anjir hahahaha lucu,1,gak di download anjir hahahaha lucu,negative
gak ada jadwal nya kocak,1,gak jadwal nya kocak,negative
ngelag mulu setan,1,ngelag mulu setan,negative
woyyyy bagusss,5,woyyyy bagusss,positive
KLO pesen tiket tp jadwal gak muncul.. masalah nya dimn y,3,klo sen tiket tp jadwal gak muncul masalah nya dimn y,neutral
memuaskan,5,muas,positive
"untuk di aplikasinya sih menurut saya sudah cukup baik ya dan pelayanan atau pun apa pas di kereta tapi untuk oesesanan tiket di kai lebih di persusah dari apaa apalikasi lain seperti shopi ataupun tiket com, mungkin untuk abdet jadwal juga seuata lebih cepat daripada dari kai",2,aplikasi sih saya cukup baik dan layan pun apa pas kereta oesesanan tiket kai lebih di susah apaa apalikasi seperti shopi atau tiket com mungkin untuk abdet jadwal seuata lebih cepat dari kai,negative
"susah bayar tiket kereta lokal, ribet, terjadi gangguan mulu",1,susah bayar tiket kereta lokal ribet jadi ganggu mulu,negative
setelah update. langsung hilang kelas ekonomi 😁😀pdahal hanya persekian detik,1,update langsung hilang kelas ekonomi pdahal sekian detik,negative
"Di update bln januari 2020 ko malah jadi loading lama pas mau pilih kursi, mohon d perbaiki lagi biar joss",5,update bln januari ko malah jadi loading lama pas mau pilih kursi mohon d baik biar joss,positive
aplikasi jelek.....bolak balik bukak aplikasi kai acces..gak ada jadwal...ruwet,1,aplikasi jelekbolak balik bukak aplikasi kai accesgak jadwalruwet,negative
"very helpful and easy to use for people outside Indonesia,",5,very helpful and easy to use for people outside indonesia,positive
aplikasinya suka ngebug pas cek jadwal kosong semua sampai 1 bulan kadang normal lagi terus ngebug lagi... mohon di perbaiki,1,aplikasi suka ngebug pas cek jadwal kosong semua bulan kadang normal terus ngebug mohon baik,negative
"bagus, membantu sekali g perlu repot"" harus antri atau bayar keluar dlu",5,bagus bantu sekali g perlu repot antri bayar keluar dlu,positive
"memberikan kemudahan dalam pelayanan informasi, pembelian, maupun refund dll",5,beri mudah layan informasi beli maupun refund,positive
josss,5,josss,positive
g bisa pembayaran lewat shopee,1,g bayar lewat shopee,negative
kalau mau ada update data diri infokan dong jngan kaya gni. kasian orng yg gatau smpe kehabisan tiket. karena ga bisa beli tiket,1,kalau mau update data diri info dong jngan kaya gni kasi orng yg gatau smpe habis tiket ga beli tiket,negative
mantap terbantu,5,mantap bantu,positive
"resche tiket kalo lebih mahal suruh nambah tp kalo lebih murah ga direfund, belum dendanya ¼ harga sendiri, najis bgt",1,resche tiket kalo lebih mahal suruh nambah tp kalo lebih murah ga direfund denda harga sendiri najis bgt,negative
sempurna,5,sempurna,positive
mantap jiwa KAI jaya jaya,5,mantap jiwa kai jaya jaya,positive
Juooosss gandos!,5,juooosss gandos,positive
baik,5,baik,positive
sangat memuaskan,5,sangat muas,positive
"kenapa terkadang jadwal kereta tidak tersedia, sudah di gonta-ganti masih sama",3,terkadang jadwal kereta sedia di gontaganti sama,neutral
error mulu bikin kesal,1,error mulu bikin kesal,negative
Kereennnnn,5,kereennnnn,positive
sangat mudah dan menyenangkan,3,sangat mudah senang,neutral
pelayanan bagus.. tapi orang dalam yang bermain tiket perlu fi bersihkan,4,layan bagus orang yang main tiket perlu fi sih,positive
sngat bgus,5,sngat bgus,positive
Bagus juga dan lebih mudah,5,bagus dan lebih mudah,positive
bagus,5,bagus,positive
kenapa di layar smartphone saya untuk yang bulan maret tidak muncul tgl 30 dan 31,3,di layar smartphone untuk bulan maret muncul tgl,neutral
Sangat Membantu,4,sangat bantu,positive
"kenapa mau topup saldo kartu multitrip gak bisa? ketika tekan lanjutkan, tidak beralih kehalaman lain",3,mau topup saldo kartu multitrip gak ketika tekan lanjut alih halaman,neutral
Kenapa sering bug sekarang? perbaiki biar saya ganti bintangnya,1,sering bug sekarang baik biar ganti bintang,negative
INI APLIKASI GK JELAS DEH MAU MASUK NYA LAMA BANGET NERIMA KODE VERIFIKASI OTP NYA GK MASUK² DAH KAYA APA AJA NIH APLIKASI PERBAIKI NAPA PERCEPAT PENERIMAAN KODE VERIFIKASI OTP NYA🙏,1,aplikasi gk jelas deh mau masuk nya lama banget nerima kode verifikasi otp nya gk masuk dah kaya apa aja nih aplikasi baik napa cepat terima kode verifikasi otp nya,negative
"MAU BELI TIKET CUMAN HARUS DI UPGRADE KE BASIC DULU SUSAH NYA MINTA AMPUN , HARUS NUNGGU BER JAM JAM , PADAHAL SAYA BAYAR LOH. HUBUNGI CS KAI , LAMBAT BGT SLOW RESPON HADUH. KENAPA SIH GEN Z GABISA BELI TIKET LANGSUNG DI TEMPAT! RIBET JADINYA.",1,mau beli tiket cuman upgrade basic dulu susah nya minta ampun nunggu ber jam jam padahal bayar loh hubung cs kai lambat bgt slow respon haduh sih gen z gabisa beli tiket langsung di tempat ribet jadi,negative
Aplikasi sering ngelag sampai kehabisan tiket..mohon di perbaiki lagi.,3,aplikasi sering ngelag habis tiketmohon baik,neutral
tiket di hp lain muncul di hp ini ga muncul apk rusak,1,tiket hp muncul hp ga muncul apk rusak,negative
"setelah di perbarui aplikasinya makin ga jelas! di cek secara berkala tersedia , di back cek lagi malah hilang jadwalnya tidak tersedia terus aja begitu. coba cek di tanggal yg berbeda pun sama!",1,baru aplikasi makin ga jelas cek kala sedia back cek malah hilang jadwal sedia terus aja coba cek di tanggal yg beda sama,negative
Susah masuknya harus upgrade ke basic. ribettttt !!!!!!,1,susah masuk upgrade basic ribettttt,negative
terus di tingkat kan ya..,4,terus tingkat kan,positive
"tolong dibenarkan itu appnya, masak tidak ada jadwal kereta sama sekali di semua tanggal maupun juga kereta yg udah full gak ada jadwal samsek",1,benar appnya masak jadwal kereta sama sekali semua tanggal maupun kereta yg udah full gak ada jadwal samsek,negative
saya daftar ke email yang sekarang kenapa.tidak bisa masuk ya,5,daftar email sekarang kenapatidak masuk,positive
pemesanan tiket kurang banyak jadi bingung mau pesan tiket karena terbatas sekali,3,mesan tiket kurang banyak jadi bingung mau pesan tiket batas sekali,neutral
sehabis update malah ngebug🥺,3,habis update malah ngebug,neutral
pelayanan semakin baik,5,layan makin baik,positive
error apa gmn ni app.liat jadwal ge kadang bisa kadang hak,1,error apa gmn ni appliat jadwal ge kadang kadang hak,negative
"Bagus, mudah digunakan, meskipun terkadang ngelag.",5,bagus mudah guna meski terkadang ngelag,positive
pencarian sering ngeblank (error),2,cari sering ngeblank error,negative
bagus,5,bagus,positive
suka hilang jadwalnya tiba2.. masih terlalu banyak bug.. yahh mayan lah.. ga bisa terlalu berharap sama plat merah skrg mh.. gini aja dah alhamdulillah . 🙏,3,suka hilang jadwal tiba terlalu banyak bug yahh mayan lah ga terlalu harap sama plat merah skrg mh gin aja dah alhamdulillah,neutral
"tolong kalo mau pembatalan tiket via aplikasi KAI acces, sediakan menu pengembalian via e wallet, apalagi orang yang ga punya kartu bank, kasian orang yang udah beli asuransi 100% refund tapi ujung"" nya gabisa pakai e wallet, semoga kedepannya lebih baik lagi",4,kalo mau batal tiket via aplikasi kai acces sedia menu kembali via e wallet orang ga punya kartu bank kasi orang udah beli asuransi refund ujung nya gabisa pakai e wallet moga depan lebih baik,positive
memudahkan,5,mudah,positive
aplikasi tolol masa keberangkatan stasiun jakarta sama bekasi gak ada. ini aplikasi KAI apa kereta china,1,aplikasi tolol masa berangkat stasiun jakarta sama bekas gak ini aplikasi kai apa kereta china,negative
Lag Terus di Keyboard,1,lag terus keyboard,negative
apk tlol banyak bug tiket masih banyak karna bug abis semua,1,apk tlol banyak bug tiket banyak karna bug abis semua,negative
memuaskan,5,muas,positive
sering nge bug,1,sering nge bug,negative
aplikasi buruk.. lemot suka keluar sendiri.. bukan nya mempermudah malah menyulitkan dan bikin kesel emosi,1,aplikasi buruk lot suka keluar sendiri bukan nya mudah malah sulit bikin kesel emosi,negative
keren,5,keren,positive
eror terus mantap semakin maju,1,eror terus mantap makin maju,negative
"bagus sih, tapi tolong dong kalo mau ratingnya nambah benerin tuh bug ngeselin, saya mau mesen tiket kereta iyauuu",4,bagus sih tolong dong kalo mau ratingnya nambah benerin tuh bug ngeselin mau mesen tiket kereta iyauuu,positive
sangat mudah untuk di gunakan,5,sangat mudah di guna,positive
nyaman dan ka nya bersih,5,nyaman ka nya bersih,positive
sering error,1,sering error,negative
apk josss,5,apk josss,positive
mantabs,5,mantabs,positive
"aplikasinya kadang eror, selalu muncul warning tidak bisa booking lebih dari 6 bookingan, padahal saya belum booking tiket, sementara belum bisa kasih rating penuh",4,aplikasi kadang eror selalu muncul warning booking lebih bookingan padahal belum booking tiket belum bisa kasih rating penuh,positive
sering eror saat melihat jadwal kereta.,1,sering eror lihat jadwal kereta,negative
Applikasi belum bisa dipakai di Hp POCO X6 versi Android 15. tolong segera di update di hp tersebut. terima kasih.,1,applikasi bisa pakai hp poco x versi android segera update hp sebut terima kasih,negative
sangat membantu memudahkan.tks,5,sangat bantu memudahkantks,positive
"makin parah.!!! sekarang suka error.sdh di update jg mlh makin parah error nya. pdhl cek di online shop msh bnyak tiket. tp di app access by kai mlh ketrgan tidak ada jdwal trs. sdh d bolak balik msh tetp aj. mau pesan tiket tambah ribeut bgd. masak mau cari tiket aj hrs ngu antrian ke sekian menit dr percobaan ke 1 ngu 3mnt. smpe d ulang² ngu 25 mnt, 23mnt ,24mnt. gx mncul² itu pilihan kereta aj. sia² jg kl sdh lama² ngu, tp sdh masuk waktu giliran nya kereta sdh pd habis.",1,makin parah sekarang suka errorsdh update jg mlh makin parah error nya pdhl cek online shop msh bnyak tiket tp app access by kai mlh ketrgan ada jdwal trs sdh d bolak balik msh tetp aj mau pesan tiket tambah ribeut bgd masak mau cari tiket aj hrs ngu antri sekian menit dr coba ngu mnt smpe d ulang ngu mnt mnt mnt gx mncul pilih kereta aj sia jg kl sdh lama ngu tp sdh masuk waktu gilir nya kereta sdh pd habis,negative
"mengapa saat saya mau mendaftar menggunakan email malah sudah terdaftar, padahal saya belum pernah mendaftar sama sekali",1,saat mau daftar guna email malah daftar padahal belum pernah daftar sama sekali,negative
kereeen,5,kereeen,positive
KAI makin ok,5,kai makin,positive
"Di update malah jd semakin busuk, susah buat booking tiketnya, jelas2 tiket masih ada. tp tulisannya tiket tidak tersedia, berulang2 seperti itu terus.",1,update malah jd makin busuk susah buat booking tiket jelas tiket ada tp tulis tiket sedia ulang itu terus,negative
sangat memuaskan dan nyaman diperjalanan,5,sangat muas nyaman jalan,positive
👍👍👍👍,5,,positive
aplikasi nya eror lagi malah gak bisa ngecek tiket kereta... ampuunnn,1,aplikasi nya eror malah gak ngecek tiket kereta ampuunnn,negative
"aplikasi tdk bisa di buka dari pagi, buat pesen tiket",1,aplikasi tdk di buka pagi buat sen tiket,negative
"2026 ini maintenance-nya jelekkk bangett anjirr Bug mulu tapi ga pernah diperbaiki, sering ada pemberitahuan maintenance tapi bugnya masih sama ""tidak ada jadwal kereta"" padahal sebelumnya ada banyak tapi pas ke klik masuk dan keluar malah langsung ilang semua ""tidak ada jadwal kereta"" Apa coba?!!!",1,maintenancenya jelekkk bangett anjirr bug mulu ga pernah baik sering pemberitahuan maintenance bugnya sama jadwal kereta padahal belum ada banyak pas klik masuk keluar malah langsung ilang semua ada jadwal kereta apa coba,negative
aplikasi gunanya apa ya ga bisa isi dari HP kartu komuternya,1,aplikasi guna apa ga isi hp kartu komuter,negative
bagus dan bermanfaat,5,bagus manfaat,positive
kasih riwayat transaksi yang jelas napa. sekelas bumn kok ngga transparan. bolak balik topup dan yg terakhir 20K baru kepake krl jogja solo sekali jalan udah tinggal 6 ribu aja. sisanya lari kemana itu. tolong riwayat transaksinya di perjelas dan transparan jadi kita top up ngga pusing. Kasih keterangan biaya admin kena berapa ngga tau2 kepotong 3 ribu bae tapi ngg ada riwayatnya.,1,kasih riwayat transaksi jelas napa kelas bumn kok ngga transparan bolak balik topup yg akhir k baru kepake krl jogja solo sekali jalan udah tinggal ribu aja sisa lari itu riwayat transaksi jelas transparan jadi top up ngga pusing kasih terang biaya admin kena berapa ngga tau potong ribu bae ngg riwayat,negative
"KAI access memudahkan perjalanan dan aktivitas saya, pokok nya mantap 👍",5,kai access mudah jalan aktivitas pokok nya mantap,positive
makasih banget buat tim CS nya yang dapat membantu semua kendala dan mudah juga untuk dihubungi nya ★★★★★,5,makasih banget buat tim cs nya dapat bantu semua kendala mudah untuk hubung nya,positive
baik,5,baik,positive
mantap,5,mantap,positive
stelah upgrade premium jmlah penumpang cuma 4 orang max.sdng keluarga sy 6 orang jd harus ngalah 2 ga bisa naik kereya,1,stelah upgrade premium jmlah tumpang cuma orang maxsdng keluarga sy orang jd ngalah ga naik kereya,negative
sippp,5,sippp,positive
"kok ngga ada jadwal terus pdahal sblumnya jga ada,jalur juga sama",3,kok ngga jadwal terus pdahal sblumnya jga adajalur sama,neutral
mantap tetap berinovasi yang lebih baik,5,mantap tetap inovasi lebih baik,positive
masih belum bisa di pakai,4,belum di pakai,positive
"burukkk sering gabisa diakses jadi gak jelas, udah bayar tapi gak keupdate di aplikasi jadi hilang tiket",1,burukkk sering gabisa akses jadi gak jelas udah bayar gak keupdate aplikasi jadi hilang tiket,negative
baik,5,baik,positive
"udah beli tiket bayar dengan cara qris,ehh malah gak ada tiketnya.kemana tiketnya oiii??mau berangkat gimana????",2,udah beli tiket bayar cara qrisehh malah gak tiketnyakemana tiket oiiimau berangkat gimana,negative
setiap mau check in di stasiun pasti gabisa di buka aplikasi nya gausah buat aplikasi kalo gak bisa dipakai lah,1,mau check in stasiun gabisa buka aplikasi nya gausah buat aplikasi kalo gak pakai lah,negative
cepat & mudah diakses . sukses terus kai,5,cepat mudah akses sukses terus kai,positive
tidak bisa pakai e wallet,3,bisa pakai e wallet,neutral
Oke,5,oke,positive
bagus,4,bagus,positive
"sekarang ribet banget aplikasi nya, kenapa akun I gk bisa order 4 tiket sekaligus?? padahal maksimal kan 4,tapi tetep aja gk bisa makin aneh nih aplikasi",1,sekarang ribet banget aplikasi nya akun i gk order tiket sekaligus padahal maksimal kan tetep aja gk makin aneh nih aplikasi,negative
"bagus,cepat",5,baguscepat,positive
Ini gimana sih gw mau liat jadwal kereta malah tertera nggak ada jadwal..Error Mulu anying 😂,1,gimana sih gw mau liat jadwal kereta malah tera ada jadwalerror mulu anying,negative
"sering bug, pemesana tiket suka gaada jadwalnya pdhl kalo lewat web booking kai ada",2,sering bug sana tiket suka gaada jadwal pdhl kalo lewat web booking kai,negative
sangat baik,5,sangat baik,positive
keren,5,keren,positive
pparah!!! kecewa pembatalan dari aplikasi dari jauh2 hari Uda error!!!,1,pparah kecewa batal aplikasi jauh hari uda error,negative
terima kasih mempermudah dlm pelayanan pembelian tiket.terima kasih,5,terima kasih mudah dlm layan beli tiketterima kasih,positive
perlu ditingkatkan lagi,4,perlu tingkat,positive
ini kenapa sih ngecek tiket dari tgl 24 maret 2026-20 april 2026 tiketnya kosong APLIKASI ANEHHH,1,kenapa sih ngecek tiket tgl maret april tiket kosong aplikasi anehhh,negative
bagus juga,5,bagus,positive
terlantung lantung sya di jogja... cukup sekali ini pake kai...,1,lantung lantung sya jogja cukup sekali pake kai,negative
Joss Mempermudah perjalan pokoknya,5,joss mudah jalan pokok,positive
"bagus aplikasinya, cuma ada satu masalahnya Pembayaran nya gak bisa semua e-wallet dan bank pun ngak bisa semua bank. kedepan nya tolong update tambah Pembayaran semua e-wallet dan bank🙏",3,bagus aplikasi cuma satu masalah bayar nya gak semua ewallet bank ngak semua bank depan nya update tambah bayar semua ewallet bank,neutral
bagus,5,bagus,positive
"Setelah di update jadi lemot, malas",2,di update jadi lot malas,negative
aman nyaman ekonomis mantap,5,aman nyaman ekonomis mantap,positive
pemeliharaan lama tidak kayak biasanya,2,pelihara lama kayak biasa,negative
saya merasakan ketidaknyamanan dengan adanya fitur female seat map. karena saya melihat data privasi penumpang pria bocor disini. dan membuat keraguan akan privasi data. demi asas keadilan tolong fitur itu dihapuskan. kai sendiri sudah ada undang-undang tegas tentang pelecehan. jadi jangan berlebihan dan diskriminasi gender. ingat di mata hukum semuanya setara.,1,rasa ketidaknyamanan ada fitur female seat map saya lihat data privasi tumpang pria bocor sini buat ragu privasi data asas adil fitur hapus kai sendiri ada undangundang tegas leceh jadi jangan lebih diskriminasi gender ingat mata hukum semua tara,negative
👍,5,,positive
"loding lambat, mungkin karena Lebaran",5,loding lambat mungkin lebaran,positive
"halo min, saya kesulitan login nih. sebelumnya akun kai nya menjadi warna hitam Abu abu dan ga bisa saya klik apa apa kemudian saya uninstall ulang malah ga bisa masuk",1,halo min sulit login nih belum akun kai nya jadi warna hitam abu abu ga klik apa apa kemudian saya uninstall ulang malah ga masuk,negative
jelek bgt aplikasiny,1,jelek bgt aplikasiny,negative
"KAI Makin banyak perkembangan, makin bagus pelayananya",5,kai makin banyak kembang makin bagus pelayananya,positive
lebih gampang pemesanan tiketnya,5,lebih gampang mesan tiket,positive
railfood gak bisa bayar pakai QRIS,2,railfood gak bayar pakai qris,negative
pelayanan aplikasi jelek,1,layan aplikasi jelek,negative
"aplikasi sampah, harga lebih tinggi dibanding sama aplikasi layanan lainnya. Di Traveloka seluruh tiket Tj.Priuk-Cikampek ga sampai 70k, di KAI access malah melampaui 100k++, padahal sama-sama kelas ekonomi.",1,aplikasi sampah harga lebih tinggi banding sama aplikasi layan lain traveloka seluruh tiket tjpriukcikampek ga k kai access malah lampau k padahal samasama kelas ekonomi,negative
tmksh atas kerja hebatnya Access by KAI,5,tmksh atas kerja hebat access by kai,positive
aneh sekrang ga bsa d akses,1,aneh sekrang ga bsa d akses,negative
setiap hubungi CS via WhatsApp gak pernah puas boot nya ngeselin banget!! padahal digital udah seluruh nya namun ketika komplain capeknya ampun..,1,hubung cs via whatsapp gak pernah puas boot nya ngeselin banget padahal digital udah seluruh nya ketika komplain capek ampun,negative
Lain kali tiket nya banyakin sementara saya kasih bintang 4,4,kali tiket nya banyakin saya kasih bintang,positive
lemot,2,lot,negative
ok,5,,positive
"knp pas menu tgl ,kgk bsa scrol smp bawah si. jd gk bsa pilih tgl di akhr buln. bug ya?",1,knp pas menu tgl kgk bsa scrol smp bawah si jd gk bsa pilih tgl akhr buln bug,negative
sangat membantu,4,sangat bantu,positive
Mantap,5,mantap,positive
good,5,good,positive
awalnya eror ga bisa nyari tiket terus saya install ulang malah tiket yang sudah saya beli hilang padahal bukti pembayaran nya ada,1,awal eror ga nyari tiket terus install ulang malah tiket sudah beli hilang padahal bukti bayar nya,negative
setelah diperbarui malah gk bisa pilih kursi. error terus.,1,baru malah gk pilih kursi error terus,negative
ok,5,,positive
tolong kembalikan versi lama aja masak versi baru pesan tiket aja selalu gagal terutama pakai kaspro saldo sudah kepotong tapi tiket tidak keluar,5,kembali versi lama aja masak versi baru pesan tiket aja selalu gagal utama pakai kaspro saldo potong tiket keluar,positive
"aplikasi suka error, mau melakukan pembatalan tiket tidak bisa",2,aplikasi suka error mau laku batal tiket bisa,negative
Sudah jauh lebih baik,4,jauh lebih baik,positive
"aplikasi JELEK isinya Buzer TAD dan Pegawai KAI semua! muak gw! kompleman gak di baca malah di buzerin... noh aplikasi lu ANEH mau chek tiket doang antri 15 menit! sok paling heboh, mestinya biarin war, ini makin kesini makin PARAH DEVELOPERNYA ECEK ECEK BGT sekelas DANANTARA kek gini",1,aplikasi jelek isi buzer tad pegawai kai semua muak gw kompleman gak baca malah buzerin noh aplikasi lu aneh mau chek tiket doang antri menit sok paling heboh mesti biarin war makin kesini makin parah developer ecek ecek bgt kelas danantara kek gin,negative
baik,4,baik,positive
access by KAI nyari tiket nya sulit tidak tersediah trus dan habis ... notif ngirim trus jadwal yg anda cek masi tersedia giliran di buka sama aja zonk...,1,access by kai nyari tiket nya sulit tersediah trus habis notif ngirim trus jadwal yg cek mas sedia gilir buka sama aja zonk,negative
mantap sangat membantu dalam pemesanan tiket kereta yangbl sesuai sikon yang kita inginkan,5,mantap sangat bantu mesan tiket kereta yangbl sesuai sikon kita ingin,positive
yang terbaik dan memudahkan,5,baik mudah,positive
"APLIKASI NYA TOLONG BUG NYA DI BENERIN, PESEN TIKET AJA SUSAHNYA MINTA AMPUN BERJAM JAM SERVERNYA NTAH KENAPA RIBET BGTT POKOK BENERIN ANJIRRRRR NGESELINN",1,aplikasi nya bug nya benerin sen tiket aja susah minta ampun jam jam servernya ntah ribet bgtt pokok benerin anjirrrrr ngeselinn,negative
"mempermudah dalam bepergian, tp saya mnta tolong bugny di fix dong sama mau pesan tiket ditanggal itu tidak ada perjalanan",5,mudah pergi tp mnta bugny fix dong sama mau pesan tiket tanggal tidak jalan,positive
sangat puas,5,sangat puas,positive
"BIJI PLERR,APK NYA CAMPAH BGTT,NGELEG PDHL JARINGAN KENCENG 5G,TRS KLO MAU BATALIN PEMBAYARAN SUKA SUSAHHH JDNYA HRS NUNGGU AGAK LAMA,PLIS PERBAIKI SEMUA JADI LEBIH OPTIMAL SUPAYA PARA PENGGUNA LEBIH NYAMAN MEMAKAINYA",1,biji plerrapk nya campah bgttngeleg pdhl jaring kenceng gtrs klo mau batalin bayar suka susahhh jdnya hrs nunggu lamaplis baik semua jadi lebih optimal para guna lebih nyaman maka,negative
"sumpah yaa, pesen tiket disini 3 hari terakhir ini bener"" bikin emosi",3,sumpah yaa sen tiket sini hari akhir bener bikin emosi,neutral
aplikasi aneh sering bug padahal belum pesan tapi ketulis hanya 1 untuk rute tersebut tolong diperbaiki lagi,1,aplikasi aneh sering bug padahal pesan ketul rute sebut baik,negative
"aplikasinya cacat,banyak gangguan situsnya",1,aplikasi cacatbanyak ganggu situs,negative
baik,5,baik,positive
PESAN TICKET SUKA BUG,1,pesan ticket suka bug,negative
error mulu apl ta1,1,error mulu apl ta,negative
oy sering eror,1,oy sering eror,negative
ok buangeet,5,buangeet,positive
makin kesini nadi makin lemot aplikasinya,3,makin kesini nadi makin lot aplikasi,neutral
mantap,5,mantap,positive
aplikasi bosok eror... saat dibutuhin gk bs diakses. payah sekali,1,aplikasi bosok eror dibutuhin gk bs akses payah sekali,negative
stasiun paling ribet KERENCENG. TOLOL,1,stasiun paling ribet renceng tolol,negative
"ga jelas,,, sinyal aman, ga bisa pesan tiket, liat jadwal tiket ja ga bisa juga,،،، ga jelasss,,,, kaaaiiii,,,",1,ga jelas sinyal aman ga pesan tiket liat jadwal tiket ja ga juga ga jelasss kaaaiiii,negative
"loadingnya terlalu lama, trus pas cari tiket katanya tiket habis, dicoba lagi tiba² tiket tersedia, trus pas ambil tiket pulang gitu lagi, ribet banget pesan tiket doang dr semalaman ga bisa²",2,loadingnya terlalu lama trus pas cari tiket kata tiket habis coba tiba tiket sedia trus pas ambil tiket pulang gitu ribet banget pesan tiket doang dr malam ga bisa,negative
"UI nya bagus, tpi UX nya jelek. UI nya bagus tapi mungkin bikin berat UX nya jadi banyak banget loading lama ga jelas. Tolong sistemnya diperbaiki, masih cepet penggunaan Access KAI yg versi sebelumnya",3,ui nya bagus tpi ux nya jelek ui nya bagus mungkin bikin berat ux nya jadi banyak banget loading lama ga jelas sistem baik cepet guna access kai yg versi belum,neutral
APLIKASI KALAU PAS HIGH SEASON KOK SELALU SERVER DOWN PERBAIKI LAH,1,aplikasi kalau pas high season kok selalu server down baik lah,negative
"Aplikasi ini bagus banget, tapi kenapa suka ngelegg sampe balik lagi"", dan bahkan gabisa pesan sekaligus lebih dari satu orang 🥺. mohon betulkan min🙏🏻",4,aplikasi bagus banget kenapa suka ngelegg sampe balik dan bahkan gabisa pesan sekaligus lebih satu orang mohon betul min,positive
aplikasi tolol,1,aplikasi tolol,negative
"ketika lebaran begini aplikasi down jadwal kereta tidak muncul. transaksi qris sukses tapi gagal di merchant Access by KAI tiket terbooking jadi hangus. harusnya tim IT jangan libur to, soalnya terlalu lambat penanganannya.",1,lebaran begini aplikasi down jadwal kereta muncul transaksi qris sukses gagal merchant access by kai tiket terbooking jadi hangus harus tim it jangan libur to soal terlalu lambat tangan,negative
cari jadwal kereta sekarang kok susah banget ya,1,cari jadwal kereta sekarang kok susah banget,negative
"gak jelas nih apk, selalu gak ada jadwal tersedia",1,gak jelas nih apk selalu gak jadwal sedia,negative
"log out sendiri, pesan tiket tidak bisa hadeh",1,log out sendiri pesan tiket bisa hadeh,negative
tidak bisa di buka,1,bisa buka,negative
aplikasi sering error,1,aplikasi sering error,negative
"KAI sekarang jelek banget pas mau pesan tiket loading nya lama banget udaa lama ntar malah katanya tidak ada tiket yg tersedia utk keberangkatan ini, padahal mau nambah penumpang lagi di awal pesan bisa mau pesan 1 lagi malah gini terus padahal dulu ngga gini saya sudah sering naik kereta api ngga pernah gini, sekarang ntah kenapa malah gini mohon di perbaiki min",1,kai sekarang jelek banget pas mau pesan tiket loading nya lama banget udaa lama ntar malah kata ada tiket yg sedia utk berangkat padahal mau nambah tumpang awal pesan mau pesan malah gin terus padahal dulu ngga gin sudah sering naik kereta api ngga pernah gin sekarang ntah malah gin mohon di baik min,negative
bagus,4,bagus,positive
pembatal mudah cepat dan aman terimakasih KAI,5,batal mudah cepat aman terimakasih kai,positive
mhn di perbarui dn di mudahkan mosok hanya membuka Aplikasi melihat jadwal KA aja harus ngantri dn menunggu lama setelah giliran bs di buka tdk ada jadwal KA yg di tampilakn s2harusnya ttp di tampilkan walau tdk ada jatah kursi yg tersedia terutama pada hari² besar seperti saat lebaran Natal dn Tahun baru,3,mhn baru dn mudah mosok buka aplikasi lihat jadwal ka aja ngantri dn tunggu lama gilir bs buka tdk jadwal ka yg tampilakn sharusnya ttp tampil tdk jatah kursi yg sedia utama hari besar saat lebaran natal dn tahun baru,neutral
sekarang versi baru lemot masa 1 Minggu g bisa di buka,1,sekarang versi baru lot masa minggu g di buka,negative
aplikasi sering error (tidak muncul jadwal kereta),1,aplikasi sering error muncul jadwal kereta,negative
"Tiket nya kemahalan, Kembalikan PSO👀",1,tiket nya mahal kembali pso,negative
Ok,5,,positive
"parah banget harganya 3x lipat naiknya,padahal lebaran lebih 10hari ..parah KAI udah ambil untung banyak kereta pun sulit ..",1,parah banget harga x lipat naiknyapadahal lebaran lebih hari parah kai udah ambil untung banyak kereta sulit,negative
Aplikasi kurang profesional. di danai angaran DANANRTARA Aplikasi overload karna banyak antrian. KONYOL Kalah dengan aplikasi sebelah TRAVELOKA. ganti aja humas IT KAI ACCES d kantor pusat Bussinesnya.,1,aplikasi kurang profesional dana angaran dananrtara aplikasi overload karna banyak antri konyol kalah aplikasi belah traveloka ganti aja humas it kai acces d kantor pusat bussinesnya,negative
"sumpah yang bikin nih aplikasi ga profesional, lemot banget loading nya padahal internet aman aman aja kalau dipake ke aplikasi lain",1,sumpah bikin nih aplikasi ga profesional lot banget loading nya padahal internet aman aman aja kalau dipake aplikasi,negative
layanan aplikasi buruk sekali,1,layan aplikasi buruk sekali,negative
kenapa ga bisa di pakai selalu masa pemeliharaan aplikasi KAI acces aku mau pesan malah eror data hilang tbtb,1,ga di pakai selalu masa pelihara aplikasi kai acces aku mau pesan malah eror data hilang tbtb,negative
pembayaran sulit loadiiing,1,bayar sulit loadiiing,negative
kenapa dana pembatalan tiket gak bisa di kirim ke ewalet. bikin susah yang gak punya rekening,1,dana batal tiket gak di kirim ewalet bikin susah gak punya rekening,negative
lemott,2,lemott,negative
aplikasi sering error,1,aplikasi sering error,negative
kadang suka erorrr perbaiki lagi ya,4,kadang suka erorrr baik ya,positive
"asli ini versi paling buruk, sangat menggangu karena server lemot parah, sistem antre ok lah tapi kalo pada akhirnya dapat antrian ngisi malah error ga muncul semua list nya, bahkan list habis tiketnya aja ga ada, berarti memang error parah. Gilak sih ini... transisi paling jelek. udah coba sabar eh pas lihat jam literally 1 jam bolak balik aplikasi nyobain segala kemungkinan buat dapat tiketnya. aelah... wasting time bet",1,asli versi paling buruk sangat menggangu server lot parah sistem antre lah kalo akhir antri ngisi malah error ga muncul semua list nya bahkan list habis tiket aja ga arti memang error parah gilak sih transisi paling jelek udah coba sabar eh pas lihat jam literally jam bolak balik aplikasi nyobain segala mungkin buat tiket aelah wasting time bet,negative
aplikasi cacat cek harga tiket kereta api lokal aja gak bisa aplikasi macam apa ini,1,aplikasi cacat cek harga tiket kereta api lokal aja gak aplikasi macam apa,negative
sering error gajelas ni apk,1,sering error gajelas ni apk,negative
"kai enak cepat,tapi sayang sekali kalo lebaran susah dapet tiket nya",3,kai enak cepattapi sayang sekali kalo lebaran susah dapet tiket nya,neutral
kenapa ahir2 ini saya selalu gagal buka jadwal kereta yah,3,ahir saya selalu gagal buka jadwal kereta yah,neutral
"sistem antriannya tolong diperbaiki saat banyak yang akses. disuruh nunggu 5mnt masih oke.. setelah menit ke-0 ditambah lagi 4mnt.. saat udh 4mnt ternyata jadwal yang diincar tidak ada rute.. padahal hari biasanya ada rute kereta walau tiket udh habis terjual. aku cek rute lain antri lagi, dan setelah menit-0 tidak ada rute..",1,sistem antri baik banyak akses suruh nunggu mnt oke menit tambah mnt udh mnt nyata jadwal incar rute padahal hari biasa ada rute kereta tiket udh habis jual aku cek rute antri dan menit ada rute,negative
"bro kai tuh milik pemerintah, ko lemot bat apknya, alesannya sedang dalam antrian, emang ga ada budget pemeliharaan apk atau web? aneh banget masa iya kalah sama aplikasi game",4,bro kai tuh milik perintah ko lot bat apknya alesannya sedang antri emang ga budget pelihara apk web aneh banget masa iya kalah sama aplikasi game,positive
"aplikasi sering down, hari"" pemeliharaan mulu",1,aplikasi sering down hari pelihara mulu,negative
baik,4,baik,positive
apliksi sering eror,1,apliksi sering eror,negative
saya daftar jadi member basic ga bisa bisa,1,daftar jadi member basic ga bisa,negative
tolong aja saya mau pulang ke jakarta sistem nya down gak bisa pesen jadi nya saya harus di booking id,4,aja mau pulang jakarta sistem nya down gak sen jadi nya harus booking id,positive
krnapa sekarang buka aplikasi langsung antrian 3 menit padahal posisi g lagi rame pada nyari tiket.kenapa makin ribet sekarang.erorkah hari ini kai acces.mau lihat tiket saja tidak bisa sampai tgl 23 April,1,krnapa sekarang buka aplikasi langsung antri menit padahal posisi g rame nyari tiketkenapa makin ribet sekarangerorkah hari kai accesmau lihat tiket tidak sampai tgl april,negative
memudahkan utk pembelian tiket,5,mudah utk beli tiket,positive
lemot banget woy sinyal padahal bagus hp gak lag,2,lot banget woy sinyal padahal bagus hp gak lag,negative
suka trobel,1,suka trobel,negative
"server down terus, bukannya mempermudah malah mempersulit, udah gonta ganti wifi sama data seluler sama aja",1,server down terus bukan mudah malah sulit udah gonta ganti wifi sama data seluler sama aja,negative
"fitur pembatalan tiketnya ribet, kadang sering gajelas gitu, semoga bisa lebih baik lagi KAI",2,fitur batal tiket ribet kadang sering gajelas gitu moga lebih baik kai,negative
Mudah,5,mudah,positive
lelet lelet.,2,lelet lelet,negative
"aplikasi g bisa dipakai, semua kereta kosong padahal sudah cek sampai dengan tanggal bukan tanggal liburan panjang, paraaaaaah",1,aplikasi g pakai semua kereta kosong padahal cek dengan tanggal bukan tanggal libur panjang paraaaaaah,negative
Aman dan nyaman.,5,aman nyaman,positive
"sebenarnya aplikasi nya bagus, tetapi untuk refresh/antrian nya tolong banget wktunya diperhatikan. kalau memang akan di upgrade harusnya lebih awal jadi ketika kita mau pesan tiket gak sesusah ini. Erorr nya kebangetan kalo lgi hari besar!",4,benar aplikasi nya bagus untuk refreshantrian nya banget wktunya perhati kalau memang di upgrade harus lebih awal jadi kita mau pesan tiket gak susah erorr nya banget kalo lgi hari besar,positive
good job,5,good job,positive
"tolong aplikasinya di perbaiki lagi , dari tadi saya mau pesen tiket gak bisa terus jadwal kereta gak keluar",4,aplikasi baik tadi mau sen tiket gak terus jadwal kereta gak keluar,positive
server down,2,server down,negative
"aplikasinya suka errorz suruh nunggu 5 menit tapi sejam ditungguin tetep gabisa pesen tiket, harusnya udah antisipasi musim mudik banyak orang buka kai access, mana pengembalian tiket cuman 75% lagi, udahlah tiketnya mahal, dasar kai kapitalis",1,aplikasi suka errorz suruh nunggu menit jam ditungguin tetep gabisa sen tiket harus udah antisipasi musim mudik banyak orang buka kai access mana kembali tiket cuman udahlah tiket mahal dasar kai kapitalis,negative
ini kok aplikasinya eror g bisa di buka,1,kok aplikasi eror g di buka,negative
aplikasi yng sekarang banyak bug nya lemot,1,aplikasi yng sekarang banyak bug nya lot,negative
2026 makin susah aplikasi sering error tolong dipermudah untuk pembayaran dan pencarian kereta,3,makin susah aplikasi sering error mudah bayar cari kereta,neutral
sangat membantu,5,sangat bantu,positive
sangat baik pelayanannya.,5,sangat baik layan,positive
setelah di update aplikasi eror,2,di update aplikasi eror,negative
"apk gak jelas gak bisa menambahkan tiket untuk refund malah di suruh ke loket,padahal saya udah yakin pasti telat makanya mau refund tiket",1,apk gak jelas gak tambah tiket refund malah suruh loketpadahal udah yakin telat makanya mau refund tiket,negative
"untuk fitur fitur apk nya sangat lengkap .tapi kekurangan nya pas saya make itu suka nge bug pas pencarian jadwal kereta ,pas saya cari jadwal ada trus pas saya kembali cari lagi eh malah ilang jadwalnya ,trus ada lagi .kaya mengganggu banget dan menghambat banget pas mau buru buru beli tiket ,dan saya sudah sampe kehabisan tiket kereta karena hal tersebut",5,fitur fitur apk nya sangat lengkap kurang nya pas make suka nge bug pas cari jadwal kereta pas cari jadwal trus pas kembali cari eh malah ilang jadwal trus lagi kaya ganggu banget hambat banget pas mau buru buru beli tiket saya sampe habis tiket kereta hal sebut,positive
"parah banget min kai, transaksi berhasil, tiket ga dapet, error mulu ni apk, padahal di riwayat transaksi saya berhasil tapi di apk malah blum lunas, kocak",1,parah banget min kai transaksi hasil tiket ga dapet error mulu ni apk padahal riwayat transaksi hasil di apk malah blum lunas kocak,negative
"sering error, masa pas pesen klik tgl 23 tidak tersedia, klik tgl 24 tersedia, klik lagi tgl 23 tersedia, loading lama, perbaikan lah, apalah error aja ini apk, masa kalah sma apk yg bukan official.kya travelloka dll.. mohon d perbaiki apk official masa kaya gini. gedek bgt",1,sering error masa pas sen klik tgl sedia klik tgl sedia klik tgl sedia loading lama baik lah apa error aja apk masa kalah sma apk yg bukan officialkya travelloka mohon d baik apk official masa kaya gin gedek bgt,negative
aplikasi g berguna...mungkin kai kebanyakan utang...aplikasi loding terus g bisa di proses,1,aplikasi g bergunamungkin kai banyak utangaplikasi loding terus g di proses,negative
ok,5,,positive
apknya lemot bet,2,apknya lot bet,negative
"apaan mau lihat jadwal yg tersedia malah, anda dalam antrian. halaman ini akan di refresh otomatis! nama app Kai access, tapi kok susah aksesnya",1,apa mau lihat jadwal yg sedia malah dalam antri halaman akan refresh otomatis nama app kai access kok susah akses,negative
jelek connecting train terus,1,jelek connecting train terus,negative
"update ui/ux terbaru jujur agak membuat aplikasi eror saat ingin membeli tiket lokal, apalagi yang tercampur dengan kelas eksekutif. walau bisa di filter tapi kalau tanggal-tanggal banyak yang membutuhkan tiket kereta agak gimana gitu",3,update uiux baru jujur buat aplikasi eror ingin beli tiket lokal campur kelas eksekutif bisa filter kalau tanggaltanggal banyak yang butuh tiket kereta gimana gitu,neutral
bagus cuma di jam jam libur lebaran mungkin karena banyak yang akses jadi loading aplikasinya lama banget kadang bisa kadang harus mulai ulang juga,5,bagus cuma jam jam libur lebaran mungkin banyak akses jadi loading aplikasi lama banget kadang kadang mulai ulang,positive
eror bgt ga asik!,1,eror bgt ga asik,negative
setelah di perbarui malah ngebug... ayolah dinaikkan lagi tingkat kelancaran apk nya,1,di baru malah ngebug ayo naik tingkat lancar apk nya,negative
bug nya d perbaiki,5,bug nya d baik,positive
apk nya lemot bangettt,1,apk nya lot bangettt,negative
"ini gimana sekarang kok makin banyak kendala sih, mau liat jabwal gak bisa ya buat kereta lokal",5,gimana sekarang kok makin banyak kendala sih mau liat jabwal gak ya buat kereta lokal,positive
MENDEKATI HARI LEBARAN SERVER KOK TAMBAH DOWN BUKANNYA DI PERBAIKI DATI JAUH' HARI KARNA PASTI BANYAK YANG AKSES,1,dekat hari lebaran server kok tambah down bukan baik dati jauh hari karna banyak akses,negative
setelah sekian lama pakai KAI acces baru tahun ini kecewa. apa memang rata rata kalo aplikasi bukan milik swasta selalu bermasalah? cari kereta lokal aja tidak muncul. masuk ke antar kota tambah lagi cuma searching. update juga sudah. wah menyusahkan saja.,1,sekian lama pakai kai acces baru tahun kecewa apa memang rata rata kalo aplikasi bukan milik swasta selalu masalah cari kereta lokal aja muncul masuk antar kota tambah cuma searching update sudah wah susah,negative
"lelet bat monyett udah pake wifi tetap lelet, pake data pun lelett",2,lelet bat monyett udah pake wifi tetap lelet pake data lelett,negative
"aplikasinya sangat membantu...pertama kali naik kereta api indonesia,,pelayanan sangat baik..",5,aplikasi sangat membantupertama kali naik kereta api indonesiapelayanan sangat baik,positive
"Susah banget pemilihan jadwal kereta, lama munculnya, sudah ditunggu lama malah kosong gak terdetek, pas sudah pilih jadwal malah muter-muter saja belum pilih kursi",1,susah banget pilih jadwal kereta lama muncul tunggu lama malah kosong gak terdetek pas pilih jadwal malah mutermuter belum pilih kursi,negative
lag anj,1,lag anj,negative
aplikasi kok makin sering gangguan sekarang,1,aplikasi kok makin sering ganggu sekarang,negative
"PESAN TIKET AJA NGELAGNYA MINTA AMPUN, MASUK APLIKASI GAK BISA MULU. BOOKING TIKET PUN GAK BISA, TIBA - TIBA UDAH DITEMPATIN ORANG. SISTEM APLIKASI INDONESIA MEMANG SANGAT BURUK SEKALI👎",1,pesan tiket aja ngelagnya minta ampun masuk aplikasi gak mulu booking tiket gak tiba tiba udah ditempatin orang sistem aplikasi indonesia memang sangat buruk sekali,negative
sering eror,1,sering eror,negative
toppppppppbgt krenmnn,5,toppppppppbgt krenmnn,positive
bagus,5,bagus,positive
"aplikasi bikin kesel cek jadwal aja ga bisa ,mohon segera di perbarui",1,aplikasi bikin kesel cek jadwal aja ga mohon segera baru,negative
aplikasi lemot bangetttt kek siput,1,aplikasi lot bangetttt kek siput,negative
ga bisa acces sialan ini kai,1,ga acces sial kai,negative
lelet cuma beli tiket doang banyak ganggu,1,lelet cuma beli tiket doang banyak ganggu,negative
lemot banget parah,1,lot banget parah,negative
"sekarang kai buruk sekali tiket hanya bisa pesan 4, selalu bermasalah sangat buruk, biasanya sekali tekan langsung keluar hasilnya sekarang banyak bgt gayanya",1,sekarang kai buruk sekali tiket bisa pesan selalu masalah sangat buruk biasa sekali tekan langsung keluar hasil sekarang banyak bgt gaya,negative
mudah dan cepat,5,mudah cepat,positive
"minnn kok ini kalo pesen 3 tiket gabisa sih min, malah ga muncul jdwalnyaa mohon bantuannya biar mempermudah pesen tiket",2,minnn kok kalo sen tiket gabisa sih min malah ga muncul jdwalnyaa mohon bantu biar mudah sen tiket,negative
apk kaya apa ini susah sekali buat pesan tiket aja susah padahal sinyal bagus,1,apk kaya apa susah sekali buat pesan tiket aja susah padahal sinyal bagus,negative
aplikasinya bagus tapi di bagian pembayaran nya terbatas tolong di tambah pembayaran lagi terima kasih,5,aplikasi bagus di bagi bayar nya batas di tambah bayar terima kasih,positive
makin ampas gini ye,1,makin ampas gin ye,negative
"hari ini mau pesan tiket, jadwal tidak tersedia terus, padahal sudah di refresh terus hampir 2 jam aplikasi tidak bisa di gunakan",5,hari mau pesan tiket jadwal sedia terus padahal refresh terus hampir jam aplikasi bisa di guna,positive
goog job kai,5,goog job kai,positive
👍👍👍👍👍,5,,positive
buruk sekali sekarang . mau lihat jadwal kereta aja loading terus-menerus. dan akhirnya muncul tidak ada jadwal atau tidak ada keberangkatan setelah saya hapus data dan kembali melihat jadwal baru tersedia muncul tolong diperbaiki kenyamanan aplikasinya . jujur mulai memburuk setiap update,1,buruk sekali sekarang mau lihat jadwal kereta aja loading terusmenerus akhir muncul jadwal tidak ada berangkat saya hapus data kembali lihat jadwal baru sedia muncul baik nyaman aplikasi jujur mulai buruk update,negative
"buka kai acces dari 1 jam sebelom boarding malah gabisa, error terus, tiba2 e-boarding pass berubah jadi 0.0 jam sebelum keberangkatan baru bisa dicetak itupun ga keluar2 nama penumpangnya yg mau dicetak e-boarding passnya, biasanya 2 jam sebelum keberangkatan udah bisa loh??? udah dm ig kai ga ada tanggapan???padahal lg buru2 ngejar kereta biar ga ketinggalan. giliran pesan tiket suruh buru2 giliran udah hari h nya gaberfungsi. baru kali ini kecewa sm kai",1,buka kai acces jam bom boarding malah gabisa error terus tiba eboarding pass ubah jadi jam berangkat baru cetak itu ga keluar nama tumpang yg mau cetak eboarding passnya biasa jam berangkat udah loh udah dm ig kai ga tanggapanpadahal lg buru ngejar kereta biar ga tinggal gilir pesan tiket suruh buru gilir udah hari h nya gaberfungsi baru kali kecewa sm kai,negative
"server dikit,penuh dikit langsung dikasih antrean, padahal cuma mau liat jadwal hari itu juga malah di suruh nunggu brp menit",3,server dikitpenuh dikit langsung kasih antre padahal cuma mau liat jadwal hari juga malah suruh nunggu brp menit,neutral
baik,4,baik,positive
"Minta tolong securitynya sering ngecek, dikereta pramek banyak ibu-ibu yg membawa bayi tidak dapat tempat duduk, tolong diperhatikan! soalnya banyak laki-laki yg tidak mau mengalah",5,minta securitynya sering ngecek kereta pramek banyak ibuibu yg bawa bayi dapat tempat duduk perhati soal banyak lakilaki yg mau kalah,positive
tolong untuk metode pembayaran lewat e-wallet sediakan untuk aplikasi DANA🙏 dan kekurangan dari aplikasi ini di metode pembayaran nya yg terbatas,3,metode bayar lewat ewallet sedia untuk aplikasi dana kurang aplikasi di metode bayar nya yg batas,neutral
"siiip, mempermudah transaksi",5,siiip mudah transaksi,positive
kenapa sya buka gk bisa,5,sya buka gk,positive
Terbaik pokoknya mah 🫡🫡🫡,5,baik pokok mah,positive
baik,4,baik,positive
mantap,5,mantap,positive
sangat membantu,5,sangat bantu,positive
aplikasi yang sangat mudah & membantu untuk memesan tiket kereta,5,aplikasi sangat mudah bantu mes tiket kereta,positive
"Perbaiki bug nya !! Ketersediaan tiket tidak konsisten/stabil. Sebelumnya dicek ada, beberapa saat kemudian tidak ada. Setelah restart muncul lagi ketersediaannya, tapi waktu back menu sebelumnya terus cek lagi hilang lagi.",1,baik bug nya sedia tiket konsistenstabil belum cek beberapa kemudian ada restart muncul sedia waktu back menu belum terus cek hilang,negative
yg bener aja ga bisa booking tiket 1 per 1 (misalkan saya mesen tiket 3 tpi tujuan sama dan 1 per 1 untuk di bagikan ke yg lain).,2,yg bener aja ga booking tiket per misal mesen tiket tpi tuju sama per di bagi yg,negative
"Sumpah Gedeg dan kezelll bgtt, masa mau pesen tiket waktu jam 00.00 selalu ada gangguan/error. Jadinya kan aku kehabisan tiket trs kalau begitu caranya, dan ga hanya aku yg mengalami hal yg sama bahkan temen² juga. Terus ya masa aku dah bayar tiketnya tiba' ga ada notif pembayaran dan tiket ku blm terbayar pdhl kan udh. Masa transportasi elit aplikasi SULIT. Udh rela begadang demi war tiket ujung² nya jg tetep kehabisan tiket. Hdeuhhh mending aplikasi apus aja ga guna tau ga.",2,sumpah gedeg kezelll bgtt masa mau sen tiket waktu jam selalu gangguanerror jadi kan aku habis tiket trs kalau cara ga aku yg alami yg sama bahkan temen terus masa aku dah bayar tiket tiba ga notif bayar tiket ku blm bayar pdhl kan udh masa transportasi elit aplikasi sulit udh rela begadang war tiket ujung nya jg tetep habis tiket hdeuhhh mending aplikasi apus aja ga tau ga,negative
"KALO LAGI WAR TENGAH MALEM TU JANGAN EROR, TRUS TIBA-TIBA UDAH PENUH AJA. EMOSI BGTT. Kalo banyak yang kritik tu diperbaiki, banyak yang mengalami kejadian sama. Aku war tiket SAMPE 1 JAM LEBIH tapi tetep ga dapet tiket!!!!!",1,kalo war tengah malem tu jangan eror trus tibatiba udah penuh aja emosi bgtt kalo banyak kritik tu baik banyak alami jadi sama aku war tiket sampe jam lebih tetep ga dapet tiket,negative
kyk telek,1,kyk telek,negative
kecewa dengan pihak KAI penyediaan tiket yg GK masuk akal mau naik kereta dari Kotabumi ke tanjung karang saja susah bangett. pada hal sudah pesen dari jam 00.00 masih aja GK dapet,2,kecewa pihak kai sedia tiket yg gk masuk akal mau naik kereta kotabumi tanjung karang susah bangett hal sen jam aja gk dapet,negative
apk nya agak lemot pdhl mau cepet cepet beli tiket,3,apk nya lot pdhl mau cepet cepet beli tiket,neutral
aplikasinya bagus tapi tolong lebih d tingkatkat masalah koneksi apalagi klo jam jam awal selalu susah buat masuk k pembayaran,5,aplikasi bagus tolong lebih d tingkatkat masalah koneksi klo jam jam awal selalu susah buat masuk k bayar,positive
SERVERMU BELUM SIAP BUAT WAR TIKET.. MENGECEWAKAN...!!!!!!,1,servermu siap buat war tiket kecewa,negative
"aplikasi sampah sesampah sampahnya. kalo belum siap online. gausah sok Sokan online, server gak respon, tiap mau beli error terus, wifi bagus, tapi tetep gabisa,. mending pensiun aja",1,aplikasi sampah sampah sampah kalo siap online gausah sok sok online server gak respon tiap mau beli error terus wifi bagus tetep gabisa mending pensiun aja,negative
Tolong untuk jam malam server tolong diperbaiki! Sering lemot dan kadang gak keluar jadwal keretanya,1,untuk jam malam server baik sering lot kadang gak keluar jadwal kereta,negative
"jelek banget, server sering error. tolong diperbaiki",1,jelek banget server sering error baik,negative
"tolong dong masalah eror ni udaa 1 tahun kek gini terus masa udaa dapet tiket malah gabisa ke tahap selanjutnya padahal tiket masi tersedia, dan saat pemesanan selalu saja eror mulu ni aplikasi, mau di jadwal sibuk maupun jadwal yang ga sibuk,. udaa 1 tahun kek gini terus terutama di daerah sumatra",1,dong masalah eror ni udaa tahun kek gin terus masa udaa dapet tiket malah gabisa tahap lanjut padahal tiket mas sedia saat mesan selalu eror mulu ni aplikasi mau jadwal sibuk maupun jadwal ga sibuk udaa tahun kek gin terus utama daerah sumatra,negative
"bagus,cm disaat sudah mau pesan itu gimana slalu slow respon trs. sampai kehabisan...",4,baguscm saat mau pesan gimana slalu slow respon trs habis,positive
"harusnya aplikasi ini tidak cocok untuk mendapatkan bintang meskipun hanya 1. saya sudah tidak bisa lagi menggunakannya. login tidak bisa, lemot sekali, dan tiba-tiba selalu failed data. kalau update harus nya menjadi lebih baik dan efisien, bukan makin buruk dan mempersulit.",1,harus aplikasi cocok dapat bintang meski sudah bisa guna login tidak bisa lot sekali tibatiba selalu failed data kalau update nya jadi lebih baik efisien bukan makin buruk sulit,negative
"bagus... lebih cepatm. tapi membutuhkan internet nya untuk war tiket, tolong di perbaiki lagi... mungkin sedikit lebih bisa di stabilkan... karena internet saya sudah full.. dn memakai kartu indo*sat. tetap tidka bisa membeli tiket. loading nya juga sangat lama.",5,bagus lebih cepatm butuh internet nya war tiket di baik mungkin sedikit lebih di stabil internet sudah full dn pakai kartu indosat tetap tidka beli tiket loading nya sangat lama,positive
"server kebanyakan error, mohon untuk segera diperbaiki",4,server banyak error mohon segera baik,positive
"kenapa ya apk saya selalu eror, ga seperti sebelumnya",1,ya apk selalu eror ga belum,negative
"perbaiki dulu pembelian tiket di saat pergantian hari, server selalu penuh.",1,baik dulu beli tiket saat ganti hari server selalu penuh,negative
"baru jam 00.00 dah habis ludes mau ke balam, banyak banget calo tiket kayaknya",1,baru jam dah habis ludes mau balam banyak banget calo tiket kayak,negative
tolong servernya diperluas/diperbaiki,1,servernya diperluasdiperbaiki,negative
"server gampang down, mau batalkan pesanan ga bisa",1,server gampang down mau batal pesan ga,negative
bagus sih tapi kenapa harus ada member basic yg GK bisa diakses buat persulit penguna,1,bagus sih kenapa ada member basic yg gk akses buat sulit penguna,negative
"saya kasi bintang 1 krna apk ny mnurut saya jelek bgt, masa cuma antar kota aja nyari stasiun nya sampe Berjam"" tetap GK ketemu, dimasukin nama kota juga enggk ada, padahal dari stasiun Medan atau bandar Khalifah ke stasiun perlanaan (Simalungun) sampe searching ke google bolak balek, eh tetiba pas di cek lagi muncul itu stasiun nya dan jadwalnya, trus pas mau cek lagi malah GK muncul semua jadwalnya, subhanallah banget bobroknya apk ini, aneh !! tolong perbaiki dong.",1,kasi bintang krna apk ny mnurut jelek bgt masa cuma antar kota aja nyari stasiun nya sampe jam tetap gk ketemu dimasukin nama kota enggk padahal stasiun medan bandar khalifah stasiun lana simalungun sampe searching google bolak balek eh tetiba pas cek muncul stasiun nya jadwal trus pas mau cek malah gk muncul semua jadwal subhanallah banget bobrok apk aneh baik dong,negative
hayoh we loginnnn🤓,2,hayoh we loginnnn,negative
sangat membantu utk pemesanan tiket KAI,5,sangat bantu utk mesan tiket kai,positive
"error handlernya perlu diperhatikan lagi, soalnya malah ngasih socket back end nya",3,error handlernya perlu perhati soal malah ngasih socket back end nya,neutral
lebih ditingkatkan demi kebaikan,4,lebih tingkat baik,positive
mantap.. sat set... semua menjadi mudah dg KQI Access,5,mantap sat set semua jadi mudah dg kqi access,positive
loading sampe ketinggalan,1,loading sampe tinggal,negative
"setelah update jadi full loading, bagus sebelum update",1,update jadi full loading bagus update,negative
sangat memuaskan,5,sangat muas,positive
mantab,5,mantab,positive
nice so,5,nice so,positive
susah amat dapet tiketnya,2,susah dapet tiket,negative
sekarang kok tiap mau lihat jadwal kereta sering tidak bisa ya.,5,sekarang kok tiap mau lihat jadwal kereta sering bisa,positive
sejak update app untuk lebaran. app sering banget nge bug error. g mau tampilin jadwal. jadi g bisa mantau buat cari tiket. sm cs dimnta logout dn login lagi. tp cm kebatas 5x dalam satu jam. downgrade ini.,1,sejak update app lebaran app sering banget nge bug error g mau tampilin jadwal jadi g mantau buat cari tiket sm cs dimnta logout dn login tp cm batas x satu jam downgrade,negative
gagal terus daftar akun basic!!!,1,gagal terus daftar akun basic,negative
puas,5,puas,positive
"Biaya top up saldo terlalu mahal Rp. 2900, gimana kalau kita top up 6 anggota keluarga, sy menyarankan tmn2 scan e-toll aja atau e-card yg bisa diterima oleh KAI.",3,biaya top up saldo terlalu mahal rp gimana kalau top up anggota keluarga sy saran tmn scan etoll aja ecard yg terima kai,neutral
selalu memudahkan segala layanan,5,selalu mudah segala layan,positive
"Siang ini, bertepatan dengan H1 Lebaran 2026, saya beserta Ibu saya yang berusia 88 tahun & kakak yang berusia 66 tahun, menggunakan kereta api dari stasiun Madiun ke stasiun Solo Balapan. Ibu saya menggunakan kursi roda & membutuhkan bantuan untuk naik ke gerbong. Para petugas KAI di Stasiun Madiun maupun Solo Balapan, stand by & dengan sigap membantu kami sehingga perjalanan menjadi lebih mudah & menyenangkan. Terima kasih banyak kepada PT. KAI & semua petugas untuk pelayanan yang excellent.",5,siang tepat h lebaran serta ibu usia tahun kakak usia tahun guna kereta api stasiun madiun stasiun solo balap ibu guna kursi roda butuh bantu naik gerbong tugas kai stasiun madiun maupun solo balap stand by sigap bantu sehingga jalan jadi lebih mudah senang terima kasih banyak pt kai semua tugas layan yang excellent,positive
auruh upgrade member pas masukin otp error aneh g mau di beli apa gmn?,1,auruh upgrade member pas masukin otp error aneh g mau beli apa gmn,negative
bagus pelayanannya,4,bagus layan,positive
"eror trus kalo lgi rebutannnnn, gilaaa",1,eror trus kalo lgi rebutannnnn gilaaa,negative
goood,5,goood,positive
good,5,good,positive
baik,5,baik,positive
saat melakukan isi saldo kartu kmt tidak bisa dan hanya stuck di layar pembayaran. sudah menekan tombol lanjutkan namun layar tidak berubah ataupun saldo tidak bertambah,3,laku isi saldo kartu kmt bisa hanya stuck layar bayar tekan tombol lanjut layar ubah atau saldo tambah,neutral
kenapa ga bisa bisa upgrade ke member basic. waktu di verifikasi otp cuma loading doang ga keluar keluar,3,ga bisa upgrade member basic waktu verifikasi otp cuma loading doang ga keluar keluar,neutral
tepat,5,tepat,positive
mantap,5,mantap,positive
"untuk penjualan tiketnya aneh, masa mau beli tiket sebulan kedepan udah ngga ada tapi giliran udah beberapa hari lagi ada tapi cuma sedikit padahal saya mau beli sekeluarga. untuk ketersediaan tiketnya untuk lebih transparan lagi!!!",1,jual tiket aneh masa mau beli tiket bulan depan udah ngga gilir udah beberapa hari ada tapi cuma sedikit padahal mau beli keluarga sedia tiket lebih transparan,negative
"gatau kenapa KAI ACCESS saya setiap ngecek tiket di aplikasi selalu ga muncul, padahal di Web booking.kai.id bisa bisa aja, APK RUSAKKKK",1,gatau kai access tiap ngecek tiket aplikasi selalu ga muncul padahal web bookingkaiid bisa aja apk rusakkkk,negative
daftar basic udah kirim OTP gagal mulu. KAI sampah,1,daftar basic udah kirim otp gagal mulu kai sampah,negative
"sangat terbantu sekali,aplikasi mantab",5,sangat bantu sekaliaplikasi mantab,positive
"kerennnnn banget aplikasinya, user friendly, mesen atau refund mudah bangettt😍",5,kerennnnn banget aplikasi user friendly mesen refund mudah bangettt,positive
"aplikasinya bagus si, tapi sering eror. apalagi sering bgt ada tulisan no seat available padahal tiketnya masih ada.",3,aplikasi bagus si sering eror sering bgt tulis no seat available padahal tiket ada,neutral
"Sangat disayangkan, terdapat bug pada sistem yang mengakibatkan tidak adanya update tiket secara real time. Tidak tertulis apakah terdapat seat atau tidak, dan ketika ingin mencoba keluar, langsung terhitung memesan tiket dengan tagihan 0, sehingga tidak dapat melakukan pembayaran dan tidak dapat membatalkan pesanan. Tolong segera diperbaiki. Terimakasih.",1,sangat sayang dapat bug sistem akibat ada update tiket real time tulis dapat seat tidak ketika coba keluar langsung hitung mes tiket tagih tidak laku bayar tidak batal pesan segera baik terimakasih,negative
kenapa sih kok selalu sulit bgt pesennya pas hari raya,2,sih kok selalu sulit bgt sen pas hari raya,negative
"war tiket 00:00 WIB dibuka, 00:01 WIB udah ga bisa lagi mesen... seluruh tiket abis, luar biasa.... orang kaya ga masukin data lagi mau mesen",1,war tiket wib buka wib udah ga mesen seluruh tiket abis luar biasa orang kaya ga masukin data lagi mau mesen,negative
aplikasi swring teobel ga jelas,2,aplikasi swring teobel ga jelas,negative
Tidak bisa di akses??,5,bisa akses,positive
cukup membantu,5,cukup bantu,positive
Good,4,good,positive
dari tadi mau login gabisa bisa gila kali,1,tadi mau login gabisa gila kali,negative
Mantap,5,mantap,positive
aplikasi tolol,1,aplikasi tolol,negative
kadang tiker tersedia kadang engga,4,kadang tiker sedia kadang engga,positive
keren,5,keren,positive
masa gak bisa tiket KA lokal untuk 5 orang. kalo suami istri dah 2 orang. sama anak 3 atau 4 gimana. aneh2 aja. di saat yg lain membuka pelayanan. ini malah batasi pelayanan secara exream,1,masa gak tiket ka lokal orang kalo suami istri dah orang sama anak gimana aneh aja saat yg buka layan malah batas layan exream,negative
mantap mempermudah pelanggan,5,mantap mudah langgan,positive
bagus,5,bagus,positive
Bagus,5,bagus,positive
mau bayar tiket tapi susah diklik,3,mau bayar tiket susah klik,neutral
metode pembayaran kadang ga bisa pake Spay,3,metode bayar kadang ga pake spay,neutral
"tolong dong ini saya mau daftar jadi member basicc kaga bisa bisa, padahal udh dii isi bener tolong dong udh berapa kali daftar member basiic bacaan nya login dr gmail gada yg masuk ke Gmail... tolong dong diperbaiki lagi sistem nya",1,dong saya mau daftar jadi member basicc kaga bisa padahal udh dii isi bener dong udh berapa kali daftar member basiic baca nya login dr gmail gada yg masuk gmail dong baik sistem nya,negative
"Mau melakukan pembayaran aja susah banget, dicoba berkali-kali ga bisa terus. Mau dibatalkan ga bisa. Coba pesan lagi juga ga bisa.",1,mau laku bayar aja susah banget coba berkalikali ga terus mau batal ga coba pesan juga ga,negative
praktis,5,praktis,positive
aman,4,aman,positive
👮,5,,positive
apk bagus mudah digunakan,5,apk bagus mudah guna,positive
jos,5,jos,positive
"sudah dari lama mendaftar, begitu mau melengkapi daftar diri dan kode otp sudah saya masukkan kenapa begitu di pencet lanjutkan malah loading lama terus mulai dari awal puasa saya coba sampai sekarang nggak tau sudah berapa kali saya masukkan kode otp tetep aja loading lama terus ini gimana ya saya nggak bisa melengkapin data diri saya.",1,lama daftar mau lengkap daftar diri kode otp masuk begitu pencet lanjut malah loading lama terus mulai dari awal puasa coba sekarang tau berapa kali masuk kode otp tetep aja loading lama terus gimana saya bisa melengkapin data diri saya,negative
good job,5,good job,positive
"ngisi saldo kaipay TPI GK masuk ,tolong dibenahi lagi ya",1,ngisi saldo kaipay tpi gk masuk benah ya,negative
mantap,5,mantap,positive
udah beerapa kali konek shopee pay tp gagal. udah tu penumpang reduksi kadang bisa kadang gak. laganan makanan juga kalo belum aktif jangan dimasukkan ke aplikasi. saran perbaikan aplikasi aja. dan pastikan keamanan ewalet user ya.,3,udah beerapa kali konek shopee pay tp gagal udah tu tumpang reduksi kadang kadang gak lagan makan kalo aktif jangan masuk aplikasi saran baik aplikasi aja pasti aman ewalet user,neutral
okey,5,okey,positive
SANGAT MEMBANTU,5,sangat bantu,positive
bagus,5,bagus,positive
"tidak ada peningkatan dari dulu, server selalu down terus, padahal msi ada 10 seat tapi pas dibeli no seat available, apasih!????",1,tingkat dulu server selalu down terus padahal msi ada seat pas beli no seat available apasih,negative
"KAI bagian publikasi tolong artikelnya diperbaharui, jangan makan gaji buta. Kebanyakan artikelnya sudah tahun lalu semua, jangan remehkan masyarakat, masyarakat juga banyak yang rajin membaca. Fungsikan aplikasi KAI sebagai sarana untuk berkembang lebih baik lagi, semangat dan jangan dipersulit dengan malas.",2,kai bagi publikasi artikel baharu jangan makan gaji buta banyak artikel tahun lalu semua jangan remeh masyarakat masyarakat banyak rajin baca fungsi aplikasi kai sarana kembang lebih baik semangat jangan sulit malas,negative
makasih,5,makasih,positive
"masa ga ada jadwak kereta yg tersedia, perbaikin lah",1,masa ga jadwak kereta yg sedia perbaikin lah,negative
"mantab, terimakasih kai... sukses selalu kai top",5,mantab terimakasih kai sukses selalu kai top,positive
aplikasi yang sangat membantu tapi keseringan minta update,5,aplikasi sangat bantu sering minta update,positive
kenapa kreta Airlangga untuk booking 22 Maret di up. nya jam 00.20...??,4,kreta airlangga booking maret up nya jam,positive
mantap,5,mantap,positive
plis ka di mudahkan lah pembatalan tiketnya makasih,5,plis ka mudah lah batal tiket makasih,positive
"tiket kotabumi blm 1 menit langung sold out, hebat bangget.",1,tiket kotabumi blm menit langung sold out hebat bangget,negative
"gak bisa beli padahal ada seat, muncul note: no seat afailable.",3,gak beli padahal seat muncul note no seat afailable,neutral
"aplikasi yang sangat buruk. masa cuma satu kesalahan memasukkan kata sandi, akun di lock satu jam apa2an ini. aplikasi SAMPAH !!",1,aplikasi sangat buruk masa cuma satu salah masuk kata sandi akun lock satu jam apa aplikasi sampah,negative
so far so good,5,so far so good,positive
sgt bagus,5,sgt bagus,positive
aplikasi gg,1,aplikasi gg,negative
mudah dan simpel,5,mudah simpel,positive
mudik allhamdulilah,5,mudik allhamdulilah,positive
saya sudah beli tiket saldo pun sudah kepotong pas cek di menu TIKET SAYA kok belum ada tiket yang tersimpan?? padahal saldo saya sudah kepotong dan ketika mau cek tiket juga loading lama..,2,sudah beli tiket saldo sudah potong pas cek menu tiket kok ada tiket simpan padahal saldo sudah potong ketika mau cek tiket loading lama,negative
"sdh baik ,akan tetapi harus tetap mencari improvment yg baik lagi atas layanan Ke konsumen",5,sdh baik tetapi tetap cari improvment yg baik atas layan konsumen,positive
respon sangat baik,5,respon sangat baik,positive
sering eror,3,sering eror,neutral
rute sering hilang tidak ada jadwal muncul,2,rute sering hilang ada jadwal muncul,negative
oke,5,oke,positive
ok,5,,positive
sangat mudah tak perlu antri,5,sangat mudah tak perlu antri,positive
kualanamu ke medan jm 21:10-21:54. medan ke binjai 21:15-21:37..😢kok gk jm 21:54 lewat sih..dari medan ke binjai. kan gini gk bisa pulang.. untuk jdwal tgl 22 maret. tolong update dong min. kno-mdn. mdn-ke binjai.,4,kualanamu medan jm medan binjai kok gk jm lewat sihdari medan binjai kan gin gk pulang jdwal tgl maret update dong min knomdn mdnke binjai,positive
admin nya ga ngotak cuy,1,admin nya ga ngotak cuy,negative
PESEN TIKET KOK MALAH LOADING PARAHHHHH DARI DULU PENYAKITNYA SAMA GAK PERNAH LEBIH BAIK,1,sen tiket kok malah loading parahhhhh dulu sakit sama gak pernah lebih baik,negative
good,5,good,positive
membantu sekali,5,bantu sekali,positive
pesan tiket sangat mudah dengan menggunakan aplikasi acces by KAI,5,pesan tiket sangat mudah guna aplikasi acces by kai,positive
"Sangat memudahkan, best for KAI",5,sangat mudah best for kai,positive
Good.,5,good,positive
service ok,4,service,positive
goood,5,goood,positive
pembayaran lewat shopeepay aneh seperti bug 2 kali kaya gini apk aneh,1,bayar lewat shopeepay aneh bug kali kaya gin apk aneh,negative
sering eror! mohon di perbaiki,1,sering eror mohon baik,negative
cepat dlm pemesanan tiket....sangat membantu,5,cepat dlm mesan tiketsangat bantu,positive
"sering eror ya, tinggal bayar tiba tiba keluar sendiri, trs dialihkan ke tulisan selesaikan pembayaran tapi ga bisa dipencet, jadi bayarnya lewat mana? mau dibatalin ga bisa harus nunggu sisa waktu bayar habis, sekalinya nunggu tiket kereta lokalnya udh habis emg harus diperbaiki lagi sistemnya ini apalagi pembayaran yg lewat ovo & shopeepay, sering keluar sendiri",1,sering eror tinggal bayar tiba tiba keluar sendiri trs alih tulis selesai bayar ga pencet jadi bayar lewat mana mau dibatalin ga nunggu sisa waktu bayar habis sekali nunggu tiket kereta lokal udh habis emg harus baik sistem apalagi bayar yg lewat ovo shopeepay sering keluar sendiri,negative
kalo sering dibuka cek jadwal kereta luar kota tiba2 jadwal ga ada lgi untuk semua tgl,2,kalo sering buka cek jadwal kereta luar kota tiba jadwal ga lgi semua tgl,negative
"Nyusahin banget, kalo misal pesennya sekarang maksimal 4, yaaaa minimal gak usah dipisah tempat duduknya🥴 Stresss bgt sistem masa lebaran ini.",1,nyusahin banget kalo misal sen sekarang maksimal yaaaa minimal gak usah pisah tempat duduk stresss bgt sistem masa lebaran,negative
"gak jelas, apk banyak pembaruan yang justru bikin ribet",1,gak jelas apk banyak baru justru bikin ribet,negative
"Apa ini delay ga sesuai jadwal di tiket, masa ga profesional perkara ngalah sama kereta lain",1,apa delay ga sesuai jadwal tiket masa ga profesional perkara ngalah sama kereta,negative
useful! superb apps,5,useful superb apps,positive
"tolong banget ini mah kalo pembaruan tu makin bagus, bukan makin bosok😭",1,banget mah kalo baru tu makin bagus bukan makin bosok,negative
ptaktis dan sangat membantu,5,ptaktis sangat bantu,positive
"di hp saya saat ini tidak bisa dibuka, sebelumnya bisa dipakai Untuk pemesanan ticket,hp saya merk Oppo type A17, mohon dibantu, Karena saya hampir tiap hari menggunakan jasa kereta api Indonesia",1,hp saat tidak buka belum pakai mesan tickethp merk oppo type a mohon bantu saya hampir tiap hari guna jasa kereta api indonesia,negative
ini knpa skrng gabsa pesen tiket yaa katnya lg pemeliharaan,3,knpa skrng gabsa sen tiket yaa katnya lg pelihara,neutral
"dari kecil terbiasa naik kereta sejak tahun 1980an, jadi faham perkembangan pertiket ka an, pake aplikasi ini sangat mempermudah 👍",5,kecil biasa naik kereta sejak tahun an jadi faham kembang tiket ka an pake aplikasi sangat mudah,positive
"sangat membantu apk ini, tp hp sy bukan os 8 jadi tdk bisa meng update apk ini, dan sdh tdk bisa bookkng tiket disini, kalo sy harus ganti hp lg hanya krn utk update ini, sungguh terlalu, sdg hp sy masih bisa digunakan utk yg lain nya, saran sy jgn tll tinggi lah kalo apk untuk umum, jd sy kasih bintang 2 aja lah",2,sangat bantu apk tp hp sy bukan os jadi tdk meng update apk dan sdh tdk bookkng tiket sini kalo sy ganti hp lg krn utk update sungguh terlalu sdg hp sy bisa guna utk yg nya saran sy jgn tll tinggi lah kalo apk umum jd sy kasih bintang aja lah,negative
"apk ini sangat buruk sekali, selalu minta diulang2 bhkn sdh smp pembayaran gagal terus.",1,apk sangat buruk sekali selalu minta ulang bhkn sdh smp bayar gagal terus,negative
"kemajuan teknologi untuk mempermudah bukan sebaliknya, coba KAI, membuat program dalam aplikasi ini untuk memudahkan konsumen berangkat dari stasiun yang diinginkan ke stasiun tujuan cukup dengan 1 klik dan memberikan berbagai macam opsi kereta, baik commuter line, kereta lokal, dan kereta antar kota, sehingga kami konsumen dapat menyesuaikan kebutuhan cukup 1x membeli tiket semacam tiket terusan bila harus menggunakan lebih dari 1 macam jenis kereta (commuter line,lokal, dan antar kota)",5,maju teknologi mudah bukan balik coba kai buat program aplikasi untuk mudah konsumen berangkat stasiun ingin stasiun tuju cukup klik beri bagai macam opsi kereta baik commuter line kereta lokal kereta antar kota kami konsumen sesuai butuh cukup x beli tiket macam tiket terus bila guna lebih macam jenis kereta commuter lokal antar kota,positive
"cuma mau kasih saran seharusnya tiket kereta api dikelasifisikan jauh dekat harga tiket nya berbeda dong . KRL commuter Jabodetabek aja harga tiketnya tidak sama rata , masa kereta api nya jauh dekat harga tiket sama . semoga kereta api Indonesia bisa mendengarkan saran saya. salam hormat 🙏😊",4,cuma mau kasih saran tiket kereta api dikelasifisikan jauh dekat harga tiket nya beda dong krl commuter jabodetabek aja harga tiket sama rata masa kereta api nya jauh dekat harga tiket sama moga kereta api indonesia dengar saran salam hormat,positive
sangat bagus dan cepat,5,sangat bagus cepat,positive
tolong buat pangembang jang di persulit dong perangkat saya jadi ga bisa pasang aplikasinya,2,buat pangembang jang sulit dong perangkat jadi ga pasang aplikasi,negative
Minta pemulihan kata sandi gagal terus,5,minta pulih kata sandi gagal terus,positive
top markotop 👍👍👍,5,top markotop,positive
"ngaco,,,, gk ada jadwal yg tersedia,,,,",1,ngaco gk jadwal yg sedia,negative
"Proses pembatalan super lama, nunggu pending sampai 3 hari blm pengembalian dana, ayolah buat semuanya mudah dan simpel. mohon di perbaiki lagi🙏",1,proses batal super lama nunggu pending hari blm kembali dana ayo buat semua mudah simpel mohon baik lagi,negative
Susah banget yah pesen tiket,1,susah banget yah sen tiket,negative
pelayanan mudah ramah dan cepat gaess keren dah sesuai dengan teknologi saat ini hitungam detik udah dapat tiket yg kalian mau.asal masih ada kuotanya .udah yaa,5,layan mudah ramah cepat gaess keren dah sesuai teknologi ini hitungam detik udah tiket yg kalian mauasal ada kuota udah yaa,positive
"ga bisa verifikasi loding nya lama amat padahal sinyal bagus, ga jelas , padahal mau mesen tiket ha ribet anjirr pas di coba lagi malah ga bisa nunggu 1 hari",1,ga verifikasi loding nya lama padahal sinyal bagus ga jelas padahal mau mesen tiket ha ribet anjirr pas coba malah ga nunggu hari,negative
"Pemesanan tiket sangat mudah, jadi senang",5,mesan tiket sangat mudah jadi senang,positive
kenapa saya tidak bisa pesan tiket lewat aplikasi ini y?,5,saya bisa pesan tiket lewat aplikasi y,positive
mantap kai,5,mantap kai,positive
"jujur kecewa kok di hp saya tiket tidak teraedia, sedangkan d hp temen saya tersedia banyak",1,jujur kecewa kok hp tiket teraedia d hp temen sedia banyak,negative
good,5,good,positive
keren,5,keren,positive
"aplikasinya bagus banget tapi sayang service railfood nya lama banget, udah 1 jam order ga dateng dateng.",5,aplikasi bagus banget sayang service railfood nya lama banget udah jam order ga dateng dateng,positive
"UI sudah lumayan, cuma bisa minta tolong UI dikasih gambar detail gerbong/ arah keberangkatan, jadi ada sistem integrasi dengan pusat sarana dengan aplikasi supaya lebih memudahkan penumpang, apalagi dengan KA Tawang Alun yang notabennya ada perpindahan lg lajur kereta. Untuk UX bisa dimaksimalkan lagi dalam pemilihan kereta, karena agak risih dalam sistem antrian tiket karena banyak yg gk kebagian tiket, bisa di pertimbangkan dgn sistem in memory queue, data sementara di user kmdn ke database",4,ui lumayan cuma minta ui kasih gambar detail gerbong arah berangkat jadi sistem integrasi pusat sarana aplikasi lebih mudah tumpang dengan ka tawang alun notabennya pindah lg lajur kereta ux maksimal pilih kereta agak risih dalam sistem antri tiket banyak yg gk bagi tiket di timbang dgn sistem in memory queue data di user kmdn database,positive
"aplikasinya gabisa dibuka, layarnya hitam doang",1,aplikasi gabisa buka layar hitam doang,negative
memudahkan bgt. maaksih,5,mudah bgt maaksih,positive
pelayanan ok,5,layan,positive
"aplikasi apaan ini 18 maret baru install. buat cek harga. tapi satupun tiket engga ada baik yg sudah habis atau belum, ganti tanggal engga ngaruh. sengaja kasih b5 biar pada baca",5,aplikasi apa maret baru install buat cek harga satu tiket engga baik yg habis belum ganti tanggal engga ngaruh sengaja kasih b biar baca,positive
memuaskan,5,muas,positive
"tolong perbaiki, cek jadwal keberangkatan tiap 5-7x langsung ilang semua jadwal nya di semua hari tidak mau loading datanya, muncul tulisan tidak ada jadwal kereta (di semua hari) yang awalmada tiba"" hilang",1,baik cek jadwal berangkat tiap x langsung ilang semua jadwal nya semua hari mau loading data muncul tulis ada jadwal kereta semua hari awalmada tiba hilang,negative
Pembayaranya susah lag,2,pembayaranya susah lag,negative
"sangat sangat buruk, intinya buruk, masa saat hendak membeli tiket habis, tetapi saat akses kembali masih ada 4 kursi, saat mau membeli kembali habis.",2,sangat sangat buruk inti buruk masa hendak beli tiket habis akses masih kursi saat mau beli habis,negative
very useful thanks KAI Acces,5,very useful thanks kai acces,positive
Aplikasi sangat membantu,5,aplikasi sangat bantu,positive
"Bedakan mana jualan tiket dan mana jualan receh-recehan.. fokus aja sama penjualan tiket dan segala hal yang bersangkutan langsung dengan KAI, jangan segala diambil, jual tiket hotel pulsa pln paket data entertainment sudah ada ranahnya masing2.. rasanya jadi gak simple lagi ini access by KAI dan saking gak fokus nya penjualan tiket banyak eror ini aplikasi sering time out, masalah pembayaran kaipay, qris gak muncul.. Mohon segera diperbaiki lagi terimakasih.. Manajemen mana nih manajemen!!!",3,beda mana jual tiket mana jual recehrecehan fokus aja sama jual tiket segala yang sangkut langsung kai jangan segala ambil jual tiket hotel pulsa pln paket data entertainment ada ranah masing rasa jadi gak simple access by kai saking gak fokus nya jual tiket banyak eror ini aplikasi sering time out masalah bayar kaipay qris gak muncul mohon segera baik terimakasih manajemen mana nih manajemen,neutral
pelayanannya cepat dan mantap,5,layan cepat mantap,positive
"aplikasi lelet, gak sebagus dulu",1,aplikasi lelet gak bagus dulu,negative
min ini kenapa lagi toh dari jam 00.00 saya buka aplikasi kok dalam pemeliharaan terus. dan ini saya beli tiketnya gimana?,2,min kenapa toh jam buka aplikasi kok pelihara terus ini beli tiket gimana,negative
baik,5,baik,positive
"keren banget,jd gak usah jauh jauh Dateng ke loket",5,keren bangetjd gak usah jauh jauh dateng loket,positive
selalu nge bug.. dari tahun ke tahun ga ada perbaikan. gini mulu. padahal kereta lokal sekarang ga bisa beli di stasiun.belinya online.. Kenapa kalian ga berbenah yang betul. jengkelin. bahkan pembayaran ter debet 2 kali saking error nya aplikasi ini. makin lama makin jelek aja kualitasnya,1,selalu nge bug tahun tahun ga baik gin mulu padahal kereta lokal sekarang ga beli stasiunbelinya online kalian ga benah betul jengkelin bahkan bayar ter debet kali saking error nya aplikasi makin lama makin jelek aja kualitas,negative
Setiap tahun langganan error sudah mantengin dari 23.55 sampe 00.01 giliran mau input kursi invalid terusss sampe 00.30 masih invalid dan ujung² tiket habiss!!! ini tiap tahun kendalanya seperti ini teruss tolong lah KAI diperbaiki sistemnyaa,1,tahun langgan error mantengin sampe gilir mau input kursi invalid terusss sampe invalid ujung tiket habiss tiap tahun kendala ini teruss lah kai baik sistemnyaa,negative
"apacoba, tiket baru keluar, belum sempet beli masa udah habis, baru jam 8 loh, mau beli ketiduran malah udah habis, heran, mana pas tengah malam server down banget, delay banget gillaaaa",1,apacoba tiket baru keluar sempet beli masa udah habis baru jam loh mau beli tidur malah udah habis heran mana pas tengah malam server down banget delay banget gillaaaa,negative
kai lain kali perbesar server lah aku mau pulang dari Surabaya ke malang dari jam 12 Sampek sekerang gak dapet tiket pliss lah,1,kai kali besar server lah aku mau pulang surabaya malang jam sampek kerang gak dapet tiket pliss lah,negative
"benerin dulu servernya, data & wifi lancar lancar aja kok malah invalid, gjls",1,benerin dulu servernya data wifi lancar lancar aja kok malah invalid gjls,negative
lebih baik kedepannya perihal kecepatan sistem,3,lebih baik depan perihal cepat sistem,neutral
aplikasi nya lemot banget,2,aplikasi nya lot banget,negative
"perbaiki aplikasi ini, pesan selalu gagal server terus padahal sinyal bagus",1,baik aplikasi pesan selalu gagal server terus padahal sinyal bagus,negative
aplikasi lemot,1,aplikasi lot,negative
mau pesen sering eror,1,mau sen sering eror,negative
"4 kata, APLIKASI KAI SANGAT BURUK",1,kata aplikasi kai sangat buruk,negative
benahi server,4,benah server,positive
"aplikasi lemot, mau bayar pun susah",1,aplikasi lot mau bayar susah,negative
ngelag buat pesen tiket nya ngelag parah gangguan terus,1,ngelag buat sen tiket nya ngelag parah ganggu terus,negative
apk error trs padahal war tiket jam 00.00 invailid trs,1,apk error trs padahal war tiket jam invailid trs,negative
"aplikasi lemot, mau bayar aja susah banget sihhhh",1,aplikasi lot mau bayar aja susah banget sihhhh,negative
So far so good,4,so far so good,positive
"saran aku agar servernya ndak down karena kebanyakan orang yg masuk domain, mending servernya diperluas aja agar dapat lebih banyak menampung aktivitas di dalamnya",5,saran aku servernya ndak down banyak orang yg masuk domain mending servernya luas aja dapat lebih banyak tampung aktivitas dalam,positive
"aplikasi di kuasai Calo, ga nyaman saya sebagai penguna, meresahkan",1,aplikasi kuasa calo ga nyaman bagai penguna resah,negative
terima kasih PT KAI Indonesia,5,terima kasih pt kai indonesia,positive
mantappp,5,mantappp,positive
ok,5,,positive
"semoga saya dape tiket mudik besok malem, belum dapet",5,moga dape tiket mudik besok malem dapet,positive
mudah2an di akses,5,mudah akses,positive
cocok buat pesen tiket untuk pulang kampung/mudik kerja,4,cocok buat sen tiket pulang kampungmudik kerja,positive
lebih mudah memesan tiket kereta api cukup di rumah saja,5,lebih mudah mes tiket kereta api cukup rumah,positive
👍🇮🇩,5,,positive
aplikasi saat di lakukan pengisian untuk data diri akun basic selalu mengulang dr awal lagi,3,aplikasi di laku isi data diri akun basic selalu ulang dr awal,neutral
"baik tapi, bug",5,baik bug,positive
sering ngebug kadang ga muncul jadwalnya,1,sering ngebug kadang ga muncul jadwal,negative
sangat bagus,5,sangat bagus,positive
fitur tidak mudah digunakan.,1,fitur mudah guna,negative
aplikasi error mulu,1,aplikasi error mulu,negative
"tahun ini dapet kursi pisah"" ,kursi jatah cuma 4 ,parah bnget ,mohon bisa d tinjau ulang untuk taun depan",3,tahun dapet kursi pisah kursi jatah cuma parah bnget mohon d tinjau ulang taun depan,neutral
error saat pembatalan tiket,1,error batal tiket,negative
"data jadwal kereta tidak tersedia bahkan data jadwal kereta yang sudah penuh, aplikasi aneh",1,data jadwal kereta sedia bahkan data jadwal kereta sudah penuh aplikasi aneh,negative
Good job apk,5,good job apk,positive
semakin di update kok data jadwalnya malah kosong terus,1,makin update kok data jadwal malah kosong terus,negative
"kereta padang pariaman, jual tiket berdiri tapi g ada pegangan, kan gob***",2,kereta padang pariaman jual tiket diri g pegang kan gob,negative
senang,5,senang,positive
aplikasi tidak bagus terkadangsering error bikin pelanggan atau konsumen susah memesan tiket ka,1,aplikasi bagus terkadangsering error bikin langgan konsumen susah mes tiket ka,negative
Jaya selalu KAI,5,jaya selalu kai,positive
good service,5,good service,positive
bagus banget,5,bagus banget,positive
aplikasi yg sangat cepat di proses,5,aplikasi yg sangat cepat proses,positive
"update Mulu tapi informasi mengenai KA yang tersedia di setiap tanggal tidak bisa di tampilkan,GK mungkin juga setiap geser tanggal pemesanan selalu habis terus pasti ada kalanya penumpang sepi.tiap Minggu maintenance server tapi gak ada perubahan nya.",1,update mulu informasi kena ka sedia tiap tanggal bisa tampilkangk mungkin tiap geser tanggal mesan selalu habis terus kala tumpang sepitiap minggu maintenance server gak ada ubah nya,negative
"payah, ditingkatkan lg dong aplikasinya",1,payah tingkat lg dong aplikasi,negative
terbaiiikkk,5,terbaiiikkk,positive
trus berkarya Dan meningkatkan terus layanan on line yg lebih prima Dan mudah. tanks,5,trus karya tingkat terus layan on line yg lebih prima mudah tanks,positive
sangatt baik dan sangatt membantuu,5,sangatt baik sangatt membantuu,positive
"DI STASIUN KAI SIMPANG HARU KOTA PADANG, OJOL /OJEK MENGANTARKAN / MENJEMPUT PENUMPANG SAJA HARUS BYAR PARKIR 2000/ X MASUK,,, SUDAH KETENTUAN PJKA KATA PETUGAS",1,stasiun kai simpang haru kota padang ojol ojek antar jemput tumpang harus byar parkir x masuk tentu pjka kata tugas,negative
jumlah pembelian tiket online di batasi masak cuma 4 orang untuk 1 transaksi,1,jumlah beli tiket online batas masak cuma orang transaksi,negative
sangat mudah dan sangat membantu,5,sangat mudah sangat bantu,positive
Alhamdulillah.. commuter line.. pelajaran nya sangat Prima... mantap...!!!,5,alhamdulillah commuter line ajar nya sangat prima mantap,positive
Sangat membantu,5,sangat bantu,positive
bayarnya ga bisa ngelink ke shopee payah...,3,bayar ga ngelink shopee payah,neutral
kenapa cepet hbis trus jm 12 lemot nya masya allah,4,cepet hbis trus jm lot nya masya allah,positive
"Terlalu dipersulit untuk mendapat tiket,makin lama makin ribet",1,terlalu sulit dapat tiketmakin lama makin ribet,negative
tolong untuk sistem nya diperhatikan lagi ... jikalau sudah tidak mendapatkan tempat duduk itu pas pesan usahakan ditampilkan jangan pas udah bayar ada keterangan tidak ada tempat duduk kan repot sendiri ... apalagi bawa lansia juga kasihan kalau berdiri terlalu lama di gerbong,5,untuk sistem nya perhati jikalau dapat tempat duduk pas pesan usaha tampil jangan pas udah bayar terang tidak ada tempat duduk kan repot sendiri bawa lansia kasihan kalau diri terlalu lama gerbong,positive
aplikasi lambat respon,3,aplikasi lambat respon,neutral
"aplikasi letoiiiii kata e mempermudah nyatanya mempersulit.. . Betapa susahnya cari tiketnya padahal sudah jam 12.00 cuman loading mau pilih kursi.. .setelah loading cari lagi kursi sudah habis untuk yg lokal.. .kog bisa retingnya bintang 4,8",1,aplikasi letoiiiii kata e mudah nyata sulit betapa susah cari tiket padahal jam cuman loading mau pilih kursi loading cari kursi habis yg lokal kog retingnya bintang,negative
sulit pesen tiketmya,1,sulit sen tiketmya,negative
"aplikasi terparah ini,masa setiap kali mau war tiket selalu dalam perbaikan alhasil gak dapat tiket...jadi percuma juga punya aplikasi ini!!!",1,aplikasi parah inimasa kali mau war tiket selalu baik alhasil gak tiketjadi percuma punya aplikasi,negative
"ini knp sy gk bisa akses masuk, makin kesini menjengkelkan mana tiket udah D co",3,knp sy gk akses masuk makin kesini jengkel mana tiket udah d co,neutral
sippp,5,sippp,positive
LELETTTTTTT ....,1,lelettttttt,negative
bobrok,1,bobrok,negative
"habis di update kenapa susah banget sampa uninstall, harusnya klo udah instal versi terbaru ga si kenapa harus perlu update lagi",1,habis update susah banget sampa uninstall harus klo udah instal versi baru ga si harus perlu update,negative
"aplikasi lemot, udah pesen tiket kursi, malah keluar. mana lemot banget servernya",1,aplikasi lot udah sen tiket kursi malah keluar mana lot banget servernya,negative
makasih keren kai,5,makasih keren kai,positive
punya pemerintah emang sering erornya,1,punya perintah emang sering eror,negative
"ini kenapa ya saat jam 12 malam buat booking dari gubeng ke blitar selalu gk kebuka (warna abu abu), ini servernya penuh atau gimana? sudah 3 hari tidak pesan tiket. Lalu ada tulisan ""Jadwal Kereta Tidak Tersedia"" padahal saya sudah klik untuk menampilkan tiket yg sudah habis dan kosong tetap ada tulisan itu tadi. sangat mengecewakan, sama kalo tanpa kursi itu bisa pesan ya? kenapa ini gk bisa ""seat not available"",DAN SAAT BISA KENAPA ADA PEMBERITAHUAN ""INVALID SERVER RESPONSE""??? INI KENAPA WOI",4,jam malam buat booking gubeng blitar selalu gk buka warna abu abu servernya penuh gimana hari pesan tiket lalu tulis jadwal kereta sedia padahal klik tampil tiket yg sudah habis kosong tetap tulis tadi sangat kecewa sama kalo kursi pesan kenapa gk bisa seat not availabledan saat bisa kenapa ada pemberitahuan invalid server response kenapa woi,positive
"aplikasi geblek! bug nya kacau banget! ntr tersedia tiket, ntr udah abis. gitu aja terus, blog.",1,aplikasi geblek bug nya kacau banget ntr sedia tiket ntr udah abis gitu aja terus blog,negative
"aplikasi lemot,sudah klik malah error terus tidak bisa merespon jaringan padahal pakai wifi akhirnya tidak dapat kursi/kursi sudah terisi",1,aplikasi lemotsudah klik malah error terus bisa merespon jaring padahal pakai wifi akhir dapat kursikursi isi,negative
"server erorr , lemot parah , prlu prbaikan",1,server erorr lot parah prlu prbaikan,negative
Tahun Ini Bugnya Paling Parahhhhhhhhh,1,tahun bugnya paling parahhhhhhhhh,negative
application t4i udah di update gk bisa beli tiket tllol,1,application ti udah update gk beli tiket tllol,negative
"ngebug mulu, itu tiket tidak tersedia terus, sistem load nya benerin, jumlah tampung akses tambahin",1,ngebug mulu tiket sedia terus sistem load nya benerin jumlah tampung akses tambahin,negative
"setelah di update malah dipake buat pesen tiket tulisan nya tidak ada jadwal truss , sekali ada malah time out mulu lama-lama malah tambah rusakk apk nya",1,di update malah dipake buat sen tiket tulis nya jadwal truss sekali ada malah time out mulu lamalama malah tambah rusakk apk nya,negative
kenapa saat dibutuhkan malah ngebug aplikasinya gak bisa digunakan,1,saat butuh malah ngebug aplikasi gak guna,negative
setiap musim libur kenapa selalu down sistemnya? dan selalu berulang terus,2,musim libur selalu down sistem selalu ulang terus,negative
"apk banyak bug, masa jam 12 gak ada yg jaga di server",5,apk banyak bug masa jam gak yg jaga server,positive
yang buat serfer akses ini sangat membuat emosi konsumen..... setiap hari besar... pasti sangat sulit masuk dan dapatkan tiket..... paling jawabanya signal.... sekelas BUMN iT nya sangat ndomble.....,1,buat serfer akses sangat buat emosi konsumen hari besar sangat sulit masuk dapat tiket paling jawabanya signal kelas bumn it nya sangat ndomble,negative
"aplikasi paling buruk, bahkan sangat2 buruk buat semuanya... pesanan muter2 aja,huft...",1,aplikasi paling buruk bahkan sangat buruk buat semua pesan muter ajahuft,negative
aplikasi kurang Joss terlalu lama pas war tiket,1,aplikasi kurang joss terlalu lama pas war tiket,negative
susahh banget pesen tiket udah di tunggu2 sampek jam 12 masih erorrr terusss,2,susahh banget sen tiket udah tunggu sampek jam erorrr terusss,negative
jam 00.00 sudah mulai war tiket eh sampek jam 01.00 aplikasi bobrok gak bisa digunakan erorr terus mbok ya di benahi bikin naik darah terus,1,jam mulai war tiket eh sampek jam aplikasi bobrok gak guna erorr terus mbok di benah bikin naik darah terus,negative
"customer service nya ga berguna tidak membantu apa², dan pada saat membeli tiket,(server no respon) tolong di perbaiki systemnya kan slogan (makin melayani)!",1,customer service nya ga guna bantu apa pada beli tiketserver no respon di baik systemnya kan slogan makin layan,negative
sumpahh buruk SEKALEEE,1,sumpahh buruk sekaleee,negative
"Aplikasi KAI ini bagus sebenernya, cuma kebanyakan fitur loading page nya, lamaa bgt meskipun jaringan ku udah stabil. war tiket pakek 2 hp aja kebanyakan loading. tiba2 gaada seat nya. tiba2 habis tiketnya. ga konsisten bgt. di sisi lain, pemesanan tiket lokal cuma bisa lewat apk ini. kebanyakan pop up sesuai atau nggak sering eror pula aplikasinya. padahal kereta termasuk transportasi umum paling favoritku dan ramah bgt buat perempuan kek aku yg sering berpergian luar kota.",1,aplikasi kai bagus sebenernya cuma banyak fitur loading page nya lamaa bgt meski jaring ku udah stabil war tiket pakek hp aja banyak loading tiba gaada seat nya tiba habis tiket ga konsisten bgt sisi mesan tiket lokal cuma lewat apk banyak pop up sesuai nggak sering eror aplikasi padahal kereta masuk transportasi umum paling favorit ramah bgt buat perempuan kek aku yg sering pergi luar kota,negative
nge war tiket aja bosokk nge hang truss,1,nge war tiket aja bosokk nge hang truss,negative
"buat beli tiket susah amat yak, loading terus ujung²nya gagal. ini uda war dr jam 00.00",1,buat beli tiket susah yak loading terus ujung nya gagal uda war dr jam,negative
"makin kesini makin ancur aja ni aplikasi,, diupgrade bukan malah lebih baik malah lebih lelet....👎👎👎 harusnya kalian punya nilai plus secara fasilitas d lapangan....👎👎👎",1,makin kesini makin ancur aja ni aplikasi diupgrade bukan malah lebih baik malah lebih lelet harus kalian punya nilai plus fasilitas d lapang,negative
"Servernya tolong di perbesar lah, masak tiap war tiket mesti loading lama 😂😂😂",5,servernya di besar lah masak tiap war tiket mesti loading lama,positive
kereta api Prameks Hari ini sesuai dengan ekspektasi harga tiket murah ramah dikantong,5,kereta api prameks hari sesuai ekspektasi harga tiket murah ramah kantong,positive
server error,1,server error,negative
servernya benerin banyak erornya,1,servernya benerin banyak eror,negative
Sangat membantu tapi sering kali tiket tidak muncul atau tiba² habis pdhal sdh war di pukul 00.00. Mohon aplikasi diperbaiki lagi.,4,sangat bantu sering kali tiket muncul tiba habis pdhal sdh war pukul mohon aplikasi baik,positive
Aplikasi Apa Ini... masa mau pesan tiket gak bisa,1,aplikasi apa masa mau pesan tiket gak,negative
"buruk banget, mau menghubungi cs tapi harus nunggu lama dan bolak balik dikasih pertanyaan yang sama. aplikasi jelekkkkkk, bener2 buruk. benci banget sekarang pake aplikasi ini. sangat tidak membantu sama sekali lolll",1,buruk banget mau hubung cs harus nunggu lama bolak balik kasih tanya sama aplikasi jelekkkkkk bener buruk benci banget sekarang pake aplikasi sangat bantu sama sekali lolll,negative
"aneh memang Di Refresh Sekali masih ada Saat di Klik lagi tanggalnya Malah Gak ada Jadwal perjalanannya Kok,makin Gak jelas Aplikasinyaaa perbaiki Lagi BugNya.. beda sama di aplikasi pihak ke3 Di tanggal yg di Maksud,,,, All Available..",1,aneh memang refresh sekali klik tanggal malah gak ada jadwal jalan kokmakin gak jelas aplikasinyaaa baik bugnya beda sama aplikasi pihak di tanggal yg di maksud all available,negative
bagus,5,bagus,positive
kalo jadwal commuter line ga sesuai sama actuallnya ya gausah bikin jadwal commuter line kocag!!! contohnya jadwal trakhir tanah abang ke rangkas bitung pukul 23.00 tpi actualnnya kereta trakhir pukul 22.45 !!!,2,kalo jadwal commuter line ga sesuai sama actuallnya gausah bikin jadwal commuter line kocag contoh jadwal trakhir tanah abang rangkas bitung pukul tpi actualnnya kereta trakhir pukul,negative
pelayanan terbaik,5,layan baik,positive
pertama kali daftar sudah amat tapi Alhamdulillah bisa juga,5,pertama kali daftar amat alhamdulillah juga,positive
aplikasi lancar tanpa terkendalah semoga maju terus PT KAI,5,aplikasi lancar terkendalah moga maju terus pt kai,positive
"App nya eror, tolong",1,app nya eror,negative
RIBET BANGET KAI REFUND TIKET AJA NAMA HARUS SAMA SEPERTI NAMA TIKET UDAH TAU MAU RETUR TIKET KELUARGA DIKIRA BOCIL 1 TAHUN UDH PUNYA NO REKENING🗿😭😭😭,1,ribet banget kai refund tiket aja nama sama nama tiket udah tau mau retur tiket keluarga kira bocil tahun udh punya no rekening,negative
"apk nyusahin untuk refund dana, mana pake bank. udh di coba malah "" account not found "" padahal ada. udh bener kemarin ada refund dana pake e wallet malah nyusahin harus pake bank.",1,apk nyusahin refund dana mana pake bank udh coba malah account not found padahal udh bener kemarin refund dana pake e wallet malah nyusahin pake bank,negative
pemesanannya sangat mudah dan jelas,5,mesan sangat mudah jelas,positive
baik sekali,5,baik sekali,positive
"gak bisa dibuka, error terus",1,gak buka error terus,negative
bagus,5,bagus,positive
mantap,5,mantap,positive
"layanan call center gratis via wa gak ada gunanya dan pemahaman ttg knowledge cs buruk sekali,kita disuruh menunggu sampe 5 menit tpi bgtu tersambung langsung putus.dan gak ada sikap utk telfon balik,padahal di awal menyebutkan nama dan no wa.. makain jelek dan buruk pelayanannya,sekelas BUMN services sangat jelek.Apakah bisa diperbaiki hal2 seperti ini.. pesanan tiket yt berhasil sekarang gak ada notifikasi yg dikirim ke email.hanya ada di aplikasi.apa gak pernah sadar jika applikasi down gmna?",1,layan call center gratis via wa gak guna paham ttg knowledge cs buruk sekalikita suruh tunggu sampe menit tpi bgtu sambung langsung putusdan gak sikap utk telfon balikpadahal awal sebut nama no wa makain jelek buruk pelayanannyasekelas bumn services sangat jelekapakah baik seperti pesan tiket yt hasil sekarang gak notifikasi yg kirim emailhanya di aplikasiapa gak pernah sadar applikasi down gmna,negative
mantap pokokna mah,5,mantap pokokna mah,positive
sering bug aplikasinya,1,sering bug aplikasi,negative
oke,5,oke,positive
"sangat cepat penanganan, aplikasi sangat membantu",5,sangat cepat tangan aplikasi sangat bantu,positive
bisa Lihat peta KRL Dan LRT Jabodetabek/Jabodebek,5,lihat peta krl lrt jabodetabekjabodebek,positive
"apk gk jlass, masa iya gk bsa pembayaran pakai e-wallet",1,apk gk jlass masa iya gk bsa bayar pakai ewallet,negative
sangat terkesan,5,sangat kes,positive
bagus,5,bagus,positive
cepat trm ksh KAI,5,cepat trm ksh kai,positive
mantap,5,mantap,positive
mantap,5,mantap,positive
mantapp,5,mantapp,positive
"baru kali ini beli tapi kecewa ,udah war dari jam 00 buat tiket kereta hari raya ehh mlh uang udah kepotong di atm tapi tiket ga dapet karna pembayaran blm masuk .udah lapor ke bank nya katanya gara"" kai nya tiba"" ganti pake bank yg beda buat pembayaran sampek sekarang ga ada kejelasan masih nunggu uang kembali",1,baru kali beli kecewa udah war jam buat tiket kereta hari raya ehh mlh uang udah potong atm tiket ga dapet karna bayar blm masuk udah lapor bank nya kata gara kai nya tiba ganti pake bank yg beda buat bayar sampek sekarang ga jelas nunggu uang,negative
"ga bisa ganti metode pembayaran,dibatalin ga bisa hrs nunggu waktu habis",1,ga ganti metode pembayarandibatalin ga hrs nunggu waktu habis,negative
bagus,5,bagus,positive
cepat Dan tanggap,5,cepat tanggap,positive
mantaf,5,mantaf,positive
mantap,5,mantap,positive
"commuter line Dhoho lewat Kertosono tambahin lah, masa pesen tiket jam 00:00 ga sampe 5menit udah habiiss semua. atau tambahin yang bisnis. rutenya jauh loh padahal masa ga ada klas bisnisnya",1,commuter line dhoho lewat kertosono tambahin lah masa sen tiket jam ga sampe menit udah habiiss semua tambahin bisnis rute jauh loh padahal masa ga klas bisnis,negative
simple dan lengkap aplikasinya. The best,5,simple lengkap aplikasi the best,positive
aplikasi GJ sering eror udh nunggu tiket dari sebulan sebelumnya tau2 udh habis pdhl di pantengin tiap hari malah fokus ngasih ke calo kalau ga niat jual tiket mending hapus aja aplikasinya ngapain bikin aplikasi kalau ujung2nya banyak di kasi ke calo,1,aplikasi gj sering eror udh nunggu tiket bulan belum tau udh habis pdhl pantengin tiap hari malah fokus ngasih calo kalau ga niat jual tiket mending hapus aja aplikasi ngapain bikin aplikasi kalau ujung banyak kasi calo,negative
hadeh eror trs,1,hadeh eror trs,negative
praktis banget 🥰🥰,5,praktis banget,positive
agak eror dikit,3,eror dikit,neutral
"sekarang susah liat sisa kursi atau cek ketersediaan jadwal kereta, kosong pas di cek.. padahal lagi bener bener mau mantauin buat mudik 🥲",3,sekarang susah liat sisa kursi cek sedia jadwal kereta kosong pas cek padahal bener bener mau mantauin buat mudik,neutral
Tiket tidak Transparan.,1,tiket transparan,negative
"Pliss tambah fitur aktifkan notifikasi tunggu tiket tujuan yang ingin dibeli yang sudah habis sudah tersedia kembali kalo ada orang yang tiba"" cancel, kalo udah ada fiturnya aku tambah jadi bintang 5 🙏🙏",4,pliss tambah fitur aktif notifikasi tunggu tiket tuju ingin beli habis sudah sedia kalo orang tiba cancel kalo udah fiturnya aku tambah jadi bintang,positive
lemot,2,lot,negative
"KAI Acces tidak siap buat pesanan awal hari, diatas jam 00:05 aplikasi hang",1,kai acces siap buat pesan awal hari atas jam aplikasi hang,negative
"apk rusak giliran war tiket invalid server, waktu bisa beli jadwal dan tiket sudah hbis, gk jls banget",1,apk rusak gilir war tiket invalid server waktu beli jadwal tiket hbis gk jls banget,negative
"Entah HP aku yg kurang bagus atau aplikasi nya karna setiap beli tiket lokal bela""in bangun tengah malam tetep gak bisa dapet tiket selalu muncul no aset available atau gak eror kenapa ya",1,entah hp aku yg kurang bagus aplikasi nya karna beli tiket lokal bain bangun tengah malam tetep gak dapet tiket selalu muncul no aset available gak eror ya,negative
APK GAJELASS!!! KALO UDAH TAU YG LOKAL TUH BANYAK YG NYARI DITAMBAH JADWALNYA ATAU GERBONGNYA!!! UDAH WAR JAM 00:00 MALAH LOADING DOANG!! PAS DITANYA CS NYA MALAH SURUH NUNGGU 1 JAM KEDEPAN!!! YA GAK DAPET TIKET DONG DONGO!!! PERCUMA GW BANGUN JAM SEGITU WAR TIKET!!! AANJENG!!!,1,apk gajelass kalo udah tau yg lokal tuh banyak yg nyari tambah jadwal gerbong udah war jam malah loading doang pas tanya cs nya malah suruh nunggu jam depan gak dapet tiket dong dongo percuma gw bangun jam segitu war tiket aanjeng,negative
sangat sulit buat pean tiket,1,sangat sulit buat pean tiket,negative
"sngat lemot .aplikasi mkin lama mkin susah bgt.mkin aneh.smpk bela""in g tdr cti tiket mudik mlah error trs.akhrnya g dpt.tba"" selang sejam 01:00 bru bisa kebuka tp sdh hbis.bner"" jgnkel.knpa sih g diberlakukan beli tiket manual aja kyk dlu.",1,sngat lot aplikasi mkin lama mkin susah bgtmkin anehsmpk bain g tdr cti tiket mudik mlah error trsakhrnya g dpttba selang jam bru buka tp sdh hbisbner jgnkelknpa sih g laku beli tiket manual aja kyk dlu,negative
sangat buruk susah buat daftar,1,sangat buruk susah buat daftar,negative
"saya gagal mudik gara gara ini, udah 3 hari udah dua perangkat pesan tiket sama aja zonk.",1,gagal mudik gara gara udah hari udah perangkat pesan tiket sama aja zonk,negative
"di waktu krusial tiba tiba jadwal kereta tidak tersedia, padahal udah siap siap war... enaknya pakai access karna sudah simpan data penumpang dan bisa langsung pesan pulang pergi,, tapi karna sering down di waktu krusial, terpaksa pesan lewat booking.kai.id yg harus ngetik data pemesan dan tdk bisa pulang pergi.... semoga server ditingkatkan lagi supaya tidak down ketika customer mau war tiket",4,waktu krusial tiba tiba jadwal kereta sedia padahal udah siap siap war enak pakai access karna simpan data tumpang langsung pesan pulang pergi karna sering down waktu krusial paksa pesan lewat bookingkaiid yg ngetik data mes tdk bisa pulang pergi moga server tingkat supaya down customer mau war tiket,positive
"Ni apk klo pilih kursi terus kembali kenapa masuk ke pembayaran, dan harus nunggu 5m pembayaran yg ga ada kode bayarnya woioi",2,ni apk klo pilih kursi terus kenapa masuk bayar harus nunggu m bayar yg ga kode bayar woioi,negative
sangaat2 responsif.....,5,sangaat responsif,positive
keren,5,keren,positive
"sumpah ni aplikasi tidak berguna, setiap mau pesan tiket gak pernah dapat, banyak calo/mafia jadi sebatas formalitas saja, wkwk konoha2",1,sumpah ni aplikasi guna mau pesan tiket gak pernah banyak calomafia jadi batas formalitas wkwk konoha,negative
JosJissss,5,josjissss,positive
Kecewa dengan proses refund tiket yang berbelit hanya karena kesalahan nama tanpa spasi,1,kecewa proses refund tiket belit karena salah nama spasi,negative
mantaaabb,5,mantaaabb,positive
that simple tidak perlu antri:),5,that simple perlu antri,positive
sangat membantu jadi permudah kita dalam perjalanan,5,sangat bantu jadi mudah dalam jalan,positive
matap,5,matap,positive
GANTI MENHUBNYA,1,ganti menhubnya,negative
istri saya pesan gagal tapi transaksi pembayaran sdah masuk di akun pembayaran KAI ... bagaimana tanggung jawab KAI.. ???? sdah di chat tapi AI yang jawab dan tidak ada kejelasannya...,1,istri pesan gagal transaksi bayar sdah masuk akun bayar kai bagaimana tanggung jawab kai sdah chat ai jawab tidak jelas,negative
good,5,good,positive
keren.,5,keren,positive
"jadwal kereta tidak tersedia. saya lebih suka, semua yang berhubungan dengan publik biar dikelola swasta aja. rakyat cape ngasih tau mulu, yg ga perlu dikasish tau. bare minimum aja ga ngerti2. cape. gumoh. masa beli tiket gini doang eror, kalah sama primajasa sm budiman. ah elah.",1,jadwal kereta sedia lebih suka semua hubung publik biar kelola swasta aja rakyat cape ngasih tau mulu yg ga perlu dikasish tau bare minimum aja ga ngerti cape gumoh masa beli tiket gin doang eror kalah sama primajasa sm budiman ah elah,negative
kok GK bs ya pesan kereta api nya,3,kok gk bs pesan kereta api nya,neutral
SUSAH KALI MAU UPGRADE member basic,1,susah kali mau upgrade member basic,negative
download,5,download,positive
"kai kenapa sih, posisi urgent mau pulang malah ga muncul tiketnya, padahal jaringan juga full, gaada kendala apapun",3,kai sih posisi urgent mau pulang malah ga muncul tiket padahal jaring full gaada kendala apa,neutral
"ga jelas, cek tiket lewat web ada jadwal, tapi cek lewat aplikasi malah ga ada jadwal",1,ga jelas cek tiket lewat web jadwal cek lewat aplikasi malah ga jadwal,negative
"apk KAI ketika arus mudik lebaran kenapa selalu error yaaa ?? saran untuk developer tolong cepat di perbaiki dong, saya sebagai customer setia KAI merasa kesulitan menggunakan apk kalau begini..",3,apk kai arus mudik lebaran selalu error yaaa saran developer cepat baik dong bagai customer setia kai rasa sulit guna apk kalau begini,neutral
sangat baik pelayanan,5,sangat baik layan,positive
Good,5,good,positive
gak bisa pake ewalet,2,gak pake ewalet,negative
cepat,5,cepat,positive
aku lupa password akunku sdh aku klik lupa password tetap nggk bsia,1,aku lupa password akun sdh aku klik lupa password tetap nggk bsia,negative
top,5,top,positive
sangat praktis,5,sangat praktis,positive
ganggu bet mau pesan tiket banyak pop up yg muncul,1,ganggu bet mau pesan tiket banyak pop up yg muncul,negative
kenapa refund tiket harus ke bank BRI sedang kan saya hanya punya mandiri terus kalo bukan bank tidak bisa diproses dan itu pun harus 1 KK coba klo dalam 1 KK tidak ada yg punya bank BRI bagaimana di perbaiki lagi sistem nya,2,refund tiket ke bank bri sedang kan hanya punya mandiri terus kalo bukan bank bisa proses itu harus kk coba klo kk ada yg punya bank bri bagaimana baik sistem nya,negative
bug kadang,1,bug kadang,negative
gbisa d download,1,gbisa d download,negative
gabisa di instal,2,gabisa instal,negative
aplikasi enak gk ribet,5,aplikasi enak gk ribet,positive
ok lah,5,lah,positive
oke bagus,5,oke bagus,positive
terimakasih,5,terimakasih,positive
bagus,5,bagus,positive
"aplikasi gk guna,,muter muter mulu,,hapus aja dah",1,aplikasi gk gunamuter muter muluhapus aja dah,negative
"Tidak bisa cetak e boarding pass, padahal sudah 2 jam sebelum keberangkatan dan terus saya coba sampai 5 menit keberangkatan tidak juga bisa cetak e boarding pass. Alhasil saya di marahin sama petugasnya, karena ""kesalahan"" saya yang ga bisa cetak boarding pass. Aplikasi sudah update, tiket sudah bayar. Ga tau apa yang salah, mungkin saya emang tolol dan bodoh dan sudah sepantasnya di marah marahi dan di caci maki oleh petugas yg maha benar itu",1,cetak e boarding pass padahal jam berangkat terus coba menit berangkat juga cetak e boarding pass alhasil marahin sama tugas salah ga bisa cetak boarding pass aplikasi update tiket bayar ga tau apa yang salah mungkin emang tolol bodoh sudah pantas di marah marah di caci maki tugas yg maha benar,negative
kok nggak bisa instal aplikasi kai acces,5,kok bisa instal aplikasi kai acces,positive
"aplikasi nya lumayan baguss, tapi pelayanan nya kurang, setiap mau mengajukan komplen atau bertanya balasannya "" ketik N untuk tidak ketik Y untuk melanjutkan"" kenapa gtu ga langsung balas aja? saya lebih baik menunggu lama tpi ada balasan, dripda balasan otomatis seperti itu.",4,aplikasi nya lumayan baguss layan nya kurang mau aju komplen tanya balas ketik n tidak ketik y lanjut gtu ga langsung balas aja lebih baik tunggu lama tpi balas dripda balas otomatis itu,positive
Sangat mempermudah pemesanan tiket KAI,5,sangat mudah mesan tiket kai,positive
dengan KA lokal adalah alat angkutan yg murah meriah,5,ka lokal alat angkut yg murah riah,positive
kai tolong itu apknya buggg trsss saya mau pesan tiket pun tdk bisa eror tolong dong diperbaiiki,4,kai itu apknya buggg trsss mau pesan tiket tdk eror dong diperbaiiki,positive
mantap,5,mantap,positive
ini bagus banget effisien untuk trip dan apapun ditambah lagi saya railfans jadi tau loko dan stasiun depo juga,5,bagus banget effisien trip apa tambah saya railfans jadi tau loko stasiun depo,positive
aplikasi taii mau beli tiket ngaak bisa bisa tiba tiba sudah habis aja bangsaaat!!!!! Al hasil nggak dapat tiket hari ini mana tengah malam pula waktu nya orang tidur dari dulu nggak pernah berubah bener bener kecewa 😡😡😡😡,1,aplikasi taii mau beli tiket ngaak bisa tiba tiba habis aja bangsaaat al hasil dapat tiket hari mana tengah malam waktu nya orang tidur dulu pernah ubah bener bener kecewa,negative
"apknya suka eror, udah siap² dari awal nungguin jadwal nya di buka malah pas mau bayar eror, pas mau pesen lagi malah ada aja kendala nya , pdhal sinyal enak, dan tiba tiba bnget pas liat jadwal malah g muncul apa², aku tungguin lama² lah ternyata udh habis , apk nya ngeprank bngt yh, hatiku brisik bngt karna apk ini , g jadi mudik anjir, kecewa bngt knpa apk nya makin lama makin gini sih, yg sini setia menunggu yg di tunggu loading trs eh ternyata sdh habis, NGEPRANK NYA ITULOH NGEPRANK BANGET",1,apknya suka eror udah siap awal nungguin jadwal nya buka malah pas mau bayar eror pas mau sen malah aja kendala nya pdhal sinyal enak tiba tiba bnget pas liat jadwal malah g muncul apa aku tungguin lama lah nyata udh habis apk nya ngeprank bngt yh hati brisik bngt karna apk g jadi mudik anjir kecewa bngt knpa apk nya makin lama makin gin sih yg sini setia tunggu yg tunggu loading trs eh nyata sdh habis ngeprank nya ituloh ngeprank banget,negative
pencarian lambat terkadang tidak bisa untuk selanjutnya Sampek karcis habis padahal sudah dari awal jam Sampek karcis habis mohon diperbaruhi tempat karcisnya diperbanyak.,4,cari lambat terkadang bisa lanjut sampek karcis habis padahal dari awal jam sampek karcis habis mohon baruh tempat karcis banyak,positive
"rugi pesan jm00 aplikasi error, keluar trs masuk lagi kursi sudah habis.. lain kali sediakan kereta premium tambahan sprt lebaran th 2018",1,rugi pesan jm aplikasi error keluar trs masuk kursi habis kali sedia kereta premium tambah sprt lebaran th,negative
"apk gak jlas.. saya sdah standby smpek jam 00.00 mau psan tiket kereta buat kberngkatan tanggal 22 kok gak bsazdi cobak brkali2 loding muter2 mulu,ada psan server eror dll. ahkirnya tdak kbgian tiker kreta api. mohon penjelasannya ini,bgaimana ! di chek lgi sdah hbis... mau psan tiket aja di ruwetin bgini ! mksih. mohon responnya",1,apk gak jlas sdah standby smpek jam mau psan tiket kereta buat kberngkatan tanggal kok gak bsazdi cobak brkali loding muter muluada psan server eror ahkirnya tdak kbgian tiker kreta api mohon jelas inibgaimana chek lgi sdah hbis mau psan tiket aja ruwetin bgini mksih mohon responnya,negative
"aplikasi sangat menjengkelkan,saat war tiket dijam 00.00 selalu not responding alhasil kebagian tiket tanpa tempat duduk semoga lekas diperbaiki KAI access #BadApk",1,aplikasi sangat menjengkelkansaat war tiket jam selalu not responding alhasil bagi tiket tempat duduk moga lekas baik kai access badapk,negative
respon kurang cepat,5,respon kurang cepat,positive
"mau war loading trs pdhl sinyal jaringan aman refresh brkali"" ttp aj loading ntar pas bisa ket nya tersedia eh pas pesen gabisa"" kalo emg udh abis jngn kasih ket tersedia min biar ga cape"" ngewar kalo ujung"" nya tiket habis semuaa dn gadapet",1,mau war loading trs pdhl sinyal jaring aman refresh brkali ttp aj loading ntar pas ket nya sedia eh pas sen gabisa kalo emg udh abis jngn kasih ket sedia min biar ga cape ngewar kalo ujung nya tiket habis semuaa dn gadapet,negative
luemottt banget padahal jaringan oke tepi dari sananya susahh pesen tiket aja susahh banget,1,luemottt banget padahal jaring oke tepi sana susahh sen tiket aja susahh banget,negative
aplikasi mengecewakan dibelain melek tetep aja munyer2 alhasil g kebagian,1,aplikasi kecewa bain melek tetep aja munyer alhasil g bagi,negative
pas waktu di butuhkan lelet,3,pas waktu butuh lelet,neutral
"loading dan server down yang selalu menggangu pengguna, 1 jam buat booking waktu pembayaran malah close ke home, tolong lah 3 tahun begini kaga ada pembaharuan",1,loading server down selalu menggangu guna jam buat booking waktu bayar malah close home lah tahun begini kaga baharu,negative
"jadwal kereta tidak mau muncul, pas muncul katanya masih tersedia tanpa kursi malah gk bisa dipesan padahal data sudah sesuai semua selalu invalid tiap mau pesan atau malah keterangannya no seat sehingga tidak bisa di pesan padahal di jadwalnya masih tersedia",1,jadwal kereta mau muncul pas muncul kata sedia kursi malah gk pes padahal data sesuai semua selalu invalid tiap mau pesan malah terang no seat tidak pesan padahal di jadwal sedia,negative
"war dari jam 00:00, aman semuanya tapi lemotnya nauzubillah, loading teruuuuuus udah masuk pembayaran ga muncul2 qris nya kan bangke !",1,war jam aman semua lot nauzubillah loading teruuuuuus udah masuk bayar ga muncul qris nya kan bangke,negative
tolong lah KAI ini apknya mau war tiket ga bisasistem siatam tolong lah,1,lah kai apknya mau war tiket ga bisasistem siatam lah,negative
"Saya sebel waktu pemesanan tiket di jam 00:00 selalu aja di tolak terus sama sistemnya invalid lah segala macam lah, dan sampe saya tunggu 1 jam hasilnya masih sama aja eror dan itu saya jadi ga bisa naik kereta sebel banget mohon diperbaiki Maslaah tersebut min terimakasih🙏🏻",1,sebel waktu mesan tiket jam selalu aja tolak terus sama sistem invalid lah segala macam lah sampe tunggu jam hasil sama aja eror itu jadi ga naik kereta sebel banget mohon baik maslaah sebut min terimakasih,negative
server aplikasinya gk bisa handle trafic yang tinggi setiap saya ingin melakukan pembelian aplikasi selalu menggunakan server is not available lalu setelah setengah jam tiba-tiba jadi no seat available padahal saya adalah pengguna aplikasi ini dari tahun 2019 kalau ini tidak bisa di tangani saran saya kembalikan saja pembelian tiket secara offline seperti dulu percuma saya tidak bisa mudik karena selalu kehabisan tiket,1,server aplikasi gk handle trafic tinggi laku beli aplikasi selalu guna server is not available lalu tengah jam tibatiba jadi no seat available padahal adalah guna aplikasi dari tahun kalau tidak di tangan saran kembali beli tiket offline dulu percuma saya tidak mudik selalu habis tiket,negative
"sering kali naik kereta api Malang Blitar, PP. hemat dan nyaman",5,sering kali naik kereta api malang blitar pp hemat nyaman,positive
"masa tiap jam 1 server soak terus, di upgrade lah padahal uang udah banyak masa ga mau upgrade servernya",1,masa tiap jam server soak terus upgrade lah padahal uang udah banyak masa ga mau upgrade servernya,negative
"gajelas,banyak errornya perbaiki dulu yang benar!",1,gajelasbanyak errornya baik dulu benar,negative
"percuma ada aplikasi ini, sdh war tiket lokal pas jam 00, server error, tiket gk bisa diakses, beli tiket kayak antri sembako aj, sangat mengecewakan :(",1,percuma aplikasi sdh war tiket lokal pas jam server error tiket gk akses beli tiket kayak antri sembako aj sangat kecewa,negative
lemot jam 12 malam ga jelas,1,lot jam malam ga jelas,negative
aplikasi lemot di klik malah gkeluar jadwal kereta dari tahun ke tahun tetap saja nggak ada perbaikan,1,aplikasi lot klik malah gkeluar jadwal kereta tahun tahun tetap nggak baik,negative
"Semakin di-update semakin turun kualitas aplikasinya, sering error Mulu padahal lagi perlu. Lebih baik gak usah ada update kalau kualitas dari aplikasinya makin turun. Mengecewakan!!!",1,makin diupdate makin turun kualitas aplikasi sering error mulu padahal perlu lebih baik gak usah update kalau kualitas aplikasi makin turun kecewa,negative
aplikasi sering loading lama,1,aplikasi sering loading lama,negative
server gampang drop,2,server gampang drop,negative
"udah update bukannya tambah bagus malah tambah lelet, udah setting tanggal,penumpang,stasiun awal-tujuan malah error error, cs nya juga lelet, haduh haduh.",1,udah update bukan tambah bagus malah tambah lelet udah setting tanggalpenumpangstasiun awaltujuan malah error error cs nya lelet haduh haduh,negative
"server error mulu, benerin",1,server error mulu benerin,negative
knpa boarding pass nya gk kluar ya??,2,knpa boarding pass nya gk kluar,negative
"beuh call center e-mail bener"" mantap satset sukses selalu KAI",5,beuh call center email bener mantap satset sukses selalu kai,positive
"saya buka tepat jam 00.00 di pergantian hari,tapi di keterangannya jadwal tidak tersedia.sampai 15 menit otak Atik tetep aja.tolong perbaiki aplikasinya.",1,buka tepat jam ganti haritapi terang jadwal tersediasampai menit otak atik tetep ajatolong baik aplikasi,negative
"perbaikin lagi sistemnya kebanyakan loading, mau war tiket malah kaga nongol padahal sinyal aman bat laporan ribet",1,perbaikin sistem banyak loading mau war tiket malah kaga nongol padahal sinyal aman bat lapor ribet,negative
BOSOK,1,bosok,negative
Mantap,4,mantap,positive
di buat war tiket server invalid truss payahh.,1,buat war tiket server invalid truss payahh,negative
aplikasi lelet,1,aplikasi lelet,negative
bagus sangat membantu dan mempermudah dalam pemesanan tiket,5,bagus sangat bantu mudah mesan tiket,positive
beli tiket mudah,5,beli tiket mudah,positive
sangat membantu ..perjalanan,5,sangat bantu jalan,positive
kenapa si eror muluuuuuuuuuu,4,si eror muluuuuuuuuuu,positive
siip,4,siip,positive
"Bagus, semoga konsisten yaa",5,bagus moga konsisten yaa,positive
"update yg br makin lancar apanya min...lah wong msh suka error...masa utk lihat kereta yg sudah hbs gk muncul,padahal jaringan bgs n lancar...apalagi nyari batalan tiket susahnya setengah modar gk seperti dulu...blm lg semua tanggal gk ada yg d jual tiketnya utk kereta antar kota,masa hbs semua d setiap jadwal...yg d update apanya min?!",5,update yg br makin lancar apa min wong msh suka errormasa utk lihat kereta yg hbs gk munculpadahal jaring bgs n lancarapalagi nyari batal tiket susah tengah modar gk dulublm lg semua tanggal gk yg d jual tiket utk kereta antar kotamasa hbs semua d jadwalyg d update apa min,positive
"bukti pembayaran tidak bisa,padahal itu penting",1,bukti bayar bisapadahal penting,negative
potongan terlalu gede kalo batalin tiket,2,potong terlalu gede kalo batalin tiket,negative
mudah efisien efektif dalam pemesanan tiket,5,mudah efisien efektif mesan tiket,positive
KAI memang dihati.. pelayanan mudah perjalanan jadi indah,5,kai memang hati layan mudah jalan jadi indah,positive
saya puas pakai kai,5,puas pakai kai,positive
good,5,good,positive
muantaaaaap,5,muantaaaaap,positive
sangat kecewa dengan apk ini. mau cari tiket selalu tidak tersedia TPI coba di apk lain ada tiket dengan tujuan sama kenapa di KAI ACCESS GK ADA JADWAL NYA MOHON UNTUK DI PERBAIKI,1,sangat kecewa apk mau cari tiket selalu sedia tpi coba apk tiket tuju sama di kai access gk ada jadwal nya mohon di baik,negative
"akhir akhir ini sring ga refresh , smnjak d kosongin kalo pesan , pdhal kalo cek d chanel lain masih banyakk , sebaiknya kereta yg udah abis juga di tampilkan aja , jadi kesannya ga sering blank doang kaya skrang",1,akhir akhir sring ga refresh smnjak d kosongin kalo pesan pdhal kalo cek d chanel masih banyakk baik kereta yg udah abis di tampil aja jadi kesan ga sering blank doang kaya skrang,negative
aplikasi selalu lelet kalo buka dan mau beli tiket lokal gak ada evaluasi,1,aplikasi selalu lelet kalo buka mau beli tiket lokal gak evaluasi,negative
"Disuruh update tapi gak bisa,",5,suruh update gak,positive
"gagal terus masukin kode otp, padahal penting, jadi ga jadi pesan tiket di hp sendiri harus lewat orang lain",1,gagal terus masukin kode otp padahal penting jadi ga jadi pesan tiket hp sendiri lewat orang,negative
bagus,5,bagus,positive
good...,5,good,positive
system nya sangat mudah,5,system nya sangat mudah,positive
"duitku raib gara2 KAI, aduh lemotsi KAI ga jelas",1,duit raib gara kai aduh lemotsi kai ga jelas,negative
kenapa nggak bisa log in pas mau daftar lagi katanya lagi gangguan gmna ini,1,nggak log in pas mau daftar kata ganggu gmna,negative
mudah dalam pemesanan tiket kereta,5,mudah mesan tiket kereta,positive
kok aplikasinya kadang2 agak eror ya kadang ada tiket kadang juga hilang,5,kok aplikasi kadang eror kadang tiket kadang hilang,positive
"semoga pelayanannya terus ditingkatkan tanpa membedakan kelas, karena yg dilayani adalah warga sendiri, warga negara indonesia",5,moga layan terus tingkat beda kelas yg layan warga sendiri warga negara indonesia,positive
baik,5,baik,positive
baik,5,baik,positive
"Sudah instal KAI Access, mau update ke member Basic, data sudah diisi, OTP juga diterima dan langsung isikan, eh loading terus sampe habis batas waktu 2 menit. Sudah coba 7 kali, gagal selalu. Ada yang tau kenapa?",2,instal kai access mau update member basic data isi otp terima langsung isi eh loading terus sampe habis batas waktu menit coba kali gagal selalu yang tau,negative
"aplikasi error,gak layak sering down",1,aplikasi errorgak layak sering down,negative
mantap cuman jangan ad pelayanan dengan alasan jaringan. pake aiti yg amanah.,5,mantap cuman jangan ad layan alas jaring pake aiti yg amanah,positive
"kenapa g ada tempat duduk, bukannya dahulu sudah rapi, ini jadi berebutan lagi",5,g tempat duduk bukan sudah rapi jadi rebut,positive
"bagus, memudahkan, tapi sering pemeliharaan. semoga ada perbaikan kedepannya. sukses bersama selalu",4,bagus mudah sering pelihara moga baik depan sukses sama selalu,positive
aplikasinya ruwet susah,1,aplikasi ruwet susah,negative
mengurangi antrian di St.,5,kurang antri st,positive
min kenapa kai acess hri ini tidak bisa masuk ya,1,min kai acess hri tidak masuk,negative
"zukhaaa dengan aplikasi ini, sat set. bisa beli tiket di mana saja dan kapan saja",5,zukhaaa aplikasi sat set beli tiket mana dan kapan,positive
SUSAH DI AKSES,1,susah akses,negative
bagus,5,bagus,positive
apk lemot,1,apk lot,negative
Sudah bayar hingga 2× tetapi tiket malah hangus dan uang tidak kembali,1,bayar hingga tiket malah hangus uang kembali,negative
aplikasi cepat,5,aplikasi cepat,positive
Praktis dan ekonomis,4,praktis ekonomis,positive
udh ikut war dari 23.59 sampai 00.00 kok anehnya semua rute langsung habis ya. tujuan Rangkasbitung merak aneh sih,1,udh ikut war kok aneh semua rute langsung habis tuju rangkasbitung merak aneh sih,negative
muantapp,5,muantapp,positive
KERRENN BANGET KAI. SEMANGATT,5,kerrenn banget kai semangatt,positive
apk kebanyakan maintenance,1,apk banyak maintenance,negative
"karyawan ga becus, saya sudah order makanan dari jam 5 sore saat puasa sampai jam setengah 10 malam ga di kasih kasih",1,karyawan ga becus sudah order makan jam sore puasa jam tengah malam ga kasih kasih,negative
"Perbaiki bug nya !! Ketersediaan tiket tidak konsisten/stabil. Sebelumnya dicek ada, beberapa saat kemudian tidak ada. Setelah restart muncul lagi ketersediaannya, tapi waktu back menu sebelumnya terus cek lagi hilang lagi. Aneh.....🤦🏻‍♂️🤦🏻‍♂️",1,baik bug nya sedia tiket konsistenstabil belum cek beberapa kemudian ada restart muncul sedia waktu back menu belum terus cek hilang aneh,negative
"tolong tambahkan info rute semua kereta, agar tau harus naik darimana jika ingin ke tujuan tertentu, seperti aplikasi bus suroboyo",5,tambah info rute semua kereta tau naik darimana ingin tuju tentu aplikasi bus suroboyo,positive
Menu Railfood udh bagus bisa pesen online..TAPI DIANTERNYA NAUDZUBILLAH..LAMA..mending hapus aja fitur railfoodnya.,3,menu railfood udh bagus sen onlinetapi anter naudzubillahlamamending hapus aja fitur railfoodnya,neutral
mantap,5,mantap,positive
"TOLONG INI KAI, KENAPA EROR TERUS. INI SAYA MAU MUDIK JADI BINGUNG!!",1,kai eror terus ini saya mau mudik jadi bingung,negative
proses pengembalian dana sampai 7 hari?,1,proses kembali dana hari,negative
"KALIAN SEGITU BANYAKNYA STAFF DAN PEGAWAI, NELFON KE CS DOANG GADA YG ANGKAT. SISTEM MAU BATALKAN TIKET SAJA DIPERAULIT..INI KENA BADAI SY..MAU AJUKAN RESCHEDULE.. MALAH CS NYA NGILANG , PADA GA NIAT KERJA APA?!!! INI LG FITUR CHAT WA MAKE ROBOT BUAT APAAN, GA GUNA...COSTUMER SERVICE KO KAYA GINI. HERAN...HANGUS TIKET GUA ..GILIRAN KAI YG ADA KENA BENCANA MAEN CANCEL TIKRT PENUMPANG..GILIRAN PENUMPNG MAU CANCEL TIKET DIPERSULIT..KOCAK ??!!",1,kalian segitu banyak staff pegawai nelfon cs doang gada yg angkat sistem mau batal tiket diperaulitini kena badai symau aju reschedule malah cs nya ngilang ga niat kerja apa lg fitur chat wa make robot buat apa ga gunacostumer service ko kaya gin heranhangus tiket gua gilir kai yg kena bencana maen cancel tikrt penumpanggiliran penumpng mau cancel tiket dipersulitkocak,negative
"APK YANG KETIKA PENGGUNANYA RAME ATAU SEDANG WAR DISURUH GANTI GANTIAN PESANNYA (CONECTING TRAIN), GANGGUAN TERUS TAPI GAADA PERUBAHAN DAN PERBAIKAN",1,apk ketika guna rame sedang war suruh ganti ganti pesan conecting train ganggu terus gaada ubah baik,negative
good,5,good,positive
"aplikasi terjelek sejagad raya, pemilihan pembayaran tidak bisa dilakukan.Tabah lama tambah jelek aja, dulu nggak masalah sekarang ampun dah. Dan pembayaran terlalu cepat kadaluarsanya Masa iya sih harus ke stasiun dulu buat beli tiket... kembali ke jaman batu",1,aplikasi jelek sejagad raya pilih bayar bisa dilakukantabah lama tambah jelek aja dulu masalah sekarang ampun dah bayar terlalu cepat kadaluarsanya masa iya sih ke stasiun dulu buat beli tiket ke jaman batu,negative
mantab,5,mantab,positive
tidak upgrade and daftar,1,upgrade and daftar,negative
mudah,5,mudah,positive
"Hp aman, jaringan bagus, tapi Loadingnya kaya maen RDR 2 di ps 3... lama banget parah. menghambat banget ni apk",2,hp aman jaring bagus loadingnya kaya maen rdr ps lama banget parah hambat banget ni apk,negative
terimksih kai skrg lebih mudah,5,terimksih kai skrg lebih mudah,positive
josjis,5,josjis,positive
kok gak ada pergantian jadwal ticket padahal sudah di menu ticket mana kalau mau pergantian jadwal di stasiun jauh hadeeh...,1,kok gak ganti jadwal ticket padahal menu ticket mana kalau mau ganti jadwal di stasiun jauh hadeeh,negative
sangat memuaskan,5,sangat muas,positive
"gimana sih ini pembayaran e wallet nge lag banget, tolong dong",1,gimana sih bayar e wallet nge lag banget dong,negative
sangat memudahkan penumpang,5,sangat mudah tumpang,positive
"aplikasi rusak! loading screen tidak mau hilang, padahal internet sedang bagus, kalau mau bikin aplikasi anggaran nya dipakai semua tol*l, jangan dikorup!",1,aplikasi rusak loading screen mau hilang padahal internet sedang bagus kalau mau bikin aplikasi anggar nya pakai semua toll jangan korup,negative
sangat mudah dan nyaman.,5,sangat mudah nyaman,positive
"lewat acces KAI , pembatalan tiket lebih mudah nga perlu repot ke stasiun, thanks",5,lewat acces kai batal tiket lebih mudah nga perlu repot stasiun thanks,positive
"memudahkan informasi mengenai jadwal, pengecekan dan serta pembelian tiket KAI. menjadikan lebih efisien waktu",5,mudah informasi kena jadwal kece serta beli tiket kai jadi lebih efisien waktu,positive
"untuk Kereta lokal Penataran Surabaya-Blitar via Malang apa tidak bisa di tambahi lagi durasi pemesanan semisal 10 hari kedepan gitu, masa cuma 7 hari lagi keberangkatan di jam 06.00 tiket sudah habis semua",5,kereta lokal natar surabayablitar via malang apa bisa tambah durasi mesan misal hari depan gitu masa cuma hari berangkat jam tiket habis semua,positive
bisa gak kalau apel yang seragam hijau di stasiun serpong itu tidak menghalangi akses ke tempat parkir motor? macem yang punya wilayah. MENGHALANGI JALAN YANG LAIN.,1,gak kalau apel seragam hijau stasiun serpong tidak halang akses tempat parkir motor macem punya wilayah halang jalan lain,negative
sangat bagus 👍,5,sangat bagus,positive
"kenapa ya terkadang saat cek tiket masih ada keberangkatan di beberapa hari, lalu refresh tiba² tertulis jadwal keberangkatan tidak tersedia di semua waktu yang ada",3,ya terkadang cek tiket ada berangkat beberapa hari lalu refresh tiba tulis jadwal berangkat sedia semua waktu ada,neutral
"makin jelek, dulu bagus",1,makin jelek dulu bagus,negative
"kirain pas nyambungin akun e wallet kesini bisa buat bayar tiket kereta, ga tau nya ga bisa sama sekali",2,kirain pas nyambungin akun e wallet kesini buat bayar tiket kereta ga tau nya ga sama sekali,negative
pelayanan ramah doang ga membantu,1,layan ramah doang ga bantu,negative
sistem menjadi sangat jelek ketika dibutuhkan,1,sistem jadi sangat jelek butuh,negative
Waduh gak bisa pesan tiket gara-gara keluar dari pembelian. pas mau masuk gak bisa batalin . Ini gimana IT nya?,1,waduh gak pesan tiket garagara keluar beli pas mau masuk gak batalin gimana it nya,negative
ok,5,,positive
praktis dan bisa pesan 6h sebelum keberangkatan.,4,praktis bisa pesan h berangkat,positive
"saya membeli tiket prameks melalui kai acces dan membayar lewat qris bca dan gopay,, semua sudah berhasil namun kenapa tiket sya tidak berhasil melalukan pembayaran dan hangus ,jadi sudah kepotong biaya 3x gak ada 1 pun tiket yg berhasil .",1,beli tiket prameks lalu kai acces bayar lewat qris bca gopay semua hasil kenapa tiket sya hasil lalu bayar hangus jadi potong biaya x gak tiket yg hasil,negative
bagus cepat,5,bagus cepat,positive
terimakasih,5,terimakasih,positive
perjalanan semakin nyaman dg KAI,5,jalan makin nyaman dg kai,positive
"baikk cepat, simpel",5,baikk cepat simpel,positive
"ini kenapa untuk payment ngga bisa, banyak opsi payment tp eror semua",1,kenapa payment ngga banyak opsi payment tp eror semua,negative
Semoga gak gangguan saat Boarding di Stasiun,5,moga gak ganggu boarding stasiun,positive
"mahal amat biaya adminya top up 50k masuk 47,500,mending bayar lewat qris dari pada top up🤣🤣🤣",2,mahal biaya adminya top up k masuk mending bayar lewat qris pada top up,negative
saya suka amplikasi ini,5,suka amplikasi,positive
bagus banget,5,bagus banget,positive
"Perjalanan menyenangkan dan Aman, krn sdh didukung lingkungan yg bersiĥ, teratur dan nyaman.",5,jalan senang aman krn sdh dukung lingkung yg bersi atur nyaman,positive
"saya udah pesen tiket buat mudik. sekarang saya mau pesen lagi tiket buat baliknya tapi loading Mulu connect, padahal sinyal bagus tolong benerin. mau lebaran apk malah eror gajelas benerin pada niat kerja ga?. kalo tiket abis yang kasih tau tiket abis ini malah kadang muncul jadwal keretanya trus beberapa menit kemudian ilang lagi connect",1,udah sen tiket buat mudik sekarang mau sen tiket buat balik loading mulu connect padahal sinyal bagus benerin mau lebaran apk malah eror gajelas benerin niat kerja ga kalo tiket abis kasih tau tiket abis malah kadang muncul jadwal kereta trus beberapa menit kemudian ilang connect,negative
baik,5,baik,positive
makin sini makin aneh nih apk. masa mau beli tiket gak muncul terus,1,makin sini makin aneh nih apk masa mau beli tiket gak muncul terus,negative
mqntap,5,mqntap,positive
oke,5,oke,positive
"Aturan pembatalan yang mewajibkan rekening harus atas nama penumpang itu menyulitkan. Banyak tiket dibeli orang tua atau kerabat, apalagi kalau penumpangnya masih anak dan belum punya rekening. Mohon dipertimbangkan agar pengembalian bisa ke rekening pembeli tiket, bukan hanya atas nama penumpang. Terima kasih.",2,atur batal wajib rekening atas nama tumpang sulit banyak tiket beli orang tua kerabat kalau tumpang anak belum punya rekening mohon timbang kembali ke rekening beli tiket bukan atas nama tumpang terima kasih,negative
sistem lambat sering eror,2,sistem lambat sering eror,negative
"Terimakasih KAI yg telah membuat aplikasi ini sehingga pecinta kereta api terbantu untuk melakukan perjalanan bersama KAI tanpa terkena biaya aplikasi Travelling lain,seperti Traveloka dll",5,terimakasih kai yg buat aplikasi sehingga cinta kereta api bantu laku jalan sama kai kena biaya aplikasi travelling lainseperti traveloka,positive
aplikasi gila. aplikasi Indonesia kok Bontang diatas 4. gila ini kai Indonesia. jayajayajayajaya.,5,aplikasi gila aplikasi indonesia kok bontang atas gila kai indonesia jayajayajayajaya,positive
baik dan respon cepat,5,baik respon cepat,positive
bagus,5,bagus,positive
simple & friendly service for ticket reservation,5,simple friendly service for ticket reservation,positive
"Ribed sih, tapibia demi ke rapihan dan disiplin.",5,ribed sih tapibia ke rapihan disiplin,positive
baik,5,baik,positive
ok baik,5,baik,positive
ok versi terbaru bisa menggunakan qris dalam metode pembayaran. tapi ketika memesan dan qris tersebut tidak sempat di scan di dompet digital tetapi aplikasi kai mya terclose kita ga tau dimana mengakses qris sebelumnya kembali untuk di bayar. walaupun ada di menu menunggu pembayaran pesanan kita tetapi untuk qris nya entah dimana,4,versi baru guna qris metode bayar ketika mes qris sebut sempat scan dompet digital aplikasi kai mya terclose ga tau akses qris belum bayar walaupun di menu tunggu bayar pesan tetapi untuk qris nya entah,positive
Praktis dan cepat,5,praktis cepat,positive
cepat dna praktis,5,cepat dna praktis,positive
"kecewa banget sama ini aplikasi, saya klik tanggal pemesanan dengan benar tp tercetak tanggal yg salah.maju seminggu. resqedule kena admin,batalin kena admin.yang rugi konsumen. padahal yg salah sistem aplikasi mu yg error. ga ada solusi banget !",1,kecewa banget sama aplikasi klik tanggal mesan benar tp cetak tanggal yg salahmaju minggu resqedule kena adminbatalin kena adminyang rugi konsumen padahal yg salah sistem aplikasi mu yg error ga solusi banget,negative
buruk. pembatalan tiket ribet sekali jika kita membelikan tiket untuk org lain,1,buruk batal tiket ribet sekali kita beli tiket org,negative
aplikasi menyebalkan beli tiket buat anak NIK nya ngk bisa dimasukkin,1,aplikasi sebal beli tiket buat anak nik nya ngk dimasukkin,negative
mantap,5,mantap,positive
bagus,5,bagus,positive
baguss,5,baguss,positive
pelayanan via online nya cepat dan mudah,5,layan via online nya cepat mudah,positive
sangat membantu,4,sangat bantu,positive
ok,5,,positive
mantap,5,mantap,positive
sangat bagus untuk pemesanan tiket,5,sangat bagus mesan tiket,positive
apalah tiket sudah di batalkan tetap masih suruh bayar,1,apa tiket di batal tetap suruh bayar,negative
gak jelas ini aplikasi mau war tiket udah tinggal pilih kursi mlh ditolak Mulu giliran keluar tiketnya habis,1,gak jelas aplikasi mau war tiket udah tinggal pilih kursi mlh tolak mulu gilir keluar tiket habis,negative
Lebih jelek dan lebih lambat untuk sistem pembelian tiket daripada sistem lama,1,lebih jelek lebih lambat sistem beli tiket sistem lama,negative
"setiap pemesanan padahal saya saya sampe rela nunggu in tengah malam udah saya klik di waktu itu juga kenapa sering ada tulisan ""no Seat available"" kita butuh darurat jdi mohon bantuannya jangan di persulit",2,mesan padahal sampe rela nunggu in tengah malam udah saya klik waktu juga sering tulis no seat available butuh darurat jdi mohon bantu jangan sulit,negative
"banyak updatenya, lalu jika suda di update datanya hilang. waktu di masukin lagi gabisa katanya udah terdaftar. ga jelas",1,banyak updatenya lalu suda update data hilang waktu masukin gabisa kata udah daftar ga jelas,negative
"GABISA PESEN, PAS UDH PESEN GABISA DIBATALIN ALASANNYA TRANSACTION NOT FOUND, APK GAJELAS, TULISANNYA BEWARE APP RISK",1,gabisa sen pas udh sen gabisa dibatalin alas transaction not found apk gajelas tulis beware app risk,negative
aplikasi jam segini pesen tiket sudah habis gak masuk akal,1,aplikasi jam gin sen tiket habis gak masuk akal,negative
"apk macam apa ini, di jadwal tiket kursi tersedia, waktu mau pesan dan sudah isi daftar penumpang malah tidak bisa, makin di perbarui bukannya main bagus malah makin jelek!!",1,apk macam apa jadwal tiket kursi sedia waktu mau pesan sudah isi daftar tumpang malah bisa makin di baru bukan main bagus malah makin jelek,negative
error terus. Sudah di bayar tiket gak ada. mau pesan lagi tulisannya tidak bisa karena data sama dan double tiket. Aneh,1,error terus di bayar tiket gak mau pesan tulis bisa data sama double tiket aneh,negative
bukan nya di permudah malah di bikin sulit mesen online ini. mending sekali klik bisa. ini coba lagi coba lagi. tapi klo aku sendiri yg mesen bisa . pada hal saya mau mesen in nama ortu . malah gk bisa. tapi klo nama sendiri bisa.,1,bukan nya mudah malah bikin sulit mesen online mending sekali klik ini coba coba tapi klo aku sendiri yg mesen hal mau mesen in nama ortu malah gk tapi klo nama sendiri,negative
"sering error,tidak bisa pilih kursi",1,sering errortidak pilih kursi,negative
mantapp,5,mantapp,positive
hala habis teruss pesen gak bisa kuntull gak bisa mudik parah ni apk bikin gemesss ada calo kuntul mkany habis teruss parahhhhhhhhhhh,1,hala habis teruss sen gak kuntull gak mudik parah ni apk bikin gemesss calo kuntul mkany habis teruss parahhhhhhhhhhh,negative
satu dulu,1,satu dulu,negative
ok,5,,positive
bgus,5,bgus,positive
"estimasi waktu gak sesuai , wajar lah orang subsidi",1,estimasi waktu gak sesuai wajar lah orang subsidi,negative
setia dg kai,5,setia dg kai,positive
sangat Membantu sekali,5,sangat bantu sekali,positive
bagus sekali,5,bagus sekali,positive
servernya Tolonk di perbaiki :3,4,servernya tolonk baik,positive
"Bikin sinyal ilang2an setiap kereta lewat, Ganggu aja",1,bikin sinyal ilangan kereta lewat ganggu aja,negative
"aplikasi sering down, dan ga bisa cancel tiket",2,aplikasi sering down ga cancel tiket,negative
perjalanan lbh mudah dan efisien.,5,jalan lbh mudah efisien,positive
semua jadwal kosong kocak ni apk,2,semua jadwal kosong kocak ni apk,negative
"suka error kalo lagi mau pesan makan lewat aplikasi waktu dikereta, padahal sinyalnya bagus.....tolong perbaiki lagi",3,suka error kalo mau pesan makan lewat aplikasi waktu kereta padahal sinyal bagustolong baik,neutral
ok,5,,positive
sangat memuaskan,5,sangat muas,positive
Tingkatkan!!,5,tingkat,positive
hari ini tgl 11 Maret 2026 kereta tujuan Tangerang dari duri jadwalnya ngaret sudah tunggu dari 14.20 jam 14.45 kereta masih di tanah tinggi sampe duri bisa jam 3 lewat apaa apaan ini jadwalnya ngaret parah,1,hari tgl maret kereta tuju tangerang duri jadwal ngaret tunggu jam kereta di tanah tinggi sampe duri jam lewat apaa apa jadwal ngaret parah,negative
Terimakasih,5,terimakasih,positive
"gabisa refund langsung di apk, sedangkan langsung datang ke tempatnya ada kendala padam listrik lama sekali posisi tempat (st.pasar senin) tgl 11.03.2026 jam 14.25",1,gabisa refund langsung apk langsung datang tempat kendala padam listrik lama sekali posisi tempat stpasar senin tgl jam,negative
mantab n cepat,5,mantab n cepat,positive
"aplikasi gak guna, liat ketersedian tiket eror2 terus gak muncul, sekelas perusahaan bumn yg gak punya saingan aja gak bisa bikin aplikasi yang bener2 worth it.",1,aplikasi gak liat dian tiket eror terus gak muncul kelas usaha bumn yg gak punya saing aja gak bikin aplikasi bener worth it,negative
oke,5,oke,positive
makin ribet banyak error'nya padahal sinyal sudah sangat bagus,1,makin ribet banyak errornya padahal sinyal sangat bagus,negative
good,5,good,positive
"pengenaan antrian tidak logis, sering sekali apk eror dan tiket yang tersedia tiba² tidak bisa di beli. ini sangat merugikan konsumen. kedepan nya mohon di perbaiki kepastian ketersediaan tiket dan sistem aplikasi nya agar tidak sering eror.",1,kena antri logis sering sekali apk eror tiket sedia tiba bisa beli sangat rugi konsumen depan nya mohon baik pasti sedia tiket sistem aplikasi nya tidak sering eror,negative
bagus tapi selalu eror ga bisa pesen tiketny,3,bagus selalu eror ga sen tiketny,neutral
sering eror trs bayar pakai e Wallet juga sering gak bisa,2,sering eror trs bayar pakai e wallet sering gak,negative
belakangan ini aplikasinya sering eror tidak bisa membuka kereta lokal hanya loading saja,1,belakang aplikasi sering eror bisa buka kereta lokal loading,negative
"Aplikasi nya kebanyakan trouble!! Tolong diperbaiki dong masa iya trouble mulu dari dulu kaga pernah bener, Ada aja gangguan nya.",3,aplikasi nya banyak trouble baik dong masa iya trouble mulu dulu kaga pernah bener aja ganggu nya,neutral
bagus sekali mempermudah konsumen dan mudah digunakan,5,bagus sekali mudah konsumen mudah guna,positive
"aplikasi aneh telat bayar dikit malah jadi gabisa apa coba pas mau di batalin transaksi tidak ditemukan ,mau di transaksi malah gagal apa coba gini aja trus ga pernah bener kalo ada bintang 0 dikasih 0 nih aplikasi 👎👎👎👎",1,aplikasi aneh telat bayar dikit malah jadi gabisa apa coba pas mau batalin transaksi temu mau transaksi malah gagal apa coba gin aja trus ga pernah bener kalo bintang kasih nih aplikasi,negative
"Aplikasi dengan pengoperasian yang lamban padahal jaringan kuota dan wifi kagak lemot, lah ini aplikasinya lemot sendiri darisananya",1,aplikasi operasi lamban padahal jaring kuota wifi kagak lot lah aplikasi lot sendiri darisananya,negative
mantap,5,mantap,positive
"berat banget ui nya iklannya apalagi, mikirin lah setiap hp ada gen lama sama baru optimal gak, udah bayar eror lah inilah gak jelas lu",1,berat banget ui nya iklan mikirin lah hp gen lama sama baru optimal gak udah bayar eror lah ini gak jelas lu,negative
"BUG MULU, !!! gak bisa pesen tiket",2,bug mulu gak sen tiket,negative
"ini kenapa, jaringan saya bagus tapi pas liat pencarian jadwal muter nya lama banget, trus giliran udah masuk di metode pembayaran nya yang justru lebih lama? atasi dong KAI kenapa",3,jaring bagus pas liat cari jadwal muter nya lama banget trus gilir udah masuk metode bayar nya justru lebih lama atas dong kai kenapa,neutral
berat banget ui nya lag banget di HP gue,3,berat banget ui nya lag banget hp gue,neutral
dengan online memudahkan pemesanan tiketnya,5,online mudah mesan tiket,positive
"gk bisa di dowload lagi acces by kai nya, kata nya perangkat ku gk kompatibel versi terbaru trus gue harus beli ip gitu min biar bisa beli tiket kai",1,gk di dowload acces by kai nya kata nya perangkat ku gk kompatibel versi baru trus gue beli ip gitu min biar beli tiket kai,negative
"tolong dong pihak kai atur gimana baiknya, masa saya baru batalin tiket tp dicek HP satunya lagi selang beberapa detik udah zonk itu tiket yang tadi sy batalin, ke endap/ditahan dimana lagi tu tiket? masa iya kalah sama calo sdngkan calo tiket saja sistemnya ngewar sama aja dan satu lagi saya mau pesan tiket tp tiket tidak tersedia semua bahkan di klik tiket yg sudah habis pun tidak muncul?? kemarin adain war diskon tp gada tiket yang dijual parah sii makin kesini makin"" ni apk",1,dong pihak kai atur gimana baik masa baru batalin tiket tp cek hp satu selang beberapa detik udah zonk tiket tadi sy batalin endapditahan tu tiket masa iya kalah sama calo sdngkan calo tiket sistem ngewar sama aja satu lagi saya mau pesan tiket tp tiket sedia semua bahkan klik tiket yg habis tidak muncul kemarin adain war diskon tp gada tiket jual parah sii makin kesini makin ni apk,negative
"Access byk KAI, PROFESIONAL MANTAB LUAR BIASA. Pertahankan Pelayanan Terbaik",5,access byk kai profesional mantab luar biasa tahan layan baik,positive
"Mau pesen tiket malah kena bug terus, muncul ""jadwal kereta tidak di temukan"" di semua tanggal jadi bingung mau gimana 😮‍💨",2,mau sen tiket malah kena bug terus muncul jadwal kereta temu di semua tanggal jadi bingung mau gimana,negative
lebih mudah booking tiket,5,lebih mudah booking tiket,positive
kenapa saya tidak bisa mendownload aplikasi ini,1,saya bisa mendownload aplikasi,negative
bagus,5,bagus,positive
tolong developer masak mau update jadi member acses selalu stuck terus apk nya sampe panas hp udah diulang berapa kali tetep sama udah sampe kirim otp loh gitu terus ios padahal,1,developer masak mau update jadi member acses selalu stuck terus apk nya sampe panas hp udah ulang berapa kali tetep sama udah sampe kirim otp loh gitu terus ios padahal,negative
kenapa tahun 2026 Susah cari tiket selalu habis tiap tgl tiap hari habis,1,tahun susah cari tiket selalu habis tiap tgl tiap hari habis,negative
"aplikasi pemerintah, tapi kurang handal, seiring lag",2,aplikasi perintah kurang handal iring lag,negative
"dua malam begadang demi tiket mudik TNK - BTA tp server ga bisa akomodir, malah langsung habis karena Penumpang yang ambil rute TNK - Kotabumi. tolong diperbaiki KUALA STABAS untuk semua PENUMPANG SEMUA RUTE, bukan hanya Untuk Rute TANJUNG KARANG - KOTABUMI SAJA, Sistem Bobrok !",1,malam begadang tiket mudik tnk bta tp server ga akomodir malah langsung habis tumpang ambil rute tnk kotabumi baik kuala stabas semua tumpang semua rute bukan untuk rute tanjung karang kotabumi sistem bobrok,negative
"di aplikasi habis, beli di calo ready. kocak kk",1,aplikasi habis beli calo ready kocak kk,negative
Good app,5,good app,positive
cepat dan mudah,5,cepat mudah,positive
dari sekian banyak BUMN. KAI doang yang bagus. BUMN yang lainnya buat APK kaya sampah,5,sekian banyak bumn kai doang bagus bumn lain buat apk kaya sampah,positive
"sever error terus, sekelas KAI apk nya sangat sangat jelek tidak dapat memesan tiket server sering down",1,sever error terus kelas kai apk nya sangat sangat jelek dapat mes tiket server sering down,negative
ok,5,,positive
Lemot payah gak jelas..!!! sering eror gak jelas,1,lot payah gak jelas sering eror gak jelas,negative
praktis,5,praktis,positive
sukses selalu KAI,5,sukses selalu kai,positive
RUWET,1,ruwet,negative
aplikasi gajelas kebanyakan error. masa setiap mau bayar gagal terus pending lama nunggu and pasti keluar halaman. DEVELOPER LU GANTII. BANYAK BUZZER BINTANG 5 MAKANYA GA BERBENAH,1,aplikasi gajelas banyak error masa mau bayar gagal terus pending lama nunggu and keluar halaman developer lu ganti banyak buzzer bintang makanya ga benah,negative
semakin ok,5,makin,positive
jos,5,jos,positive
mudah😎,5,mudah,positive
sulit sekali melakukan pembayaran!!!!!!!,2,sulit sekali laku bayar,negative
sangat membantu pelayanan transportasi keluarga saya,5,sangat bantu layan transportasi keluarga,positive
APLIKASI BIKIN BEBAN !!!! MAU CANCEL AJA HARUS KIRIM OTP EMAIL DAN NO HP.. PARAH MAKAN UANG HARAM HAK PENUMPANG KAI.!!!,1,aplikasi bikin beban mau cancel aja kirim otp email no hp parah makan uang haram hak tumpang kai,negative
top-up udah 2 hari masih blm ada masuk masuk gimana ini,1,topup udah hari blm masuk masuk gimana,negative
"saya naik kereta Cikuray dr cikampek ke jatinegara no kursi deket jendela, tapi yg dudukin orang lain, tolong pak di informasikan lagi ancam orang yg ga sesuai tempat duduknya. himbauan berlaku untuk seluruh penumpang ya, bukan orang-orang tertentu doang. (kecuali kereta lokal bebas tempat duduk)",1,naik kereta cikuray dr cikampek jatinegara no kursi deket jendela yg dudukin orang tolong pak informasi ancam orang yg ga sesuai tempat duduk himbauan laku seluruh tumpang bukan orangorang tentu doang kereta lokal bebas tempat duduk,negative
terima kasih,5,terima kasih,positive
mantap,5,mantap,positive
"tolong kai d perbaiki lagi aplikasi nya , cek d aplikasi kai jadwal kereta kosong semua per tgl nya , giliran cek di traveloka jadwal muncul ,, gimana ini ,",1,kai d baik aplikasi nya cek d aplikasi kai jadwal kereta kosong semua per tgl nya gilir cek traveloka jadwal muncul gimana,negative
aplikasinya kaya sampah,1,aplikasi kaya sampah,negative
"halo.. membatalkan booking ditengah proses, masuk dalam kategori booking kah? karena dapat notif batas booking 6x padahal belum capai angka segitu untuk yang sudah saya booking. Bug atau memang begitu?",3,halo batal booking tengah proses masuk kategori booking karena notif batas booking x padahal capai angka segitu yang saya booking bug memang,neutral
"apalah aplikasi GK jelas padahal metode pembayaran nya banyak tapi pada GK bisa dan juga saya sudah melakukan semua langkah nya tapi percuma semua, memang tll",1,apa aplikasi gk jelas padahal metode bayar nya banyak pada gk dan saya laku semua langkah nya percuma semua memang tll,negative
makin gampang beli tiket kereta tanpa harus ke stasiun,5,makin gampang beli tiket kereta harus stasiun,positive
mantf,5,mantf,positive
"Emm, najong",5,emm najong,positive
enak,5,enak,positive
sangat membantu,5,sangat bantu,positive
good,5,good,positive
sangat baik,5,sangat baik,positive
mantap,5,mantap,positive
kenapa saldo saya belum masuk saja dr kmrn..pdhl saldo di rekning sudah berkurang..komplem hrs kmn klo kya gn..mna gda fitur chat admin lagi.aneh bgt ni KAI .,1,saldo belum masuk dr kmrnpdhl saldo rekning berkurangkomplem hrs kmn klo kya gnmna gda fitur chat admin lagianeh bgt ni kai,negative
"tiket buat lebaran habis terus, sistemnya atau ada orang dalam ini emang susah!!",1,tiket buat lebaran habis terus sistem ada orang ini emang susah,negative
"Sangant membantu,.",5,sangant bantu,positive
"mau cek tiket kereta aja error trus, tolong lah di benerin apk nya, masa iya lebaran mau beli tiket error",2,mau cek tiket kereta aja error trus lah benerin apk nya masa iya lebaran mau beli tiket error,negative
"max.4org sdgkan 1klrg 5anggota... lalu pesan lgi dgn rute yg sm, dgn akun yg sm tdk bisa... mohon aplikasi diupgrade lgi...",1,maxorg sdgkan klrg anggota lalu pesan lgi dgn rute yg sm dgn akun yg sm tdk mohon aplikasi diupgrade lgi,negative
"pemesanan menjadi lebih cepat, transparan dan adil.",5,mesan jadi lebih cepat transparan adil,positive
sangat puas,5,sangat puas,positive
berguna..,5,guna,positive
ok,5,,positive
okeee,5,okeee,positive
apknya kumat lgi masa kmrn aku mau beli jam 00.00 udh abis buat seminggi kedepannya aneh bgt,1,apknya kumat lgi masa kmrn aku mau beli jam udh abis buat seminggi depan aneh bgt,negative
"proses mudah dan cepat, mantapp",5,proses mudah cepat mantapp,positive
info untuk apk nya ini kok maintenance ya,1,info apk nya kok maintenance,negative
Bagus,5,bagus,positive
ok,5,,positive
mantap gk ribet,5,mantap gk ribet,positive
bagus baik,5,bagus baik,positive
good job,5,good job,positive
datang musim mudik apknya dioatik atik mlulu,5,datang musim mudik apknya dioatik atik mlulu,positive
ok,5,,positive
"aplikasi gak guna, bayar aja kok ribet banget susah dapetin nya, mending yang gratisan dah",1,aplikasi gak bayar aja kok ribet banget susah dapetin nya mending gratis dah,negative
server lemot,1,server lot,negative
antri gajelas,1,antri gajelas,negative
keren komplit,4,keren komplit,positive
"kok makin susah beli tiket aja napa dah, stuck ga nampilin kursi yg tersedia",2,kok makin susah beli tiket aja napa dah stuck ga nampilin kursi yg sedia,negative
sistem antrian busuk,1,sistem antri busuk,negative
bagus min,5,bagus min,positive
"mau pilih jadwal tiket loading ga karu²an lamanyaa, pdhl udah ditunggu 15 menit lebih masih sama aja disuruh. nunggu satu menit dan g kelar2, update lagi dong aplikasinya biar g ngebug",2,mau pilih jadwal tiket loading ga karu an lamanyaa pdhl udah tunggu menit lebih sama aja suruh nunggu satu menit g kelar update dong aplikasi biar g ngebug,negative
SERING EROR,3,sering eror,neutral
"flash sale program lucu2an dari KAI, akses dibatasi, kebijakan antrian dan pembatasan akses aplikasi merugikan customer, tiket anda itu sudah tidak murah dan tidak pro rakyat, harusnya sudah tidak ada lagi pembatasan dan antrian.",1,flash sale program lucu kai akses batas bijak antri batas akses aplikasi rugi customer tiket itu tidak murah tidak pro rakyat harus tidak lagi batas antri,negative
terima kasih access by kai dan membantui orang yang mau naik kereta cepat,5,terima kasih access by kai bantu orang mau naik kereta cepat,positive
😃,5,,positive
"bangkeeeeeeee,tahun kemarin pas tanggal 19 puasa pasti elorrrr gak jadi beli tiket,pas besoknya beli udah pada habissss sekarang elorrrrr,masa lebaran di kampung orang lagi",1,bangkeeeeeeeetahun kemarin pas tanggal puasa elorrrr gak jadi beli tiketpas besok beli udah habissss sekarang elorrrrrmasa lebaran kampung orang,negative
"aku berterimakasih bngt sama ga tau namanya apa ya cuman kya polri gitu didalem gerbong, aku kehilangan ktp laporan sama dia langsung dicariin trs ketemu doang Alhamdulillah. makasih untuk mas siapapun itu semoga rizkinya makin dilancarkan ya mas Aamiin..",5,aku berterimakasih bngt sama ga tau nama apa cuman kya polri gitu dalem gerbong aku hilang ktp lapor sama langsung dicariin trs ketemu doang alhamdulillah makasih mas siapa moga rizkinya makin lancar mas aamiin,positive
kejadian 3x beli tiket suka beda tanggal sama yg di beli jadi bikin ga mood harus nunggu kereta lagi sampe 2 jam tolong dong diperbaiki bug begitu,1,jadi x beli tiket suka beda tanggal sama yg beli jadi bikin ga mood nunggu kereta sampe jam dong baik bug,negative
sangat bagus,5,sangat bagus,positive
Cepat,5,cepat,positive
lebih mudah membeli tiket dri yg paling murah,5,lebih mudah beli tiket dri yg paling murah,positive
tercepat,5,cepat,positive
error terooooooooss,4,error terooooooooss,positive
mantp bangett,5,mantp bangett,positive
bagus,5,bagus,positive
kenapa apk ini enga bisa dii download lagi sii di hp Oppo A31,3,apk enga dii download sii hp oppo a,neutral
mudah digunakan dan keren,5,mudah guna keren,positive
"min tolong sistemnya dipermudah, masa cuman pembatalan tiket ada delay so bad, truss untuk pas ingin order, truss saya batalkan order kembali karena berubah pikiran, ehh kenapa ada batasannya sih? kan gak jadi Order.",1,min sistem mudah masa cuman batal tiket delay so bad truss pas order truss batal order karena ubah pikir ehh ada batas sih kan gak jadi order,negative
"Setelah update malah ngawur min Jadwal keret kosong semua udah gant2 tanggal yang tadinya masih ada Jadwal semua,tolong diperbaiki lah seperti sebelumnya atau aplikasi lainnya",1,update malah ngawur min jadwal ret kosong semua udah gant tanggal tadi ada jadwal semuatolong baik lah belum aplikasi lain,negative
bagus,5,bagus,positive
aplikasi sampah 😤 di aplikasi tempat duduk terakhir di nomor 17. . pada kenyataannya sampai nomor 21,1,aplikasi sampah aplikasi tempat duduk akhir nomor nyata nomor,negative
pelayanan cepat,5,layan cepat,positive
ga bisa check-in online ya?!,3,ga checkin online,neutral
versi update 15 februari 2026 eror trs,1,versi update februari eror trs,negative
mantap,5,mantap,positive
jadwal kereta selalu eror,2,jadwal kereta selalu eror,negative
"aneh,mesen jam 00.00 dari tiket tersedia tiba2 jadi ""No seat available"" aneh aneh",1,anehmesen jam tiket sedia tiba jadi no seat available aneh aneh,negative
"ga masuk akal, semenit abis total tu",1,ga masuk akal menit abis total tu,negative
aplikasi makin lama bkn makin bagus malah makin bobrok. setiap update kenapa harus daftar member basic lagi???? juga kenapa sudah mengikuti prosedur tapi ttep gagal???? kenapa harus ke loket stasiun baru bisa daftar member basic??? aplikasi bukan mempermudah malah mempersulit!!!!!!,1,aplikasi makin lama bkn makin bagus malah makin bobrok update harus daftar member basic juga sudah ikut prosedur ttep gagal harus loket stasiun baru daftar member basic aplikasi bukan mudah malah sulit,negative
baik,5,baik,positive
apk busuk,1,apk busuk,negative
aplikasi apaan ini.. pesan tiket cuma maksimal 4 orang.. makin jelek aj layanan.. makin mahal pula..,1,aplikasi apa pesan tiket cuma maksimal orang makin jelek aj layan makin mahal,negative
mantap,5,mantap,positive
baikk,5,baikk,positive
ada udah di balik batu batunya hilang penumpang nya datang😂,5,udah balik batu batu hilang tumpang nya datang,positive
bantu golongan bawah untuk tiket lebaran di buat diskon 50% sebagai keberkahan KAI,5,bantu golong bawah tiket lebaran buat diskon berkah kai,positive
Kapan tiket supaspro mulai bisa dipesan lewat sini?,5,kapan tiket supaspro mulai pes lewat sini,positive
"Aplikasi KAI ACESS saya knpa ga bisa buat ngeliat jadwal yah?semua jadwal dr bulan Februari,Maret,April ga nongol.Haya bertuliskan tiket tidak tersedia",5,aplikasi kai acess knpa ga buat ngeliat jadwal yahsemua jadwal dr bulan februarimaretapril ga nongolhaya tulis tiket sedia,positive
Admin kai121 fast respon. semoga selalu membantu untuk penumpang setia kereta api Indonesia,5,admin kai fast respon moga selalu bantu tumpang setia kereta api indonesia,positive
pelayanan bagus dan tempat bersih,5,layan bagus tempat bersih,positive
Hari ini access by KAI tidak bisa di akses. Kenapa ?,1,hari access by kai bisa akses,negative
kai knp ya sering loading lama bgt,3,kai knp sering loading lama bgt,neutral
"kenapa pembaharuan nya tidak opsional,,, kan ruang penyimpanan habis",5,baharu nya opsional kan ruang simpan habis,positive
sangat bagus dan membantu,5,sangat bagus bantu,positive
ok,5,,positive
"tidak puas, pembuataan akun yang dipersulit serta para call center yang bisa dimintai tolong tidak langsung gerak cepat, pelayanan lambat SEKALI saya harap bisa lebih diperbaiki lagi",1,puas pembuataan akun sulit para call center minta tidak langsung gerak cepat layan lambat sekali harap bisa lebih baik,negative
good,5,good,positive
naik kereta api aman dan nyaman,5,naik kereta api aman nyaman,positive
sangat puas,5,sangat puas,positive
aplikasi yang sangat istimewa. ada kemajuan.. refund ga mesti nunggu 1 bulan..,5,aplikasi sangat istimewa maju refund ga mesti nunggu bulan,positive
"bikin apk kok repot,daftar baru dipersulit(error) saya coba ganti Hp masih sama error terus!!!",1,bikin apk kok repotdaftar baru dipersuliterror coba ganti hp sama error terus,negative
akses agak sulit padahal masih dinihari. pembayaran sering gagal melalui metode apapun.,2,akses sulit padahal dinihari bayar sering gagal lalu metode apa,negative
"tolong upgrade dong sistem nya, kami kesusahan pesan tiket, udah ngewarr ampe tengah malem malah gak dapet, mana gak ada keterangan tiketnya habis atau apa",1,upgrade dong sistem nya susah pesan tiket udah ngewarr ampe tengah malem malah gak dapet mana gak terang tiket habis apa,negative
"mau war tiket malah ga muncul"" padahal udah 00.00, hasilnya ga dapet tiket. padahal sinyal aman, hp lancar, aplikasi rusak, calo ga abis"", aplikasi jelek mending pake pihak ketiga daripada pake ini, APLIKASI RUSAK!!!!!",1,mau war tiket malah ga muncul padahal udah hasil ga dapet tiket padahal sinyal aman hp lancar aplikasi rusak calo ga abis aplikasi jelek mending pake pihak tiga pake aplikasi rusak,negative
aplikasi yang ok banget.,5,aplikasi ok banget,positive
canggih dan mudah aplikasinya,5,canggih mudah aplikasi,positive
Sangat Puas,5,sangat puas,positive
semakin mudah,5,makin mudah,positive
Saya top up kai pay 2 kali tp.yg masuk cuma 8.000 ribuuu. aku nyobak beli tiket juga nggak bisa dari tadi pagii sampek sekarang tolong diperbaiki lg apknyaa,1,top up kai pay kali tpyg masuk cuma ribuuu aku nyobak beli tiket nggak dari tadi pagi sampek sekarang baik lg apknyaa,negative
customer servicenya oke sekali,5,customer servicenya oke sekali,positive
"sejak kapan ya pegawai KAI bisa lewat pagar/loncat pagar pembatas? tapi saya ikuti di cegah sekuriti, dan saya bilang kok itu bisa, dan scuriti nya bilang itu pegawai, kejadian stasiun gadobangkong kira kira jam 19.15- 19.30, saya bukan mau ikutan lewat hanya ingin memberitahu scuriti, itu conto tidak baik",1,sejak kapan pegawai kai lewat pagarloncat pagar batas ikut cegah sekuriti saya bilang kok bisa scuriti nya bilang pegawai jadi stasiun gadobangkong kira kira jam saya bukan mau ikut lewat ingin memberitahu scuriti conto baik,negative
sangat membantu,5,sangat bantu,positive
Mantap,5,mantap,positive
pembatalan tiket yg simpel,5,batal tiket yg simpel,positive
informasi cukup baik,5,informasi cukup baik,positive
gabisa berkata kata,5,gabisa kata kata,positive
bermanfaat,5,manfaat,positive
oke,5,oke,positive
aplikasi bagus cuma methode pembayarannya susah bikin DaTing,2,aplikasi bagus cuma methode bayar susah bikin dating,negative
"error mlu waktu mesen ticket, jadinya malah gadapet kursi",1,error mlu waktu mesen ticket jadi malah gadapet kursi,negative
Aneh di android 15 dan 16 nggak kompatibel,1,aneh android kompatibel,negative
"Kebangetan sih,topup aj belum beli tiket sudah kena potong 2000,niatnya mau pelayanan atau pungli.",1,banget sihtopup aj beli tiket kena potong niat mau layan pungli,negative
joozzz,5,joozzz,positive
keabisan tiket,5,abis tiket,positive
saran aja sih ya . kalau orang mau refund tiket ituu di percepat jangan di persulit . padahal udah pesen tiket yg eksekutif hati2 teman2 kalau ingin refund tiket yaaa .. bisa2 uang kalian bablasssa..,1,saran aja sih kalau orang mau refund tiket ituu cepat jangan sulit padahal udah sen tiket yg eksekutif hati teman kalau refund tiket yaaa uang kalian bablasssa,negative
"sudah pakai jaminan refund, giliran mau refund gabisa"" otp nya selalu tidak valid, sudah dicoba semua cara yang disarankan sampai reinstal apk nyaa. Buat apa ada apk kalau masalah refund juga harus ke stasiun dan lebih ribet urusannya dengan bawa dokumen dll???",1,pakai jamin refund gilir mau refund gabisa otp nya selalu valid coba semua cara saran reinstal apk nyaa buat apa apk kalau masalah refund harus stasiun lebih ribet urus bawa dokumen,negative
"nice SBY PWT, MLG PWT aman",5,nice sby pwt mlg pwt aman,positive
cepat dan aman,5,cepat aman,positive
mantap,5,mantap,positive
ok bro,5,bro,positive
good,5,good,positive
Pengalaman memesan yang menyenangkan.. terima kasih KAI.,5,alam mes senang terima kasih kai,positive
"yaaa seperti apk pemerintah lainnya, busuk",1,yaaa apk perintah lain busuk,negative
sangat memudahkan kita👍👍👍👍👍,5,sangat mudah kita,positive
"aplikasi gak jelas ,,udah rela2 begadang demi war tiket ,keterangan tidak tersedia,,giliran pake Traveloka tersedia,,, aplikasi resmi tapi gak berguna",1,aplikasi gak jelas udah rela begadang war tiket terang tersediagiliran pake traveloka sedia aplikasi resmi gak guna,negative
masa mau nge-war tiket tiba tiba ga bisa gara² masa pemulihan?!!! padahal dari HP temenku bisa! 😑,2,masa mau ngewar tiket tiba tiba ga gara masa pulih padahal hp temenku,negative
pelayanan ok,4,layan,positive
upgrade basic gagal terus,1,upgrade basic gagal terus,negative
pokoknya nyaman pakai acces kai,5,pokok nyaman pakai acces kai,positive
ok,5,,positive
Pelatanan nya lebih baik,4,pelatanan nya lebih baik,positive
bagus pelayanan pembatalan perjalanan,5,bagus layan batal jalan,positive
ini aplikasi terparah . ngga kaya aplikasi penerbangan gampang . ini ribettt bangetv. mau masuk aja suruh ngulang ngulang . heran . perbaiki aplikasinya dong . orang mau pesen aja . udah lama ngga masuk apikasi harus ngulang berkali kali . terus eror banget ni aplikasi . KAI dari dulu problem banget . contoh aplikasi lain dong yang ngga ribet kaya gini . eror . mau masuk aja harus ngulang berkali kali terus udah masuk tiba tiba keluar lagi suruh login lagi .,1,aplikasi parah ngga kaya aplikasi terbang gampang ribettt bangetv mau masuk aja suruh ngulang ngulang heran baik aplikasi dong orang mau sen aja udah lama ngga masuk apikasi ngulang kali kali terus eror banget ni aplikasi kai dulu problem banget contoh aplikasi dong ngga ribet kaya gin eror mau masuk aja ngulang kali kali terus udah masuk tiba tiba keluar suruh login,negative
"saya belum pernah naik kereta luar provinsi,pengen sekali pulang kampung naik kereta tapi kenapa harganya mahal sekali,yang harga yang bisa saya jangkau slalu habis,",5,belum pernah naik kereta luar provinsipengen sekali pulang kampung naik kereta kenapa harga mahal sekaliyang harga bisa jangkau slalu habis,positive
Great,5,great,positive
ok,5,,positive
sangat membantu,5,sangat bantu,positive
bagus,5,bagus,positive
menu grab kok gak muncul ya???,5,menu grab kok gak muncul,positive
Aplikasinya sudah cuma saat traffic tinggi harus nunggu ketika login. Utk pemesanan KA Lokal mgkn bisa H-14,4,aplikasi cuma traffic tinggi nunggu login utk mesan ka lokal mgkn h,positive
mantap pakai KAI,5,mantap pakai kai,positive
kenapa ga bisa diinstal di hp aq..dulu bisa sekarang jd ga bisa.. jadi ga bisa pesan tiket kereta api lokal lagi deh..,3,ga diinstal hp aqdulu sekarang jd ga jadi ga pesan tiket kereta api lokal deh,neutral
jos,5,jos,positive
keren,5,keren,positive
iklan di aplikasi bikin lemot aksesnya,3,iklan aplikasi bikin lot akses,neutral
kenapa kai access saya tidak bisa dipakai?,1,kai access tidak pakai,negative
akhir² ini sering gangguan,1,akhir sering ganggu,negative
ok,5,,positive
sangat mudah digunakan,5,sangat mudah guna,positive
sangat berguna,5,sangat guna,positive
bagus,5,bagus,positive
bagus,5,bagus,positive
good luck,5,good luck,positive
baik,4,baik,positive
mantaap,5,mantaap,positive
aplikasi tidak kompetibel di android anda,5,aplikasi kompetibel android,positive
Alhamdulillah,5,alhamdulillah,positive
Ok Banget,5,banget,positive
"kasih bintang 2 dulu, soalnya klo mau booking klo dah lebih dari 6 kali pemesanan walaupun ga pesan, udah gabisa lagi, ada limit harian",2,kasih bintang dulu soal klo mau booking klo dah lebih kali mesan walaupun ga pesan udah gabisa ada limit hari,negative
good,5,good,positive
mudah di pahami,5,mudah paham,positive
"Menurut aku ini aplikasi sistemnya kebanyakan loading, tarus, pas mau pembayaran, gk ada icon button bayar jd kita harus pesan ulang dan bayar pakai metode bayarnya, waktu pemesanan tiket pertama memang blm ku konek kan dompet Ovo nya, nah pas mau aku tambahkan metode bayar, tiba2 tiket aku masuk di daftar menunggu pembayaran, cuman anehnya pas mau di bayar, icon button pembayarannya gk ada, pengennya di perbaiki lagi sih, dan jangan di banyakin loadingnya,",1,aku aplikasi sistem banyak loading tarus pas mau bayar gk icon button bayar jd harus pesan ulang bayar pakai metode bayar waktu mesan tiket pertama memang blm ku konek kan dompet ovo nya nah pas mau aku tambah metode bayar tiba tiket aku masuk daftar tunggu bayar cuman aneh pas mau bayar icon button bayar gk ken baik sih jangan banyakin loadingnya,negative
"udah brpa kalo masukan kode otp dr email malah gak bisa masuk2 , email dah penuh sama otp nya tapi susah looding ini kok bgini yaa apknya malah orang lagi war tiket 🥀 jadi ke apk lain lagi buat beli Alhamdulillah bisa",3,udah brpa kalo masuk kode otp dr email malah gak masuk email dah penuh sama otp nya susah looding kok bgini yaa apknya malah orang war tiket jadi apk lagi buat beli alhamdulillah,neutral
mantap kradenan sudah ada banyak kedatangan dan keberangkatan,5,mantap kradenan ada banyak datang berangkat,positive
sangat membantu.,5,sangat bantu,positive
aplikasi keren karya anak bangsa,5,aplikasi keren karya anak bangsa,positive
ok,5,,positive
baik,5,baik,positive
bagus,5,bagus,positive
gampang dan mudah👍,5,gampang mudah,positive
kok fitur stasiunnya jadi dikit,4,kok fitur stasiun jadi dikit,positive
terlalu sering update kalo ga diupdate tidak bisa dibuka sangat jelek dan menyusahkan karena ini layanan publik kadang ada hp yg memori pas-pasan jadi tidak bisa update akhirnya gagal pesan tiket,1,terlalu sering update kalo ga diupdate bisa buka sangat jelek susah ini layan publik kadang hp yg memori paspasan jadi bisa update akhir gagal pesan tiket,negative
bagus,5,bagus,positive
sangat membantu,5,sangat bantu,positive
"Di menu voucher, tulisannya pada kebalik,, sengaja atau lalai saat upload..?",3,menu voucher tulis balik sengaja lalai upload,neutral
sayang sekali perangkat nya tidak kompatibel,1,sayang sekali perangkat nya kompatibel,negative
Mumtaz,5,mumtaz,positive
"railfood-nya benerin, masak udah 4 jam di kereta, dibilang belum naik.",3,railfoodnya benerin masak udah jam kereta bilang naik,neutral
"Perasaan terakhir apliksi masih bisa d pake,dan msih bisa pesan,kok sekarng mau pesan tiket gak bisa,suruh daftar lewat email,sampe di hapus akun,daftar lagi,tetap gak bisa",1,asa akhir apliksi d pakedan msih pesankok sekarng mau pesan tiket gak bisasuruh daftar lewat emailsampe hapus akundaftar lagitetap gak bisa,negative
"Lancar dan bermanfaat, terima kasih🙏",5,lancar manfaat terima kasih,positive
bagusss memuaskan😗,5,bagusss muas,positive
cepat reaksinya,3,cepat reaksi,neutral
lebih mudah dan lebih bagus,5,lebih mudah lebih bagus,positive
sangat membantu sekali,5,sangat bantu sekali,positive
sangat berguna,5,sangat guna,positive
terbaikk,5,terbaikk,positive
bagus bgt,5,bagus bgt,positive
sangat mudah,5,sangat mudah,positive
jos,5,jos,positive
cakeeep👍,5,cakeeep,positive
membantu sekali,5,bantu sekali,positive
aplikasimu jelek,1,aplikasi jelek,negative
"sebel, kalo keluar dari app kudu balik lagi ke home sedangkan kalau mau pembatalan harus ngulang dari awal lagi sedangkan itu juga gak langsung masuk ke tahap verifikasi kode dari email, harus nunggu dulu karna banyak request dan juga untuk pengembalian dana itu berapa lama?",3,sebel kalo keluar app kudu balik home kalau mau batal ngulang awal sedang juga gak langsung masuk ke tahap verifikasi kode email nunggu dulu karna banyak request juga kembali dana berapa lama,neutral
recommended,5,recommended,positive
good,5,good,positive
bagus,5,bagus,positive
Bagus Dan mantap,5,bagus mantap,positive
Peningkatan aplikasi sangat bagus,4,tingkat aplikasi sangat bagus,positive
top,5,top,positive
"maj nyari tiket aja sush banget, tulisannya ""jadwal tidak tersedia"", kalau di web malah ada?. jd ragu mau pake online",1,maj nyari tiket aja sush banget tulis jadwal sedia kalau web malah jd ragu mau pake online,negative
Malah nambah buruk,5,malah nambah buruk,positive
gabisa di buka stuck logo KAI pdhl sebelumnya bisa,1,gabisa buka stuck logo kai pdhl belum,negative
ok mantap,5,mantap,positive
mantab,5,mantab,positive
aplikasi ini gak tau kenapa saat melihat daftar tiket malah harus daftar nya yang buat aplikasi nya tapi aku nya gak bisa jadi aku kasih rating cuma 2 bintang maaf ya sebelum nya 🙏🏻🙏🏻🙏🏻,2,aplikasi gak tau saat lihat daftar tiket malah daftar nya buat aplikasi nya aku nya gak jadi aku kasih rating cuma bintang maaf belum nya,negative
baik,5,baik,positive
pinter banget menggiring user agar membayar pake KAIpay. sylh ngaktifin KAIpay barulah muncul fitur Qris di metode pembayaran,3,pinter banget giring user bayar pake kaipay sylh ngaktifin kaipay baru muncul fitur qris metode bayar,neutral
sangat membantu,5,sangat bantu,positive
jdi lebih mudah utk reservasi,5,jdi lebih mudah utk reservasi,positive
baru pertama kali,5,baru pertama kali,positive
gampang aj sih,5,gampang aj sih,positive
"sering bgt maintenance... utk para user, sering² pake aplikasi ini supaya bs trus d akses. klo tdk kalian akan menemukan aplkasi ini sedang masa maintenance",1,sering bgt maintenance utk user sering pake aplikasi supaya bs trus d akses klo tdk kalian temu aplkasi sedang masa maintenance,negative
tidak bisa ganti identitas dikeadan mendesak,4,bisa ganti identitas adan desak,positive
apakah pada saat ini kai access lagi maintenance,5,pada ini kai access maintenance,positive
saran : tambahin cek nomor tempat duduk setelah pemesanan.,5,saran tambahin cek nomor tempat duduk mesan,positive
sangat baikk,5,sangat baikk,positive
"simpel banget ga ribet ,,bagus",5,simpel banget ga ribet bagus,positive
bagus,5,bagus,positive
membantu dlm naik kereta,5,bantu dlm naik kereta,positive
sangat kecewa. keterangan nya sampai jam 10:44 . tetapi tiap stasiun nunggu lama . jadi nyampe pasti telat terus gara2 kreta lokal . kelamaan berhenti disetiap stasiun . taiii,1,sangat kecewa terang nya jam tiap stasiun nunggu lama jadi nyampe telat terus gara kreta lokal lama henti tiap stasiun taiii,negative
"apk yg sangat membantu, sayang nya kadang2 sering tiba2 tidak bisa di buka kenapa ya",4,apk yg sangat bantu sayang nya kadang sering tiba bisa buka ya,positive
mantap,5,mantap,positive
"Pelayanannya lebih baik, mudah, cepat dan mrnyenangkan",5,layan lebih baik mudah cepat mrnyenangkan,positive
"lucunya setiap hari2 besar tiket seperti di umpetin, ga di lepas padahal buka udah 00.00 tapi di co gabisa",1,lucu hari besar tiket umpetin ga di lepas padahal buka udah di co gabisa,negative
"HARUSNYA BISA DIPESAN LEWAT WEB JUGA TANPA PERLU INSTAL APLIKASI KARENA GAK SEMUA ORANG PUNYA HP YANG BISA AKSES APLIKASINYA KHUSUSNYA PENUMPANG KA LOKALAN.. MASA TR*VLK*, DAN APLIKASI LAINYA BISA DIPESAN LEWAT WEB, INI GAK BISA?? TOLONG LAH JANGAN BIKIN RIBET PELANGGAN YANG HP NYA MASIH VERSI ANDROID LAMA...",1,harus pes lewat web tanpa perlu instal aplikasi gak semua orang punya hp akses aplikasi khusus tumpang ka lokal masa trvlk aplikasi lai pes lewat web gak bisa tolong lah jangan bikin ribet langgan hp nya versi android lama,negative
aplikasi sangat membantu,5,aplikasi sangat bantu,positive
coba,5,coba,positive
"adminnya kurang respon!!, dari tadi masuk lewat akun google gak dapat kode OTP!!, mohon di benahi!!",1,adminnya kurang respon tadi masuk lewat akun google gak kode otp mohon benah,negative
mantab,5,mantab,positive
bagus,5,bagus,positive
"dgn adanya supas mau keSBY tdk ,perlu naik spd motor",5,dgn ada supas mau kesby tdk perlu naik spd motor,positive
pernah pesenin kereta buat orang tua pake akun sendiri pas refund agak lumayan rumit prosedurnya,4,pernah senin kereta buat orang tua pake akun sendiri pas refund lumayan rumit prosedur,positive
nice,5,nice,positive
"BURUKKKKKKKKK, RESPON LAMA, BERTELE TELE GA JELAS BARU KALI INI KECEWA SAMA KAI",1,burukkkkkkkkk respon lama tele tele ga jelas baru kali kecewa sama kai,negative
BAGUS,5,bagus,positive
"sering error malah keluar sendiri dan skrg masukin data buat login malah data failed terus ,dulu padahal bisa di bilang apk bagus banget loh tapi kenapa skrg gininya",3,sering error malah keluar sendiri skrg masukin data buat login malah data failed terus dulu padahal di bilang apk bagus banget loh kenapa skrg gin,neutral
sangat sangat membantu,5,sangat sangat bantu,positive
jadwal gak pernah bener,1,jadwal gak pernah bener,negative
keren ouy,5,keren ouy,positive
mantap,5,mantap,positive
Gua mau batalin Tiket. kok pake ngisi data ina ini ina inu. RIBET BANGET!!! MAU KORUP YA???,1,gua mau batalin tiket kok pake ngisi data ina ina inu ribet banget mau korup,negative
"Hallo KAI acces yang terhormat pada tanggal 2 Maret 2026 pukul 16.21 saya melakukan top up dan berhasil,tetapi sampai pukul 17.11 kenapa saldonya belum masuk dan masih 0, mohon diperbaiki sistem nya masa apk pemerintah lemottt BANGET!!!l",2,hallo kai acces hormat tanggal maret pukul laku top up berhasiltetapi pukul saldo masuk masih mohon baik sistem nya masa apk perintah lemottt bangetl,negative
Aplikasi sampah! Tidak bisa daftar member!,1,aplikasi sampah bisa daftar member,negative
respon cepat,5,respon cepat,positive
kereta sangat membantu kelancaran perjalanan nyaman &tepat waktu,5,kereta sangat bantu lancar jalan nyaman tepat waktu,positive
sudah login muter terus gak bisa2 tolong diperbaiki,1,login muter terus gak tolong baik,negative
mempermudah dalam perjalanan,5,mudah jalan,positive
cepat,5,cepat,positive
ribet banget sekarang beli tiket susah banget pakai otp tpi stack di otp loding lama malah tulisan eror,1,ribet banget sekarang beli tiket susah banget pakai otp tpi stack otp loding lama malah tulis eror,negative
bagus,5,bagus,positive
"sesuaikan dngan no antrian yng sdah terjadwal di layar TV, jngan Sampai di longkapkan selama Setengah jam di laboratorium klinik rumah sakit ini.",1,sesuai dngan no antri yng sdah jadwal layar tv jngan longkapkan lama tengah jam di laboratorium klinik rumah sakit,negative
Luar Biasa,5,luar biasa,positive
ini bagaimana saya tidak bisa melakukan update malah aplikasinya tiba tiba tidak kompatibel. solusinya nya dong developer mohon di perbaiki lagi,1,bagaimana laku update malah aplikasi tiba tiba tidak kompatibel solusi nya dong developer mohon baik,negative
mantab,5,mantab,positive
nice,5,nice,positive
baik,5,baik,positive
aku suka kereta api dan seluruh hal yang berhubungan dengan kai,5,aku suka kereta api seluruh yang hubung kai,positive
bagus,5,bagus,positive
sangat baik... layanan cepat,5,sangat baik layan cepat,positive
apk nya bagus,5,apk nya bagus,positive
"Setiap saya buka aplikasi untuk cek jadwal KRL, aplikasi nya diantara eror atau dari HP saya nya. tapi ketika sudah di masuk aplikasi, ada tulisan sedang dalam perbaikan. itu yang saya alami setiap ingin mengecek jadwal KRL lewat Apk. bintang 1 ini sementara sebagai bentuk rasa kecewa saya, jika aplikasi dari HP saya sudah berjalan normal akan saya upgrade nilai nya menjadi bintang 5",1,buka aplikasi cek jadwal krl aplikasi nya antara eror hp nya ketika di masuk aplikasi tulis sedang baik yang alami ingin ecek jadwal krl lewat apk bintang sementara bentuk rasa kecewa jika aplikasi dari hp saya sudah jalan normal saya upgrade nilai nya jadi bintang,negative
mantap respon nya cepet,5,mantap respon nya cepet,positive
good job,5,good job,positive
tq KAI👍👍💯,5,tq kai,positive
mohon untuk diperbaiki untuk android 11 tidak Kompatibel.selalu keluar sendiri,3,mohon baik android kompatibelselalu keluar sendiri,neutral
"Mau pesen tiket malah error sedang dalam pemeliharaan, mau login aja gak bisa. Sulit",2,mau sen tiket malah error sedang pelihara mau login aja gak sulit,negative
aplikasi gampang error,1,aplikasi gampang error,negative
"aplikasi babi, order makanan di lewat rail food, saldo kai pay udah ke debit tapi bilang petugasnya pembayaran blm masuk. akhirnya q bayar lagi kedebit lagi bilangnya pembayaran blm masuk dan akhirnya q bayar pakai ovo baru bisa. bilang petugasnya nanti akan dikembalikan jika ada pembayaran masuk atau ke doble tapi nyatanya g dibalikin sih. meskipun g banyak tapi bikin jengkel.",1,aplikasi babi order makan lewat rail food saldo kai pay udah debit bilang tugas bayar blm masuk akhir q bayar debit bilang bayar blm masuk akhir q bayar pakai ovo baru bilang tugas akan kembali ada bayar masuk ke doble nyata g dibalikin sih meski g banyak bikin jengkel,negative
"sangat membantu memudahkan pemesanan tiket, hanya aplikasi sering error.",5,sangat bantu mudah mesan tiket aplikasi sering error,positive
"kebanyakan loading, suram",1,banyak loading suram,negative
kai tolong di update yap soalnya sering refresh gitu padahal balik apk sebentar aja,2,kai di update yap soal sering refresh gitu padahal balik apk sebentar aja,negative
kecewa dengan pelayanannya lambat,1,kecewa layan lambat,negative
terbaik👍,5,baik,positive
baik,5,baik,positive
Senang dapat discount. Ketera apinya bersih. tapi AC nya sangat dingin.,5,senang discount tera api bersih ac nya sangat dingin,positive
👍🏻👍🏻👍🏻,5,,positive
Aplikasi nya sangat membantu,5,aplikasi nya sangat bantu,positive
muyan enak,4,muyan enak,positive
perjalanan KAI jalur utara lihat sawah tanaman padi ada yg hijau coklat dan menguning..bisa beda² pdhal sama tanaman padi.,5,jalan kai jalur utara lihat sawah tanam padi yg hijau coklat menguningbisa beda pdhal sama tanam padi,positive
good,5,good,positive
ok,5,,positive
tiket bisa dibatalkan keren,5,tiket batal keren,positive
"aplikasi buruk,,, masa saya setiap hari cek tiket kreta api. tapi tidak ada. apa tiketnya sudah jabis dipesan sampai hari kiamat? hari ini tidak tersedia, besok, lusa juga tidak tersedia, aneh",1,aplikasi buruk masa tiap hari cek tiket kreta api tidak apa tiket jab pes hari kiamat hari tidak sedia besok lusa tidak sedia aneh,negative
sangat mudah sekali,5,sangat mudah sekali,positive
good service,5,good service,positive
Di pencarian kereta lokal Stasiun Probolinggo tidak dicantumkan,1,cari kereta lokal stasiun probolinggo cantum,negative
"cannot booking terus yang muncul saat pesen tiket heran hadeh""",1,cannot booking terus muncul sen tiket heran hadeh,negative
aplikasinya mempermudah saya untuk pergi keluar kota. Kereeeen!!!,5,aplikasi mudah untuk pergi keluar kota kereeeen,positive
"aku mau login tapi gak bisa,pas pencet sebagai tamu malah disuruh login,pas login selalu ngebug di kode OTP nya gak ada masuk apa apa di SMS, aplikasi rusak",1,aku mau login gak bisapas pencet tamu malah suruh loginpas login selalu ngebug kode otp nya gak masuk apa apa sms aplikasi rusak,negative
makin ribet pesan 6 kursi buat keluarga susah malah di batasi 4 kursi kalau misah kereta kan aneh jadinya.... kacau tega bener masa harus misah kereta,1,makin ribet pesan kursi buat keluarga susah malah batas kursi kalau misah kereta kan aneh jadi kacau tega bener masa misah kereta,negative
ok lah,5,lah,positive
kenapa hp aku gak bisa download aplikasi ini?,5,hp aku gak download aplikasi,positive
dengan adanya aplikasi KAI jadi lebih mudah untuk pemesanan tiket,5,ada aplikasi kai jadi lebih mudah mesan tiket,positive
aplikasi nya bagus tapi pajak terossss,2,aplikasi nya bagus pajak terossss,negative
aplikasi ampas,1,aplikasi ampas,negative
"So far, lancar aja setiap beli tiket kereta. keep on doing good job KAI.",5,so far lancar aja beli tiket kereta keep on doing good job kai,positive
"pesan tiket lokal tanpa kursi system error terus, isi kaspro tertera tanpa admin tapi saldo yang masuk tidak sesuai,terpotong 2900 sendiri.keterlaluan",1,pesan tiket lokal kursi system error terus isi kaspro tera admin saldo masuk sesuaiterpotong sendiriketerlaluan,negative
bagus manfaat sekali,4,bagus manfaat sekali,positive
Pemesanan mudah,4,mesan mudah,positive
kenapa error pas mau pesen tiket,1,error pas mau sen tiket,negative
tidak bisa membuka aplikasi KAI,1,bisa buka aplikasi kai,negative
"sudah update berkali-kali, tapi kalo buka aplikasinya lama banget. kira-kira kenapa ya",4,update berkalikali kalo buka aplikasi lama banget kirakira ya,positive
"gimana sih sistem nya dari duluu kek gini terus. masa setiap aplikasi update, harus daftar jadi member bassic lagii. udahh gitu proses nya salah terus lagii. payah lahh. GANTI AJAA ADMIN KAI ACCES NYA, BODOH",1,gimana sih sistem nya duluu kek gin terus masa aplikasi update daftar jadi member bassic lagi udahh gitu proses nya salah terus lagi payah lahh ganti ajaa admin kai acces nya bodoh,negative
sering antri. dan error,4,sering antri error,positive
knp ya ini mau pesan tiket tp kok daftar jadwal pemberangkatan gak bisa di akses,5,knp ini mau pesan tiket tp kok daftar jadwal berangkat gak di akses,positive
"Gw mau login pas di fase masuk kan otp, gw nunggu nya lamaaa bgt.trus otp udah bener sesuai di sms pas di masukkin gk bisa ada tulisan otp tidak sesuai(sudah di fix) 👍",5,gw mau login pas fase masuk kan otp gw nunggu nya lamaaa bgttrus otp udah bener sesuai sms pas masukkin gk ada tulis otp sesuaisudah fix,positive
bagus,5,bagus,positive
knp ticket tidak ada semua,1,knp ticket ada semua,negative
"Masukan untuk PT KAI, ganti mitra pembayaran jangan pake KASPRO. App sampah itu KASPRO. uang saya nyangkut 46rb tidak bisa di tarik",3,masuk pt kai ganti mitra bayar jangan pake kaspro app sampah kaspro uang nyangkut rb bisa tarik,neutral
"Disuruh beli tiket lewat online, giliran dibuka aplikasinya ga muncul jam kedatangan kereta saat mau memesan tiket kereta🤡",1,suruh beli tiket lewat online gilir buka aplikasi ga muncul jam datang kereta mau mes tiket kereta,negative
aku recomen banget buat teman2 yg butuh tranportasi saya sarankan pakai aplikasi by acces KAI ok banget,5,aku recomen banget buat teman yg butuh tranportasi saran pakai aplikasi by acces kai banget,positive
sangat membantu,5,sangat bantu,positive
"saya beli tiket lokal 4 gak ada yg masuk, barusan saya beli tiket lokal, tiketnya gak ada, saldo udah kepotong",1,beli tiket lokal gak yg masuk barusan beli tiket lokal tiket gak saldo udah potong,negative
membantu,4,bantu,positive
"mantap, makasih untuk apps ga ribet",5,mantap makasih apps ga ribet,positive
saya mau daftar apk ini .udh masukin otp kenapa ga BS masuk trus,2,mau daftar apk udh masukin otp ga bs masuk trus,negative
sangat membantu,5,sangat bantu,positive
"versi update 15 February 2026, sangat lelet padahal koneksi sedang normal dan aplikasi lain berjalan lancar, pun sudah lama menunggu masih saja tidak bisa dipencet, selalu keluar notifikasi dalam perbaikan, masa perbaikan hampir sebulan lebih? tolong perbaiki",1,versi update february sangat lelet padahal koneksi sedang normal aplikasi jalan lancar sudah lama tunggu saja bisa pencet selalu keluar notifikasi baik masa baik hampir bulan lebih baik,negative
oke,5,oke,positive
"Aplikasi sagat membantu, dan tiap upgrade versi terbarunya selalu mempermudah pengunaan aplikasi ini.",5,aplikasi sagat bantu tiap upgrade versi baru selalu mudah pengunaan aplikasi,positive
aplikasi mudah digunakan...sangat membantu saya beli tiket ka,5,aplikasi mudah digunakansangat bantu beli tiket ka,positive
keren mempermudah transaksi pembayaran,5,keren mudah transaksi bayar,positive
"bagus tapi masih harus diperbanyak layanan pembayaran nya , dan masih lambat",4,bagus masih banyak layan bayar nya masih lambat,positive
setelah di update tdk bisa di gunakan lagi,2,di update tdk di guna,negative
trimakasih boleh ganti hari .. layanan memuaskan,5,trimakasih ganti hari layan muas,positive
menarik dan sangat membantu,5,tarik sangat bantu,positive
bagus,5,bagus,positive
Membantu dan akses mudah,5,bantu akses mudah,positive
sangat membantu,5,sangat bantu,positive
"Tinggal bayar aja, eror.. dicancel egk bisa. aplikasi aneh",1,tinggal bayar aja eror dicancel egk aplikasi aneh,negative
ok,5,,positive
sangat baik,4,sangat baik,positive
Bagus,5,bagus,positive
mudah terpercaya,5,mudah percaya,positive
sudah bagus saran saja : untuk tiket reduksi kalo bisa diterapkan selalu baik itu libur atau pas hari raya keagamaan,5,bagus saran tiket reduksi kalo terap selalu baik libur pas hari raya agama,positive
memudahkan bepergian.. terimakasih KAI,5,mudah pergi terimakasih kai,positive
tolong meningkat agar aman data pribadi,5,tingkat aman data pribadi,positive
maaf sebetulnya sangat membantu apk ini...tapi sangat disayangkan untuk samsung A02S tidak mendukung untuk apk ini,3,maaf sangat bantu apk initapi sangat sayang samsung as dukung apk,neutral
sangat membantu,5,sangat bantu,positive
tiket yg sudah direfund kok uang nya ga kembali?,3,tiket yg direfund kok uang nya ga,neutral
baik,5,baik,positive
sangat membantu perjalanan jadi semakin mudah,5,sangat bantu jalan jadi makin mudah,positive
"kenapa ya tiba tiba apk nya gak bisa di gunain, padahal lagi butuh buat pesan tiket",4,ya tiba tiba apk nya gak di gunain padahal butuh buat pesan tiket,positive
mantap,5,mantap,positive
Bagus,5,bagus,positive
Good,5,good,positive
"Aplikasi KAI Access belum stabil, kadang tampilan bagus kadang membingungkan.",3,aplikasi kai access stabil kadang tampil bagus kadang bingung,neutral
KAYAKNYA MAU UPDATE SAMPE TAHUN 2045 PUN USER YANG KEHAMBAT PAS MAU BAYAR GARA-GARA ERROR ATAU TROUBLE JARINGAN HARUS NUNGGU 15 MENIT UNTUK NGULANGIN PROSES PEMESANAN TIKET KARENA GAK ADA TOMBOL UNTUK MENAMPILKAN QRIS ATAU TAGIHAN BAYAR TIKET KETIKA MASUK ULANG KE APLIKASI,1,kayak mau update sampe tahun user hambat pas mau bayar garagara error trouble jaring nunggu menit ngulangin proses mesan tiket gak tombol tampil qris tagih bayar tiket masuk ulang aplikasi,negative
gak jelas kereta yang comuter line ke cikarang nya percuma beli tiket ke Purwakarta jam 11:36 jadi hangus doang,1,gak jelas kereta comuter line cikarang nya percuma beli tiket purwakarta jam jadi hangus doang,negative
mudah dn praktis dlm pelayananya,5,mudah dn praktis dlm pelayananya,positive
"APLIKASI BURUK, MINTA VERIFIKASI MEMBER DIKASIH DATA JAWABNYA TOO MANY REQUEST.. TOLOL",1,aplikasi buruk minta verifikasi member kasih data jawab too many request tolol,negative
baik,5,baik,positive
jos,5,jos,positive
mantap,5,mantap,positive
mantap,5,mantap,positive
selalu memuaskan,5,selalu muas,positive
good,4,good,positive
baik,5,baik,positive
alhamdulillah sangat bermanfaat,5,alhamdulillah sangat manfaat,positive
Alhamdulillah murah. dan tepat waktunya,5,alhamdulillah murah tepat waktu,positive
"Makin lama ini aplikasi makin gembel deh, makin sulit diakses. Padahal koneksi internet sudah ngebut. Coba team I-T beri masukan ke management KAI supaya perbaiki kapasitas servernya. Bikin server tambahan supaya bisa akses dimana-mana, besarin juga kapasitas bandwidth-nya. Situs web ataupun aplikasinya kan diakses jutaan pelanggan, kalau tidak update ya bgini kedodoran.",1,makin lama aplikasi makin gembel deh makin sulit akses padahal koneksi internet ngebut coba team it beri masuk management kai baik kapasitas servernya bikin server tambah bisa akses dimanamana besarin kapasitas bandwidthnya situs web atau aplikasi kan akses juta langgan kalau update bgini kedodoran,negative
mantap aplikasi nya,5,mantap aplikasi nya,positive
mempermudah aku untuk liat jadwal kereta ketika aku bepergian keluar kota,5,mudah aku liat jadwal kereta aku pergi keluar kota,positive
good,5,good,positive
pertahankan,5,tahan,positive
Pelayanan KAI semakin baik...terima kasih,5,layan kai makin baikterima kasih,positive
kereen,5,kereen,positive
"saya sering menggunakan aplikasi ini,, kenapa sekarang tidak bisa di buka ngebleng terus",1,sering guna aplikasi kenapa sekarang bisa buka ngebleng terus,negative
sangat bagus,5,sangat bagus,positive
bagus,5,bagus,positive
mau aplikasi,5,mau aplikasi,positive
ok,5,,positive
padahal aku android 10 tapi kok tidak kompatibel sih?,2,padahal aku android kok kompatibel sih,negative
baru pertama kali mencoba...moga mempermudahh,5,baru pertama kali mencobamoga mempermudahh,positive
keren,5,keren,positive
mau jadi member susah bgt jadi ga bisa pesan tiket,1,mau jadi member susah bgt jadi ga pesan tiket,negative
sangat bagus dan mempermudah dalam membeli tiket kereta api,5,sangat bagus mudah beli tiket kereta api,positive
pelayanan is good,5,layan is good,positive
bagus😁,5,bagus,positive
Tanggapan cepat,5,tanggap cepat,positive
jelek!,1,jelek,negative
"saya suka naik kereta, aplikasi ini sangat membantu",5,suka naik kereta aplikasi sangat bantu,positive
Sangat mudah untuk pemesanan tiket kereta,5,sangat mudah mesan tiket kereta,positive
aplikasi kacangan kalau ada yang lebih ribet dan ruwet kenapa harus di buat lebih mudah ya kan ...,1,aplikasi kacang kalau yang lebih ribet ruwet harus buat lebih mudah kan,negative
mantap,5,mantap,positive
kenapa kok ganguan terus yah... sampe un instal dan reinstal malah gak bisa masuk... tolong saranya dan solusinya.,4,kok ganguan terus yah sampe un instal reinstal malah gak masuk sara solusi,positive
mudah dan aman,5,mudah aman,positive
Naik kereta sekarang enak tinggal klik di HP buat pesen tiketnya,5,naik kereta sekarang enak tinggal klik hp buat sen tiket,positive
"aplikasi ribet, kalau mau pembatalan, tranfer tiket, atau ubah jadwal, atas nama orang lain di aplikasi kt, dipersulit parah",1,aplikasi ribet kalau mau batal tranfer tiket ubah jadwal atas nama orang di aplikasi kt sulit parah,negative
tksh KAI acces,5,tksh kai acces,positive
terbaik,5,baik,positive
Sangat simpel dan mudah digunakan. terbaik KAi semakin jaya jaya jaya,5,sangat simpel mudah guna baik kai makin jaya jaya jaya,positive
pembelian tiket mudah,5,beli tiket mudah,positive
"saya too up 2x saldo ga masuk², sudah h+ seminggu uang juga tidak ke refund!",1,too up x saldo ga masuk h minggu uang tidak refund,negative
"history tidak ada payment gantung, tapi notif double booking, jadi ga bisa buat pesanan. bug aplikasinya parah.",1,history ada payment gantung notif double booking jadi ga buat pesan bug aplikasi parah,negative
Aplikasi tidak se-responsif dulu,1,aplikasi responsif dulu,negative
top up saldo alama masuk nya ada potongan pula,1,top up saldo alama masuk nya potong,negative
mantap,5,mantap,positive
bagus,5,bagus,positive
baik,5,baik,positive
good,5,good,positive
rumit kalau tdk lama dibuka selalu minta update pswd,3,rumit kalau tdk lama buka selalu minta update pswd,neutral
"Mantap, user friendly",5,mantap user friendly,positive
mantap,5,mantap,positive
gak bisa Fownloud,5,gak fownloud,positive
mantab keren mudah,5,mantab keren mudah,positive
bagus dan cepat,5,bagus cepat,positive
kren,4,kren,positive
updet jadi agak ribet lebih simpel yang dulu,5,updet jadi ribet lebih simpel dulu,positive
mantabbb,5,mantabbb,positive
Udah masukin kode otp buat lengkapin data diri tapi loading terus ga masuk masuk heran padahal sinyal bagus,1,udah masukin kode otp buat lengkapin data diri loading terus ga masuk masuk heran padahal sinyal bagus,negative
"kai mnding anda tdk ush kerjasama dngn kaspro dahh ,, isi sldo udh bbrpa kli tdk msuk2 ..di mbaking brhasil .. masa sekelas kai mau kerjasam dngn apk abal2 kaya kasproo ..hadeeehh",4,kai mnding tdk ush kerjasama dngn kaspro dahh isi sldo udh bbrpa kli tdk msuk mbaking brhasil masa kelas kai mau kerjasam dngn apk abal kaya kasproo hadeeehh,positive
tingkat terus untuk layanan yang baik dari yang sekarang,5,tingkat terus layan baik yang sekarang,positive
tidak usah usik dari tempat tidur juga beres urusan perjalanan bayar STNK di Jawa Tengah hahaha...,5,usah usik tempat tidur beres urus jalan bayar stnk jawa tengah hahaha,positive
kenapa aplikasi KAI tiap mau di pakai pesan tiket lagi selalu harus up grade ulang? saya mungkin 2-3bulan baru pesan tiket lagi. dan itu pasti harus up grade lagi😓,5,aplikasi kai tiap mau pakai pesan tiket selalu up grade ulang mungkin bulan baru pesan tiket dan pasti up grade lagi,positive
Aplikasi perjalanan kereta lokal yang sangat berguna bagi masyarakat luas. Semoga terus berkembang menjadi transportasi perjalanan lokal kepercayaan masyarakat!,4,aplikasi jalan kereta lokal sangat guna masyarakat luas moga terus kembang jadi transportasi jalan lokal percaya masyarakat,positive
terimakasih,5,terimakasih,positive
muantab sesuai jadwalnya,5,muantab sesuai jadwal,positive
"aplikasi yang sangat bagus... sangat membantu , khususnya buat pemesanan tiket kereta ☺",5,aplikasi sangat bagus sangat bantu khusus buat mesan tiket kereta,positive
ok,5,,positive
aplikasi jelek banget,1,aplikasi jelek banget,negative
okok,5,okok,positive
love it,5,love it,positive
Sangat membantu,5,sangat bantu,positive
sangat membantu,5,sangat bantu,positive
jos,5,jos,positive
Keren sangat membantu aktifitas kerja selalu paksi kereta lokal setiap hari,5,keren sangat bantu aktifitas kerja selalu paksi kereta lokal hari,positive
lebih mudah dan cepat cara pembatalan tiket KAI terimakasih,5,lebih mudah cepat cara batal tiket kai terimakasih,positive
bagus,4,bagus,positive
"mohon maaf saya hapus aplikasi nya,karena gak guna,mau lihat jadwal keberangkatan kereta gak ada yang muncul padahal cuma lihat jadwal lokalan...",1,mohon maaf hapus aplikasi nyakarena gak gunamau lihat jadwal berangkat kereta gak yang muncul padahal cuma lihat jadwal lokal,negative
baik,5,baik,positive
"Sepertinya ada oknum yang membuka group telegram dalam penjualan tiket. Saya minta Dirut KAI nya segera memberikan kebijakan terbaru, alangkah baiknya khusus wilayah Sumatera Utara perjalanan Binjai - Medan, Medan - Binjai penjualan tiket langsung aja dengan tap menggunakan e-money di tempat untuk menghindari oknum yang menguntungkan dirinya sendiri.",1,seperti oknum buka group telegram jual tiket minta dirut kai nya segera beri bijak baru alangkah baik khusus wilayah sumatera utara jalan binjai medan medan binjai jual tiket langsung aja tap guna emoney tempat hindar oknum untung diri sendiri,negative
"ini gimana ya KAI, saya mau verifikasi member basic by email kok susah bgt pdhl udh masukin kode OTP nya. tolong bgt ni🙏🙏",2,gimana kai mau verifikasi member basic by email kok susah bgt pdhl udh masukin kode otp nya bgt ni,negative
kenapa aplikasi saya tidak bisa update ya di PS..,5,aplikasi tidak update di ps,positive
mudah dan cepat,5,mudah cepat,positive
bagus sekali,5,bagus sekali,positive
kenapa aplikasi saya access kalau pas di buka msh dalam perbaikan ya,4,aplikasi access kalau pas buka msh baik,positive
mempermudah dalam pembelian tiket,4,mudah beli tiket,positive
akses. mudah,5,akses mudah,positive
makin di perbarui malah gak bisa liat jadwal kereta ... padahal itu penting,3,makin baru malah gak liat jadwal kereta padahal penting,neutral
memudahkan,5,mudah,positive
oke sip,5,oke sip,positive
Baik,5,baik,positive
good apk,5,good apk,positive
Sangat membantu,5,sangat bantu,positive
kebanyakan update,3,banyak update,neutral
cepat dan lancar,5,cepat lancar,positive
sangat membantu....mantapp,4,sangat membantumantapp,positive
"tolong dongg masa iya pas mau download aplikasi ini, aplikasi malah gabisa tersedia di hp saya?? tolonggg dongg",1,dongg masa iya pas mau download aplikasi aplikasi malah gabisa sedia hp tolonggg dongg,negative
ngelag bgt jujur,1,ngelag bgt jujur,negative
sangat baik,5,sangat baik,positive
mantap,5,mantap,positive
ok,5,,positive
pegawai yang jagain tiket di st bandung judes²,1,pegawai jagain tiket st bandung judes,negative
baik,5,baik,positive
masih lemot,4,lot,positive
"lumayan terbantu sih, tp kecewa dipembatalan tiket SDH masukin otp puluhan kali gagal terus,padahal otp udah bener tp gagal Mulu,tolong dong KAI pembatalan tiket nya kok eror terus,,",4,lumayan bantu sih tp kecewa batal tiket sdh masukin otp puluh kali gagal teruspadahal otp udah bener tp gagal mulutolong dong kai batal tiket nya kok eror terus,positive
mantap,5,mantap,positive
"Ketersediaan tiket sering tidak sesuai, diaplikasi habis, tp di stasiun masih. Sering tarif khusus 2 jam sblm keberangkatan tidak ada lagi untuk jurusan dekat, tanpa ada pengumuman resmi dari KAI",5,sedia tiket sering sesuai aplikasi habis tp stasiun sering tarif khusus jam sblm berangkat ada untuk jurus dekat ada umum resmi kai,positive
ook,5,ook,positive
luar biasa,5,luar biasa,positive
semoga tidak ada kendala apapun saat digunakan,5,moga ada kendala apa guna,positive
ga jelas,1,ga jelas,negative
krl kenapa ngaret mulu sih. ga pernah tepat waktu atau gak minimal ngaret 5 menitan. dari lama ga pernah evaluasi nih. kayak krl di tambun ke Cikarang. busett ngaret 20 menitan dari jadwal. jadi ngga bisa kejar kereta lokalnya. minimal evaluasi lah. mau sampe kapan ngaret terus-terusan. liat noh fasilitas negara lain,1,krl ngaret mulu sih ga pernah tepat waktu gak minimal ngaret menit lama ga pernah evaluasi nih kayak krl tambun cikarang busett ngaret menit jadwal jadi ngga kejar kereta lokal minimal evaluasi lah mau sampe kapan ngaret terusterusan liat noh fasilitas negara,negative
"memudahkan utk pesan, jadwalkan ulang atau batalkan tiket. terimakasih",5,mudah utk pesan jadwal ulang batal tiket terimakasih,positive
sangat baik dan sangat membantu,5,sangat baik sangat bantu,positive
sangat memudahkan,5,sangat mudah,positive
mau masuk apk susah...sedang ada pemeliharaan teruss,1,mau masuk apk susahsedang pelihara teruss,negative
"kenapa gk bisa dibuka woi udah 2 hari,dah instal ulang brp kali ttp gk bisa",1,gk buka woi udah haridah instal ulang brp kali ttp gk,negative
semoga tambah banyak fitur yang membantu memudahkan pengguna,5,moga tambah banyak fitur bantu mudah guna,positive
"udah di update malah kek knt0.l, ada update-an baru bukannya malah tambah bagus malah jadi ampas, buka aplikasi udah 30 menitan, masih AE ngeload berandanya",1,udah update malah kek kntl updatean baru bukan malah tambah bagus malah jadi ampas buka aplikasi udah menit ae ngeload beranda,negative
kalau beli tiket kereta pasti lewat kai acces,5,kalau beli tiket kereta lewat kai acces,positive
aplikasi nya sangat membantu terimakasih,5,aplikasi nya sangat bantu terimakasih,positive
"Mantab KAI, memberikan kemudahan.. Bintang lima pokokmen",5,mantab kai beri mudah bintang lima pokokmen,positive
setelah di update kok gabisa di buka ya di hp aku? harus android berapa biar bisa pasang aplikasi?,3,update kok gabisa di buka di hp aku android berapa biar pasang aplikasi,neutral
kenapa aplikasinya tidak bisa di gunakan,3,aplikasi bisa guna,neutral
Terlalu sering update,1,terlalu sering update,negative
ok,4,,positive
lebih mudah pakai acsess KAI,5,lebih mudah pakai acsess kai,positive
setiap lebaran tidak bisa diakses,2,lebaran bisa akses,negative
aplikasi nya sangat jelek bgt ga bisa masuk jadi akun member basic dan respon nya juga lambat bgttt,1,aplikasi nya sangat jelek bgt ga masuk jadi akun member basic respon nya lambat bgttt,negative
"ini pertama kalinya saya menggunakan tiket lansia ( mendapatkan reduksi 20% ) alhmdulillah KAI memperhatikan kami Lansia, terima kasih",5,pertama kali guna tiket lansia dapat reduksi alhmdulillah kai perhati lansia terima kasih,positive
mempermudah proses pembelian tiket kereta api sangat membantu sekali,5,mudah proses beli tiket kereta api sangat bantu sekali,positive
bagus praktis,5,bagus praktis,positive
reduksi ya gak kebaca,3,reduksi gak baca,neutral
bagus,5,bagus,positive
pelayanan bagus dan cepat,5,layan bagus cepat,positive
"topup KAI pay via BNI VA, sudah 3 hari saldo blm masuk. terimakasih.",1,topup kai pay via bni va hari saldo blm masuk terimakasih,negative
okokokok,5,okokokok,positive
josss mantap,5,josss mantap,positive
kemudahan pembelian tiket secara Real Time,5,mudah beli tiket real time,positive
ok,5,,positive
baik,5,baik,positive
mudah dan nggak merepotkan,5,mudah nggak repot,positive
"ketika membeli tiket lalu tidak sengaja ke menu utama, tidak ada cara kembali ke bagian pembayaran, lalu ketika membeli tiket ulang terjadi error tiket duplikat..",1,beli tiket lalu sengaja menu utama ada cara ke bagi bayar lalu beli tiket ulang jadi error tiket duplikat,negative
pengembalian dana sangat lama bahkan setelah menunggu 7 hari masih blom dikembalikan tolong lah pengembalian ny segera proses untuk saya kecewa hanya sekedar pengembalian dana lama sekali,1,kembali dana sangat lama bahkan tunggu hari blom kembali lah kembali ny segera proses saya kecewa dar kembali dana lama sekali,negative
"untuk Pt.kai ini aplikasi selalu menyatakan sibuk silakan mencoba lagi. aplikaai belum maksimal, bukannya memudahkan tapi ruwet.",1,ptkai aplikasi selalu nyata sibuk sila coba aplikaai maksimal bukan mudah ruwet,negative
"najis call center ga ada gunanya, telpon ga di angkat. wa ga di bales",1,najis call center ga guna telpon ga angkat wa ga bales,negative
"aplikasi terhapus,, pas mau download ulang malah ga bisa,, hpnya tidak kompatibel,, parah pilih kasih,,",1,aplikasi hapus pas mau download ulang malah ga hpnya kompatibel parah pilih kasih,negative
baik,4,baik,positive
Ok,5,,positive
ok,5,,positive
🥰,5,,positive
ok,5,,positive
Good,5,good,positive
ribet buat login selalu gagal padahal kata Sani sudah benar,1,ribet buat login selalu gagal padahal kata sani benar,negative
"mantab banget, bs pindah jam keberangkatan lewat apk, uang kembali potong 25% dari hrga asli, Alhamdulillah",5,mantab banget bs pindah jam berangkat lewat apk uang potong hrga asli alhamdulillah,positive
bagus pelayanan,5,bagus layan,positive
ok,5,,positive
baik terimakasih atas layanannya,5,baik terimakasih atas layan,positive
namanya access tapi tidak bisa di access,2,nama access tidak di access,negative
bagus,5,bagus,positive
"aplikasi error terus, tidak bisa buka tiket, pdahal udah pesan awal bulan, trus piye Iki lur",2,aplikasi error terus bisa buka tiket pdahal udah pesan awal bulan trus piye iki lur,negative
"sedikit kecewa, kenapa tidak bisa melakukan pembayaran via qris? kode qris tidak bisa ditampilkan. tolong diperbaiki bug nya",1,sedikit kecewa laku bayar via qris kode qris tidak bisa tampil baik bug nya,negative
bermanfaat,5,manfaat,positive
(19/2/26) semenjak diupdate jadi makin sering error :((,3,semenjak diupdate jadi makin sering error,neutral
ok,5,,positive
okay,5,okay,positive
membantu,5,bantu,positive
ok,5,,positive
oh sayangat puas,2,sayangat puas,negative
akses mudah dan cepat,5,akses mudah cepat,positive
bagus dan lengkap,5,bagus lengkap,positive
"bintang 3 dulu soalnya masalah pengembalian dana lama banget masa haru nunggu 7 hari,tapi giliran pesen tiket harus cepet,",3,bintang dulu soal masalah kembali dana lama banget masa haru nunggu haritapi gilir sen tiket cepet,neutral
"Bagus, Simpel",5,bagus simpel,positive
apasihh dengan aplikasi ini pengembalian dana nya begitu lama ?,1,apasihh aplikasi kembali dana nya lama,negative
"aplikasi apaan ini, saya sudah top up saldo 200 ribu. Tapi saldo saya tidak bertambah sama sekali, padahal pada mbanking saya saldonya sudah terpotong. Tolong yang benar lah KAI, masa iya begini. Padahal biasanya lancar tidak ada masalah, saya kecewa",1,aplikasi apa top up saldo ribu saldo tambah sama sekali padahal mbanking saldo potong yang benar lah kai masa iya begini padahal biasa lancar tidak ada masalah saya kecewa,negative
ok,5,,positive
untuk aplikasinya mudah dan sangat membantu tapi untuk metode pembayaran apalagi saat top up masa saya top up sudah hampir 1 hari nunggu saldonya tidak masuk² tolong diperbaiki ya kalau Begini terus akan sangat menyusahkan.,5,aplikasi mudah sangat bantu untuk metode bayar saat top up masa top up hampir hari nunggu saldo masuk baik kalau begini terus sangat susah,positive
mantap dah,5,mantap dah,positive
"kurang puas, karena jadwal perjalanan kommuter line tidak sesuai dengan kedatangan dan keberangkatan sehinggga memperlambat keberangkatan",2,kurang puas jadwal jalan kommuter line sesuai datang berangkat sehinggga lambat berangkat,negative
Dengan Ada Aplikasi Ini. Membuat Kemudahan Bagi Orang Yg Ingin Berpergian Jauh.,5,ada aplikasi buat mudah orang yg pergi jauh,positive
ok saya suka,5,saya suka,positive
"enak gak rumit,mudah lagi",5,enak gak rumitmudah,positive
"Tolong untuk e-wallet nya ganti jangan pakai kaspro, aplikasi jelek topup saldo ga masuk-masuk hilang gitu aja. kerjasama dengan Dana atau OVO saja yang lebih bagus. kalau sudah ganti nanti saya ubah bintang nya. thx",1,untuk ewallet nya ganti jangan pakai kaspro aplikasi jelek topup saldo ga masukmasuk hilang gitu aja kerjasama dana ovo yang lebih bagus kalau ganti saya ubah bintang nya thx,negative
pembatalan tiket tidak bisa padahal kode otp sudah benar dan nomer rekening benar tidak bisa di aplikasi,1,batal tiket bisa padahal kode otp benar nomer rekening benar bisa aplikasi,negative
susah amat beli tiket binjai,1,susah beli tiket binjai,negative
Mudah di akses,5,mudah akses,positive
"pembayarannya belum lengkap, tolong tambahkan ewalet DANA",4,bayar lengkap tambah ewalet dana,positive
terbaik,5,baik,positive
"saya mau daftar akun basic tapi ketika suda mengisi semua data dan ke langkah selanjutnya adalah kode otp, ketika kode suda ada di masukan lalu klik selanjutnya selalu ngeloading uda beraoa kali coba tetep samaa",2,mau daftar akun basic suda isi semua data ke langkah lanjut kode otp ketika kode suda di masuk lalu klik lanjut selalu ngeloading uda beraoa kali coba tetep samaa,negative
suka naik kereta api...hrg ekonomis.fasilitas okee,5,suka naik kereta apihrg ekonomisfasilitas okee,positive
Booking online lebih praktis.,5,booking online lebih praktis,positive
sangat berguna,5,sangat guna,positive
lemot,1,lot,negative
ok,5,,positive
ok,5,,positive
tiba2 hpeku gak kompatible....pdhal kterangan min android 8...lah pnyaku android 12 msa gak bisa...kocak...msa ganti hp...,1,tiba hpeku gak kompatiblepdhal kterangan min android lah pnyaku android msa gak bisakocakmsa ganti hp,negative
blm pengalaman,5,blm alam,positive
Top up lagi2 saldo tidak bertambah. Padahal saldo rekening sudah terpotong. payah ini KAI,1,top up saldo tambah padahal saldo rekening potong payah kai,negative
"bagus, waktu milih kursi belum terlihat mana perempuan dan laki lakinya",5,bagus waktu milih kursi lihat mana perempuan laki laki,positive
keren,5,keren,positive
baguss,5,baguss,positive
"sangat membantu, terimakasih KAI 🙂",5,sangat bantu terimakasih kai,positive
sial. admine gede. nyesel gw donwload,1,sial admine gede nyesel gw donwload,negative
good job KAI 👋💯,5,good job kai,positive
keren,5,keren,positive
"Isi saldo 20.000 mana dapat minjem, di mobil bankingnya berhasil (Livin) tp saldo ga masuk2, mana udah malem, mana tgl tua, bingung, ditlp dana mau dibalikin tp ngantri trus gw harus nginep di stasiun ini gitu ? kacau 😡",1,isi saldo mana minjem mobil bankingnya hasil livin tp saldo ga masuk mana udah malem mana tgl tua bingung ditlp dana mau dibalikin tp ngantri trus gw nginep stasiun gitu kacau,negative
semakin mantab,5,makin mantab,positive
Untuk pihak KAI apakah boleh kasih saran? Untuk kedepannya kalau bisa tidak usah bekerja sama dengan asuransi qoala. Karena cara kerjanya sangat buruk sekali. Untuk proses claim asuransi refund 100% banyak pihak yang dirugikan karena sistem yang bermasalah dan prosesnya yang bertele-tele. Mohon jadi perhatian. Kalau sudah ada perubahan bakal saya rubah bintangnya. terimakasih,1,pihak kai boleh kasih saran depan kalau tidak usah kerja sama asuransi qoala cara kerja sangat buruk sekali proses claim asuransi refund banyak pihak rugi sistem masalah proses berteletele mohon jadi perhati kalau ada ubah bakal rubah bintang terimakasih,negative
mengecewakan sekali.. pesan tiket lokal cikarang - cikampek tiket tidak bisa di beli padahal masih ada.. sepertinya perlu di tambah gerbong nya..,1,kecewa sekali pesan tiket lokal cikarang cikampek tiket bisa beli padahal ada seperti perlu tambah gerbong nya,negative
sangat memuaskan,5,sangat muas,positive
ok. mantap dan mudah,5,mantap mudah,positive
good,5,good,positive
tolong benerin aplikasinya lah mau beli tiket buat mudik malah aplikasinya error sedang dalam pemeliharaan udah hampir seminggu.,1,benerin aplikasi lah mau beli tiket buat mudik malah aplikasi error sedang pelihara udah hampir minggu,negative
"udah saya hubungi semua ngga ada jawaban sama sekali , saya mau boking tiket untuk tgl 19 jam 16.00 tapi tidak bisa , sudah menghubungi wa , faQ dll tidak ada respon , jangan makan gajih buta tolong , layani dengan baik!",1,udah hubung semua ngga jawab sama sekali mau boking tiket tgl jam tidak hubung wa faq tidak respon jangan makan gajih buta layan baik,negative
terimakasih,5,terimakasih,positive
mantap,5,mantap,positive
mantap dan hemat,5,mantap hemat,positive
keren banget dan sangat membantu,5,keren banget sangat bantu,positive
saat topup saldo susah,2,topup saldo susah,negative
"KAI kereen, tepat waktu dan up date dengan perkembangan zaman + perhatian dengan konsumen segala usia. tks byk.",5,kai kereen tepat waktu up date kembang zaman perhati konsumen segala usia tks byk,positive
love ♥️,5,love,positive
BUG,1,bug,negative
"selalu logout sendiri akunnya, sehingga sulit login kembali, yang akhirnya terlambat proses pembelian untuk mendapatkan tiket...",1,selalu logout sendiri akun sulit login yang akhir lambat proses beli dapat tiket,negative
kagak bisa login kocak,1,kagak login kocak,negative
"Terimakasih sangat dengan pelayanan yg sangat luar biasa selama ini, namun penjualan makanan keliling saat ini sangat mengganggu sekali, berisik sekali, dan mengganggu mobilitas, saya kira cukup di umumkan saja dan cukup ada di restorasi sj, gausah mondar mandir karena sangat mengganggu sekali",3,terimakasih sangat layan yg sangat luar biasa lama namun jual makan keliling ini sangat ganggu sekali berisik sekali ganggu mobilitas kira cukup umum dan cukup di restorasi sj gausah mondar mandir sangat ganggu sekali,neutral
tolong kalau server maintenance di kasi pengumuman jauh2 hari lah. saya mau beli tiket jadi susah,3,kalau server maintenance kasi umum jauh hari lah mau beli tiket jadi susah,neutral
recommended,5,recommended,positive
ok,5,,positive
Aplikasi ga jelas bikin kesel aja,1,aplikasi ga jelas bikin kesel aja,negative
Terima Kasih 🙏,5,terima kasih,positive
rada Ribet ndaftarnya pake email yg biasa g bisa .sudah ndaftar berkali2 susah log in.aplikasinya kurang mumpuni.sangat susah sekali log in nya,1,rada ribet ndaftarnya pake email yg biasa g sudah ndaftar kali susah log inaplikasinya kurang mumpunisangat susah sekali log in nya,negative
saya tidak bisa beli tiket mau verif loadingnya lama bgt ngga bisa masuk jaringan lancar,2,tidak beli tiket mau verif loadingnya lama bgt ngga masuk jaring lancar,negative
good,5,good,positive
aplikasi buruk,1,aplikasi buruk,negative
POKOKNYA KECEWA !,1,pokok kecewa,negative
"kai pay nya gk fungsi, pas bayar tiket gk fungsi, buat bayar via qris gk masuk, saran saya kalo topup kai pay seperlunya aja",1,kai pay nya gk fungsi pas bayar tiket gk fungsi buat bayar via qris gk masuk saran kalo topup kai pay perlu aja,negative
ok,5,,positive
baik,5,baik,positive
"diperbaiki lagi Min, biar user friendly",4,baik min biar user friendly,positive
mantap serba praktis,5,mantap serba praktis,positive
pelayanan oke,5,layan oke,positive
"pas install aplikasi bolak balik masukin kode otp sampe ganti beberapa kali kode otp nggk bisa terus. padahal sinyal bagus, kuota full.",1,pas install aplikasi bolak balik masukin kode otp sampe ganti beberapa kali kode otp nggk terus padahal sinyal bagus kuota full,negative
top mudah,5,top mudah,positive
ok,5,,positive
Pembayaran pakai Qris sering gak kebaca di aplikasi J-Connect bank Jatim. Mesti crop dulu khusus bagian Barkode baru kebaca. Mungkin download qris nya bisa lebih simpel hanya menampilkan qris saja tanpa tulisan dan tampilan yang terlalu panjang ke bawah,4,bayar pakai qris sering gak baca aplikasi jconnect bank jatim mesti crop dulu khusus bagi barkode baru baca mungkin download qris nya lebih simpel tampil qris tanpa tulis tampil terlalu panjang bawah,positive
mantap...,5,mantap,positive
MIN! kok daftar penumpang saya kok hilang habis update?,2,min kok daftar tumpang kok hilang habis update,negative
"kalau sudah ada jadwal pemberangkatan harusnya ditepatin, ini jadwalnya kapan berangkat kapan, yang rugi pelanggan bukan perusahaan",1,kalau ada jadwal berangkat harus ditepatin jadwal kapan berangkat kapan rugi langgan bukan usaha,negative
buruk tidak bisa diorder,1,buruk bisa order,negative
apk ini sungguh membantu dengan baik.tidak susah untuk memesan tiket,5,apk sungguh bantu baiktidak susah mes tiket,positive
selalu okeee,5,selalu okeee,positive
makasih,5,makasih,positive
mudah,5,mudah,positive
ok,5,,positive
"teruntuk PT.kai rute jadwal dikondisikan jika terjadi suatu kendala perlintasan rel kereta api, jangan sampai kejadian bintaro paledang terjadi lagi, keselamatan penumpang prioritas utama PT. kai",5,untuk ptkai rute jadwal kondisi jadi suatu kendala lintas rel kereta api jangan jadi bintaro paledang jadi selamat tumpang prioritas utama pt kai,positive
apasih mau beli juga susah bikin terlambat aja deh,1,apasih mau beli susah bikin lambat aja deh,negative
mohon maaf. saya mau memasukan nomor telepon/gmail.saya sudah memasukan nomor telepon terus ada tulisan. nomor telepon anda belum terdaftar padahal sudah terdaftar. pas saya memasukan gmail saya. sama tulisannya. gmail anda belum terdaftar. kenapa mohon di balas ya🙏🙏🙏dan ketika ngirim kode lama banget hampir 2 jam belum di kirim saya menunggu lama banget sampe 5jam kode nya belum di kirim kesel deh padahal mau beli tiket untuk mudik pas lebaran tolong kirim kode nya yang cepet ya jangan 5 jam,1,mohon maaf mau pasu nomor telepongmailsaya pasu nomor telepon terus tulis nomor telepon daftar padahal daftar pas pasu gmail sama tulis gmail daftar mohon balas ya dan ngirim kode lama banget hampir jam belum di kirim tunggu lama banget sampe jam kode nya belum di kirim kesel deh padahal mau beli tiket mudik pas lebaran kirim kode nya cepet jangan jam,negative
bagus,5,bagus,positive
Terbaik,5,baik,positive
"developer ini bercanda apa gmn? di aplikasi booking max cuma bs di 22 Mar 2026, di OTA semua tgl di bulan Maret kebuka, sangat tidak user friendly",1,developer canda apa gmn aplikasi booking max cuma bs mar ota semua tgl bulan maret buka sangat user friendly,negative
"Udah gabisa lagi beli token via kai access, menunya sudah dihapus.",1,udah gabisa beli token via kai access menu hapus,negative
good application,5,good application,positive
"kenapa loading terus sih, mau liat jdwal kereta kan jadi ga bisaa",4,loading terus sih mau liat jdwal kereta kan jadi ga bisaa,positive
harus versi androit brp sih kok gak bs dibuka,1,versi androit brp sih kok gak bs buka,negative
"habis reset hp, kog tidak bisa login ya? 1 bintang dulu, kalau sudah bisa install & booking lagi kayak dulu bintang 5.",1,habis reset hp kog bisa login bintang dulu kalau bisa install booking kayak dulu bintang,negative
bagus,5,bagus,positive
the best banget ini aplikasi mempermudah perjalanan. bayar ga ribet gampang di akses...terima kasih KAI yang sudah melayani masyarakat kecil jadi mudah aman dan nyaman dalam perjalanan.,5,the best banget aplikasi mudah jalan bayar ga ribet gampang aksesterima kasih kai sudah layan masyarakat kecil jadi mudah aman nyaman jalan,positive
update terbaru gak support android 16 aneh padahal sebelumnya bisa,1,update baru gak support android aneh padahal belum,negative
mudah digunakan,5,mudah guna,positive
sangat membantu,5,sangat bantu,positive
"bagus, sangat cepat respon customer service nya",5,bagus sangat cepat respon customer service nya,positive
sangat Bagus,5,sangat bagus,positive
bagus,5,bagus,positive
"kadang eror , masa tiba2 timeout",1,kadang eror masa tiba timeout,negative
ok bgt,5,bgt,positive
good,5,good,positive
ok,3,,neutral
"aplikasinya membantu, tapi pemeliharaan mulu.",2,aplikasi bantu pelihara mulu,negative
josjis pokoknya,5,josjis pokok,positive
aplikasi kalo ke close bentar Uda balik lagi awal,3,aplikasi kalo close bentar uda balik awal,neutral
Bagus,5,bagus,positive
Good,5,good,positive
"kenapa tidak bisa transfer tiket ya, kode otp selalu tidak valid... padahal otp yg saya masukan adalah otp terbaru yg dikirim via email. mohon diperbaiki, nanti saya ganti bintang 5",5,transfer tiket kode otp selalu tidak valid padahal otp yg masuk otp baru yg kirim via email mohon baik saya ganti bintang,positive
gak bisa pesen tiket.. upgade ke basic susah,2,gak sen tiket upgade basic susah,negative
membantu sekali dalam pemilihan jadwal sesuai dengan kebutuhan,5,bantu sekali pilih jadwal sesuai butuh,positive
"parah pake jaringan wifi gak masuk,pake data dlu biar masuk,jadi telat gw pesan tiket gara beli kuota data",2,parah pake jaring wifi gak masukpake data dlu biar masukjadi telat gw pesan tiket gara beli kuota data,negative
mudah untuk digunakan. friendly aps,5,mudah guna friendly aps,positive
di upgrade bukan tambah bagus malah tmbah susah masa gak bisa tf lewat bank indomaret juga gak bisa gimana sih,1,upgrade bukan tambah bagus malah tmbah susah masa gak tf lewat bank indomaret gak gimana sih,negative
terbaikkkkk,5,terbaikkkkk,positive
"gmn sih ni apk, tiap hr buka buat pesen kereta tp kereta blm tersedia terus yg tersedia cuma smpe tgl 9maret tgl seterusnya blm ada, giliran buka apk sebelah ternyata kereta udh ada dan udh habis, sangat kecewa",1,gmn sih ni apk tiap hr buka buat sen kereta tp kereta blm sedia terus yg sedia cuma smpe tgl maret tgl blm gilir buka apk belah nyata kereta udh dan udh habis sangat kecewa,negative
"setelah update access by KAI tidak bisa lagi , bermasalah semoga bisa segera diperbaiki",4,update access by kai masalah moga bisa segera baik,positive
saya gak suka,1,gak suka,negative
okkk,5,okkk,positive
josjis,5,josjis,positive
KAI commuter apakah aplikasi ini bisa kasih tau dan menyediakan info tentang pelacakan posisi kereta seperti armada yang akan tiba yaitu krl jr205 tm6000 inka ie305/crrc sfc 120v mohon konfirmasinya,5,kai commuter aplikasi bisa kasih tau sedia info lacak posisi kereta armada akan tiba krl jr tm inka iecrrc sfc v mohon konfirmasi,positive
"aplikasi yang sangat fleksibel, akhirnya akses buat melakukan pemesanan dan pembatalan lebih mudah",5,aplikasi sangat fleksibel akhir akses buat laku mesan batal lebih mudah,positive
Tak bisa update kl hp old....harusnya gak gitu.Masak aplikasi ngikuti update produk hp sama aja hrs ganti hp kl sdh gak bs update.,1,tak update kl hp oldharusnya gak gitumasak aplikasi ngikuti update produk hp sama aja hrs ganti hp kl sdh gak bs update,negative
rudet ah dikit2 hrus update g nyampe sebulan hrus updat ga kaya aplikasi lain,3,rudet ah dikit hrus update g nyampe bulan hrus updat ga kaya aplikasi,neutral
kenapa si aplikasinya suka eror. kadang mau beli tiket aplikasinya gak bisa dipake harus di uninstall dulu trus di install lagi baru bisa.😏,3,si aplikasi suka eror kadang mau beli tiket aplikasi gak dipake uninstall dulu trus di install baru bisa,neutral
kenapa apknya sulit sekali daftar dan juga akun sering keluar sendiri dan untuk masuk lagi sulit?,2,apknya sulit sekali daftar juga akun sering keluar sendiri untuk masuk sulit,negative
good,5,good,positive
jasa ganti jadwal nya mahal,5,jasa ganti jadwal nya mahal,positive
mantap,5,mantap,positive
Kali ini bintang satu... baru pertama kali telat CUMAN 1 menit karena kejebak macet.... tapi ga ada refund.... minimal setengah nya atuh...,1,kali bintang satu baru pertama kali telat cuman menit jebak macet ga refund minimal tengah nya atuh,negative
saya tapi mumet.. onlinenya,5,tapi mumet onlinenya,positive
mantap,5,mantap,positive
"sedih bngt tiap naik kreta mau beli makan railfood nggak bisa, minta tolong diperbarui dong kak sistemnya",2,sedih bngt tiap naik kreta mau beli makan railfood bisa minta baru dong kak sistem,negative
Bagus,5,bagus,positive
"notifikasi mengganggu, banyak bug",2,notifikasi ganggu banyak bug,negative
LEMOT!!!!,1,lot,negative
Bagus,5,bagus,positive
"apk access sering gangguan dalam mencari tiket, bukan masalah sinyal atau salah dalam pencarian, tpi memang dari sistem, tiket tidak bisa tampil ditanggal yg dicari bukan karena habis.",2,apk access sering ganggu cari tiket bukan masalah sinyal salah cari tpi memang sistem tiket bisa tampil tanggal yg cari bukan habis,negative
"mau daftar member basic verifikasi email tidak bisa, id telah terdaftar",1,mau daftar member basic verifikasi email bisa id daftar,negative
susah di download,5,susah download,positive
puas,4,puas,positive
sangat membantu,5,sangat bantu,positive
keren,5,keren,positive
Bagus cuma tiket pagi cepet habis tolong armada di tambah kan utk transportasi di pagi hari na,3,bagus cuma tiket pagi cepet habis armada tambah kan utk transportasi pagi hari na,neutral
tidak bisa login,4,bisa login,positive
cocok disyaa,5,cocok disyaa,positive
baik aman terpercaya,5,baik aman percaya,positive
sekarang ribet bgt mau pesan tiket nya,1,sekarang ribet bgt mau pesan tiket nya,negative
"Alhamdulillaah semakin mudah utk mbdptkan tiket kereta,",5,alhamdulillaah makin mudah utk mbdptkan tiket kereta,positive
bagus,5,bagus,positive
Tidak bisa download,1,bisa download,negative
salah satu aplikasi transportasi terbaik,5,salah satu aplikasi transportasi baik,positive
mudah digunakan dan akurat,5,mudah guna akurat,positive
mengecewakan penumpang tidak di bolehkan naik,1,kecewa tumpang di boleh naik,negative
mudah dan gampang,5,mudah gampang,positive
pada saat pesenan pertama nggak keluar proses bayarnya. terlalu ribet programnya,1,saat sen pertama keluar proses bayar terlalu ribet program,negative
ga ngebantu banget beli tiket disini selalu ga bisa padahal beli di online itu enak loh tapi di gue selalu gagal terus apalagi akun gue ga bisa pesan tiket disini,1,ga ngebantu banget beli tiket sini selalu ga padahal beli online enak loh di gue selalu gagal terus akun gue ga pesan tiket sini,negative
ok,5,,positive
pesan tiket menjadi lebih mudah bisa dimana saja dan kapan saja,5,pesan tiket jadi lebih mudah mana dan kapan,positive
apk oon gak akurat,1,apk oon gak akurat,negative
oke,5,oke,positive
praktis,5,praktis,positive
bermanfaat,5,manfaat,positive
ok,5,,positive
"aplikasi nya udah keren min ngebantu banget, tapi tolong di noted min tambahin notifikasi kalo ada keberangkatan yg terlambat di kereta yg sering kita pesen, saya pulang pergi kerja naik kereta lokal pagi².pernah tbtb sampe stasiun dikasih tau kalo keretanya terlambat sekitar 1 jam 🥲 tolong yaa, goodluck",4,aplikasi nya udah keren min ngebantu banget noted min tambahin notifikasi kalo berangkat yg lambat kereta yg sering sen pulang pergi kerja naik kereta lokal pagi pernah tbtb sampe stasiun kasih tau kalo kereta lambat jam tolong yaa goodluck,positive
"kenapa selalu sulit ketika pesan railfood online, mohon diperbaiki, sangat tidak jos jis",1,selalu sulit pesan railfood online mohon baik sangat jos jis,negative
good,5,good,positive
"biaya admin top up nya mahal banget min, kalo bisa mah under 1k lebih bagus lagi free, biar makin banyak pengguna nya min, tq",4,biaya admin top up nya mahal banget min kalo mah under k lebih bagus free biar makin banyak guna nya min tq,positive
sangat puas,5,sangat puas,positive
mantappp beli tiket lebih murah disini,5,mantappp beli tiket lebih murah sini,positive
mantab,5,mantab,positive
bagus sekali,5,bagus sekali,positive
aplikasi sampah,1,aplikasi sampah,negative
SISTEM JELEK SAAT PESAN TIKET LEBARAN JAM 00.00 WIB,1,sistem jelek pesan tiket lebaran jam wib,negative
"memghungi cs sangat sulit, nmr yg tertera tdk bisa di hubungi, melalui WA juga kurang membantu 🙏, DM IG juga slow respon",4,memghungi cs sangat sulit nmr yg tera tdk di hubung lalu wa kurang bantu dm ig slow respon,positive
"bagus sekali aplikasi ini, mudah cepat dan sangat membantu pelanggan. customer servicenya juga respon cepat dan penjelasannya detail dan bagus sekali...sukses selalu KAI",5,bagus sekali aplikasi mudah cepat sangat bantu langgan customer servicenya respon cepat jelas detail bagus sekalisukses selalu kai,positive
gak bisa login akun,1,gak login akun,negative
access kai di saya tidak bisa di gunakan kenapa ya min minta tolong dong,1,access kai saya bisa guna ya min minta dong,negative
bagus bro bagus mantap,5,bagus bro bagus mantap,positive
bagus bgt KAI access,5,bagus bgt kai access,positive
KAI semakin di hati ❤️,5,kai makin hati,positive
lemot aplikasinya jelek,1,lot aplikasi jelek,negative
sangat membantu,5,sangat bantu,positive
"sering error, ga bisa pesan makan di apk padahal sedang dalam perjalanan.",3,sering error ga pesan makan apk padahal sedang jalan,neutral
Baik,5,baik,positive
kerenn. mantap KAI,5,kerenn mantap kai,positive
the best transportasi umum,5,the best transportasi umum,positive
"pelayanan bagus, praktis, cepat",5,layan bagus praktis cepat,positive
lebih gampang pesen tiket KAI...OK,5,lebih gampang sen tiket kaiok,positive
layanan super super keren,5,layan super super keren,positive
gangguan mulu,3,ganggu mulu,neutral
jos,3,jos,neutral
"kenapa sih tiket kereta antar kota jauh dekat harga tiket nya sama, apakah ada penjelasannya, dan kenapa gak di hitung perjarak tempuh atau perkota ini berapa biayanya, kaya harga tiket kereta lokal itu harganya beda",3,sih tiket kereta antar kota jauh dekat harga tiket nya sama ada jelas kenapa gak hitung jarak tempuh kota berapa biaya kaya harga tiket kereta lokal harga beda,neutral
sangat cepat,5,sangat cepat,positive
"Di Kereta lokal, Penataran tidak ada mushola maupun tempat wudlu. Tolong segera diberi Mushola dan Tempat Wudlu. Thanks.",1,kereta lokal natar ada mushola maupun tempat wudlu segera beri mushola tempat wudlu thanks,negative
Aplikasi ini mengapa tidak berfungsi dan tidak kompatibel lagi di Redmi Note 8......Kecewa.....sangat menyusahkan karena harus menggunakan perangkat yang lainnya......Tolong kasih solusi,1,aplikasi mengapa fungsi tidak kompatibel di redmi note kecewasangat susah harus guna perangkat lainnyatolong kasih solusi,negative
"request are too frequent...bla2,bla,bla kaburu beakken tiket...,",1,request are too frequentblablabla kaburu beakken tiket,negative
mantap,5,mantap,positive
kereta Airlangga di banyakin Napa tiap tahun war tiket Mulu kehabisan,1,kereta airlangga banyakin napa tiap tahun war tiket mulu habis,negative
hebat,5,hebat,positive
"biasa beli token PLN disini, tp sekarang udah ga bisa lagi. why?",3,biasa beli token pln sini tp sekarang udah ga lagi why,neutral
luar bias,5,luar bias,positive
masih sering error,3,sering error,neutral
belum bisa komen sekarang,1,bisa komen sekarang,negative
baru pilih kereta dan kursi ternyata masuk sistem booking dan hanya maksimal 6 kali pembatalan... masih cari2 kursi dan akhirnya gak bisa boking.. sudah 2x kejadian bikin tidak bisa booking dan harus beli via go show dan pas di lokasi kehabisan.. jadi harus nunggu lama di stasiun krn pakai kereta selanjutnya tolong diperbaiki sistem nya terimakasih,3,baru pilih kereta kursi nyata masuk sistem booking hanya maksimal kali batal cari kursi akhir gak boking x jadi bikin bisa booking beli via go show pas lokasi habis jadi harus nunggu lama stasiun krn pakai kereta lanjut baik sistem nya terimakasih,neutral
"Aplikasinya ga bisa verifikasi, udah seharian nunggu loading terus, padahal udah pake data, wifi, terus hotspot ke temen, takutnya gagal karena koneksi internetnya yang jelek, ternyata aplikasinya, gimana ini?",1,aplikasi ga verifikasi udah hari nunggu loading terus padahal udah pake data wifi terus hotspot temen takut gagal koneksi internetnya jelek nyata aplikasi gimana,negative
keren,5,keren,positive
kenapa sekerng suka gangguan sih,2,sekerng suka ganggu sih,negative
kenapaaa gk bisa login ?????,5,kenapaaa gk login,positive
"ini di benerin dong bug nya pas udah penginputan data penumpang dan di batalkan, kenapa GK bisa beli lagi di hari itu dan tertulis tidak boleh penumpang yg sama padahal di riwayat dan pembayaran belum muncul",2,benerin dong bug nya pas udah penginputan data tumpang di batal gk beli di hari tulis boleh tumpang yg sama padahal di riwayat dan bayar muncul,negative
"mau batalin tiket gabisa bisa, ribetnya minta ampun. sengaja dibikin ribet kayaknya biar gak balikin duit. licik aplikasi jelek.",1,mau batalin tiket gabisa ribetnya minta ampun sengaja bikin ribet kayak biar gak balikin duit licik aplikasi jelek,negative
good,5,good,positive
Terus jadi lebih baik,5,terus jadi lebih baik,positive
Demi Kepuasan konsumen KAI. Ini Saran sekaligus kritik utk membangun Bahwasanya Pembelian tiket utk satu keluarga biasanya pakai satu akun yaitu akun orangtuanya. namun kenapa waktu pembatalan harus melalui akun sesuai nama tiket. Orang tua bukan perantara ( makelar tiket). sebegitu ribet atau sulit kah prosedur pembatalan tiket. mungkin kalau perlu sewaktu pembuatan akun KAI Acces harus menyertakan nomer KK (kartu keluaga) atau dilampirkan scan KK. semoga PT. KAI kedepannya tambah MAJU. tks,2,puas konsumen kai saran sekaligus kritik utk bangun bahwasanya beli tiket utk satu keluarga biasa pakai satu akun akun orangtuanya kenapa waktu batal lalu akun sesuai nama tiket orang tua bukan antara makelar tiket begitu ribet sulit prosedur batal tiket mungkin kalau perlu waktu buat akun kai acces serta nomer kk kartu keluaga lampir scan kk moga pt kai depan tambah maju tks,negative
mantap..,5,mantap,positive
ok,5,,positive
pelayanan KAI sudah cukup bagus,5,layan kai cukup bagus,positive
ok,5,,positive
TOP 👍,5,top,positive
mohon maaf ini susah banget yaa buat masukin data diri.. mau pesan tiket udah mepet,1,mohon maaf susah banget yaa buat masukin data diri mau pesan tiket udah mepet,negative
baik dan bermanfaat,5,baik manfaat,positive
bagus sangat membantu,5,bagus sangat bantu,positive
👍,5,,positive
Aplikasi yang memudahkan mobilitas mengunakan kereta. Semoga kedepannya saldo KAI pay yang kita topup bisa sesuai dengan apa yg kita bayarkan.,5,aplikasi mudah mobilitas mengunakan kereta moga depan saldo kai pay topup sesuai apa yg kita bayar,positive
semoga tiket ketika liburan tiba yg ekonomi di bsedia kan lebih banyak. Terima kasih.,5,moga tiket libur tiba yg ekonomi bsedia kan lebih banyak terima kasih,positive
Tiket KRL Cicalengka kok nggak ada? kan Cicalengka sekarang udah ada KRL,1,tiket krl cicalengka kok kan cicalengka sekarang udah ada krl,negative
"Sangat memuaskan, terus menjadi yg terbaik",5,sangat muas terus jadi yg baik,positive
bagus membantu sekali cuman sering error dan sering perbaikan jangka berhari-hari,4,bagus bantu sekali cuman sering error sering baik jangka berharihari,positive
"Aplikasi burik, Gagal upgrade terus..",3,aplikasi burik gagal upgrade terus,neutral
mantul,5,mantul,positive
pokoke josss,5,pokoke josss,positive
sangat membantu,5,sangat bantu,positive
mantap,5,mantap,positive
aplikasi untuk memesan tiket kereta api,5,aplikasi mes tiket kereta api,positive
manamungkin tidak nyaman pastinya nyaman dan bagus iya kan kan,5,manamungkin nyaman pasti nyaman bagus iya kan kan,positive
sangat membantu.. trimakasih,5,sangat bantu trimakasih,positive
guud,5,guud,positive
"beli tiket hrga 500k byar fee 40k biar bisa cancel,pdhl di form tulisannya 💯 refund, pas di cancel msih kena fee 25% kya di palak, dri segi aplikasi si ok gga ada masalah.",3,beli tiket hrga k byar fee k biar cancelpdhl form tulis refund pas cancel msih kena fee kya palak dri segi aplikasi si gga masalah,neutral
bagus,4,bagus,positive
"Keren min, Lanjut update dan semangat terus Yaaaa.....",5,keren min lanjut update semangat terus yaaaa,positive
ok,5,,positive
"aplikasi gak jelas, lg enak² milih sering keluar sendiri. batalin pesanan lebih dari 6x gak bisa pesan lagi, padahal baru mau cek harga & cek pilih kursi. poor 👎🏼",1,aplikasi gak jelas lg enak milih sering keluar sendiri batalin pesan lebih x gak pesan padahal baru mau cek harga cek pilih kursi poor,negative
masa mau cekout pemesanan kereta lokal gagal terus,1,masa mau cekout mesan kereta lokal gagal terus,negative
"Aplikasi paling cacat, bug juga banyak",1,aplikasi paling cacat bug banyak,negative
aplikasi parah.mau refund tiket susah bgt.Kode otp udah sesuai yg saama yg di krim di email.eh malah ga bisa.kode salah...parah.buang2 duit....ga bisa refund.rugi saya 400 ribu..bagi saya uang segtu besar.ckuo buat makan 1 minggu.,2,aplikasi parahmau refund tiket susah bgtkode otp udah sesuai yg saama yg krim emaileh malah ga bisakode salahparahbuang duitga refundrugi ribubagi uang segtu besarckuo buat makan minggu,negative
"apk bagus min bisa pesan tiket KA dengan mudah, saran update tambahkan BRI di fitur top up nya min soalnya mau top up dengan BRI ga bisa.",5,apk bagus min pesan tiket ka mudah saran update tambah bri fitur top up nya min soal mau top up bri ga,positive
yg bikin jengkel buat sya pas daftar ini itu salah mau masuk pake nomor TF ttp salah pdhal udh bner mau pake google masukan sandi ttp jga salah alasan format sandi belum selesai lah,4,yg bikin jengkel buat sya pas daftar itu salah mau masuk pake nomor tf ttp salah pdhal udh bner mau pake google masuk sandi ttp jga salah alas format sandi selesai lah,positive
josjis,5,josjis,positive
"mau batalin tiket anak yg blm punya rekening aja gak bisa,,,, seharusnya dimudahkan ke rekening mana aja bisa kaya dulu",1,mau batalin tiket anak yg blm punya rekening aja gak harus mudah rekening mana aja kaya dulu,negative
proses pembatalan dan pemesanan sangat cepat. hanya pengembalian dana menunggu jam kerja,5,proses batal mesan sangat cepat kembali dana tunggu jam kerja,positive
"aplikasi ini bagus karna mempermudah berpergian , tapi sayangnya metode pembayaran e-wallet via dana blm ada , tolong segera diperbarui ya ☺️",3,aplikasi bagus karna mudah pergi sayang metode bayar ewallet via dana blm segera baru,neutral
"mengapa kalau lagi war tiket mudik antar kota,padahal data penumpang sudah lengkap Dan ga ada yg salah ,tinggal next aja malah eror sudah ber Kali kali saya mencoba tetep aja eror ""not seat"" trs pas di refresh keluar ,jadi hilang tiket saya. semoga diperbanyak Lagi ya ,tiket mudik nya . kereta Se panjang itu,masa iya berhari² war g dapet²",5,kalau war tiket mudik antar kotapadahal data tumpang lengkap ga yg salah tinggal next aja malah eror ber kali kali coba tetep aja eror not seat trs pas refresh keluar jadi hilang tiket moga banyak ya tiket mudik nya kereta se panjang itumasa iya hari war g dapet,positive
mantap,5,mantap,positive
kenapa ga bisa daftar ya,3,ga daftar,neutral
good,5,good,positive
"Dan ga selamanya yg beli diatas 4 tiket itu calo, jangan batasi pemesanan tiket harian",1,ga lama yg beli atas tiket calo jangan batas mesan tiket hari,negative
jozzz,4,jozzz,positive
Good,2,good,negative
sering error mau bayar pake qris. kode tidak bisa keluar,3,sering error mau bayar pake qris kode bisa keluar,neutral
kenapa saya tidak bisa upgrade ke basic yah. nomor otp sudah masuk ke alamat e mail setelah di masukkan nomor otp nya malah loading trs,5,saya bisa upgrade basic yah nomor otp masuk alamat e mail di masuk nomor otp nya malah loading trs,positive
sangat membantu dan mudah dalam bertransaksi,5,sangat bantu mudah transaksi,positive
"antri, giliran dah masuk antrian selalu tiket habis lebaran ini aku ga dapet tiket ada ny tiket yg mahal semua. tiket ekonomi selalu hbs",2,antri gilir dah masuk antri selalu tiket habis lebaran aku ga dapet tiket ny tiket yg mahal semua tiket ekonomi selalu hbs,negative
"update lagi metode toup up nya buset dah mana biaya admin nya gede banget lagi edan emng GK lagi lagi deh beli tiket KRL dari sini udh mah ribet biaya admin gede, hebat-hebat👍",1,update metode toup up nya buset dah mana biaya admin nya gede banget edan emng gk lagi deh beli tiket krl sini udh mah ribet biaya admin gede hebathebat,negative
kirain gak kena admin top up kaipay wkwk,4,kirain gak kena admin top up kaipay wkwk,positive
👍👍👍👍,5,,positive
"bug parah aplikasinya, coba di uninstall malah ngga bisa login",1,bug parah aplikasi coba uninstall malah ngga login,negative
"saat pesan terjadi eror internet di saat pemilihan kursi direfresh berkali kali tetep gak bisa... padahal internet saya nyala dan speed test kenceng. ahirnya aku batalkanlah tiketnya karena eror di pemilihan kursi. setelah itu aku coba pesen tiket lagi malah muncul tulisan ""tidak bisa memesan tiket pada rute yg sama dalam satu waktu"" halo kan yg tadi tiketnya batal karena eror internet di pemilihan kursi. kenapa malah tidak bisa... mana saya lagi terburu buru",1,pesan jadi eror internet saat pilih kursi direfresh kali kali tetep gak padahal internet nyala speed test kenceng ahirnya aku batal tiket eror pilih kursi itu aku coba sen tiket malah muncul tulis bisa mes tiket rute yg sama satu waktu halo kan yg tadi tiket batal eror internet pilih kursi malah bisa mana lagi buru buru,negative
KAYAK TAI,1,kayak tai,negative
baik,4,baik,positive
"sumpah ini aplikasi sangat menguras emosi.....dibelain melek sampai dini hari demi boking tiket dengan kursi pilihan aja susahnya error melulu ....giliran kena eh kursi malah sudah pada terisi ,kan KOCAK.....😡😡🤬",1,sumpah aplikasi sangat uras emosidibelain melek dini hari boking tiket kursi pilih aja susah error melulu gilir kena eh kursi malah pada isi kan kocak,negative
"gara2 tiket online saya jadi ribut sama istri karena tidak bisa berangkat kerja, setiap hari saya pp merak rangkas, karena tidak ada saldo saya beli offline ternyata habis, padahal di aplikasi masih ada tiketnya. lebih baik tidak ada tiket online, menyusahkan saja, saya setiap hari pp naik kereta merasa kecewa dengan pelayanan seperti ini.",1,gara tiket online jadi ribut sama istri berangkat kerja hari pp merak rangkas tidak saldo beli offline nyata habis padahal aplikasi ada tiket lebih baik tidak ada tiket online susah saya hari pp naik kereta rasa kecewa layan ini,negative
"cari tiket binjai medan 1 pun gak ada yang keluar, gak jelas sih apk nya",1,cari tiket binjai medan gak yang keluar gak jelas sih apk nya,negative
bagus sekali aplikasinya,5,bagus sekali aplikasi,positive
Praktis beli tiket KAI . Mantap,5,praktis beli tiket kai mantap,positive
"kenapa aplikasinya sekarang sering error .au pesen kereta susah,, ayo diperbaiki donk",2,aplikasi sekarang sering error au sen kereta susah ayo baik donk,negative
"aplikasinya error, ngga bisa pesen tiket commuter line dengan alasan ngga bisa booking lebih dari 1 padahal belum beli apa2",3,aplikasi error ngga sen tiket commuter line alas ngga booking lebih padahal beli apa,neutral
good,5,good,positive
"kenapa saya ngga bisa login? pdhl sudah punya akun dan sudah benar gmailnya, tapi failed terus",2,saya ngga login pdhl punya akun sudah benar gmailnya failed terus,negative
persi terbaru ga bisa d apdet ya,1,pers baru ga d apdet,negative
ok,5,,positive
aplikasi bagus udah ada penyimpanan data penumpang jadi lebih mudah buat pesan tiket tapi sayang aplikasi ini telat sehari cara pesan tiketnya yg lain udah bisa tgl berikutnya untuk accsess bay KAI baru hari ini jadi kita kalah cara pesannya jadi GK kebagian tiket kalau pas rame kaya begini coba di cek aplikasi lain ada yg lebih cepat sehari makasih,5,aplikasi bagus udah simpan data tumpang jadi lebih mudah buat pesan tiket sayang aplikasi telat hari cara pesan tiket yg udah tgl ikut accsess bay kai baru hari jadi kalah cara pesan jadi gk bagi tiket kalau pas rame kaya begini coba cek aplikasi ada yg lebih cepat hari makasih,positive
aplikasi busuk,1,aplikasi busuk,negative
"LEMOT CARI TIKET MUDIK DAN BALIK SUSAH TERUTAMA UNTUK KERETA SERAYU KALAU BISA TAMBAH KERETA UNTUK KELAS DIATAS EKONOMI SUPAYA CARI TIKET NGGAK HARUS BEGADANG TENGAH MALAM RUGI WAKTU TIDAK DAPAT TIKET TAMBAH KERETA DARI JAKARTA RUTE JALUR SELATAN TIAP TAHUN KALAU CARI TIKET MUDIK DAN BALIK SUSAH NGGAK KETOLONGAN,SUDAH TAU PEMINAT BANYAK TAPI KERETA TIDAK DITAMBAH",1,lot cari tiket mudik balik susah utama kereta rayu kalau tambah kereta kelas atas ekonomi cari tiket harus begadang tengah malam rugi waktu dapat tiket tambah kereta jakarta rute jalur selatan tiap tahun kalau cari tiket mudik balik susah ketolongansudah tau minat banyak kereta tambah,negative
KAI semakin istimewa,5,kai makin istimewa,positive
Aplikasi yang sangat membantu sukses selalu,5,aplikasi sangat bantu sukses selalu,positive
sangat cepat,5,sangat cepat,positive
apk idiot,1,apk idiot,negative
maintenance mulu aplikasinya klo belum bisa bikin aplikasi ga ush bikin aplikasi cm ngotor²in hp saya aja,1,maintenance mulu aplikasi klo bisa bikin aplikasi ga ush bikin aplikasi cm ngotor in hp aja,negative
"Tolong Kereta BIAS Bandara Diperpanjang sampai kab Nganjuk Agar kereta lokal nyambung sampai Madiun,yang dari Arah Surabaya , Nganjuk Sudah banyak potensi Karyawan pabrik dan mahasiswa arah Surabaya dan Surakarta Atau minimal sambung line kereta jarak Pendek Commuter line atau diesel / Kereta LOKAL diperpanjang dari Surabaya -Madiun Madiun Solo udah ada line Bandara BIAS",1,kereta bias bandara panjang kab nganjuk kereta lokal nyambung madiunyang arah surabaya nganjuk banyak potensi karyawan pabrik mahasiswa arah surabaya surakarta minimal sambung line kereta jarak pendek commuter line diesel kereta lokal panjang surabaya madiun madiun solo udah line bandara bias,negative
sangat baik,5,sangat baik,positive
Sangat membantu,5,sangat bantu,positive
ok banget,5,banget,positive
sangan membantu kita semua terimakasih.,5,sangan bantu semua terimakasih,positive
BAGUSS SIMPEL SATSETT,5,baguss simpel satsett,positive
udah di btalin boking nya blum sampe Mau bayar eh mau pesen lagi dengan jam yg sama ga bisa,2,udah btalin boking nya blum sampe mau bayar eh mau sen dengan jam yg sama ga,negative
good,5,good,positive
Memuaskan😘,5,muas,positive
cepat dan mudah,5,cepat mudah,positive
login aja ribet udh buat yg baru terbaru di masukin malah balik lagi ..salah lagi. inti ny aplikasi cuma buat orang ada aja pilih2 ini team cyber ny,1,login aja ribet udh buat yg baru baru masukin malah balik salah inti ny aplikasi cuma buat orang aja pilih team cyber ny,negative
bagus,5,bagus,positive
Oke,5,oke,positive
sangat membatu sekali. terima kasihhhh,5,sangat batu sekali terima kasihhhh,positive
habis di update malah gak bisa beli pulsa dan token PLN... padahal sebelumnya bisa. . kacau ni aplikasi,1,habis update malah gak beli pulsa token pln padahal belum kacau ni aplikasi,negative
terbaik,5,baik,positive
dengan adanya aplikasi Access by KAI mudah ga ribet ga antri harga terjangkau...pokok nya is the best,5,ada aplikasi access by kai mudah ga ribet ga antri harga terjangkaupokok nya is the best,positive
keereenn,5,keereenn,positive
mantap,5,mantap,positive
Semoga jalur pasprob.. bisa segera terlaksana,5,moga jalur pasprob segera laksana,positive
cepat ringkas ....diskon kurang gede ❤️😊,5,cepat ringkas diskon kurang gede,positive
sangant membantu,5,sangant bantu,positive
semakin baik dalam pelayanan,5,makin baik layan,positive
tolong dipermudah untuk pembatalan tiket. karena tidak semua yang pesan tiket melalui aplikasi pemilik hp untuk pesan. dan yang pesan bukan penumpang. karena saya sering pesan tiket untuk orang tua atau keluarga.,4,mudah batal tiket tidak semua pesan tiket lalu aplikasi milik hp pesan yang pesan bukan tumpang saya sering pesan tiket orang tua keluarga,positive
good,5,good,positive
"saya 2 kali pesen tiket online sudah terbayar, ada bukti nya juga tapi diapk tiketnya belum terbayar sampai akhirnya waktunya habis dan hangus. lemot sering ngga bisa eror",5,kali sen tiket online bayar bukti nya tapi diapk tiket bayar akhir waktu habis hangus lot sering ngga eror,positive
good job,5,good job,positive
suka sekali,5,suka sekali,positive
"User Interfacenya di hp saya gabisa di scroll untuk tanggal booking sampai ke tanggal diatas 20 an dan stuck, seharusnya bisa input tanggal manual saja, entah kenapa di device saya seperti itu, butuh solusi dari pihak KAI, mohon bantuannya",4,user interfacenya hp gabisa scroll tanggal booking ke tanggal atas an stuck bisa input tanggal manual entah di device seperti butuh solusi pihak kai mohon bantu,positive
Terima kasih atas ucapannya semoga KAI selalu melayani penumpang dengan baik dan selalu jaga,5,terima kasih atas ucap moga kai selalu layan tumpang baik selalu jaga,positive
selamat sampai tujuan semuanya waras slamet. Aamiin.,5,selamat tuju semua waras slamet aamiin,positive
Layanannya bagus,5,layan bagus,positive
lebih cepat dalam pemesanan tiket dan lebih praktis,5,lebih cepat mesan tiket lebih praktis,positive
KAI TERBAIK👍💯,5,kai baik,positive
tmrksh kai sudah berikan diskon mudik lebaran.. semoga kedepanya ticket bisa mudah didapat khususnya saat akan mudik lebaran,5,tmrksh kai ikan diskon mudik lebaran moga depa ticket mudah dapat khusus akan mudik lebaran,positive
masih tetap memuaskan meski harus sabar rebutan tiket ...hahahaha,5,tetap muas meski sabar rebut tiket hahahaha,positive
bagus,4,bagus,positive
"ketika sudah isi data penumpan, terus gagal tidak bisa lanjut, mohon diperbaiki min",1,sudah isi data penumpan terus gagal bisa lanjut mohon baik min,negative
oke jos,5,oke jos,positive
"susah war tiket, servernya masih berantakan",1,susah war tiket servernya beranta,negative
aplikasi sampah,1,aplikasi sampah,negative
"keterlaluan, ga bisa di pakai di jam 00.01 ke atas kalo ga di update dulu, biasanya bisa di pake ga perlu update ini harus update klo kereta full ga kebagian kita yang di salahin kurang cepet beli tiketnya, nah kurang cepet apa coba niat beli dini hari???? codingnya di benerin dulu...",1,terlalu ga pakai jam atas kalo ga update dulu biasa pake ga perlu update harus update klo kereta full ga bagi yang di salahin kurang cepet beli tiket nah kurang cepet apa coba niat beli dini hari codingnya di benerin dulu,negative
padahal baru masuk di apk udah HBS aja tiket,1,padahal baru masuk apk udah hbs aja tiket,negative
"ini gimana ya saya lusa sudah mau balik kampung, jadi daftar akun dulu di apk ini, pass daftar tinggal verifikasi e mail, otp sudah masuk, kolom input belum masuk,vnykba daftar ulang berkali kali tetep ga ad kolom input otp, terus gimana masukin otpnya kalok kolom inputnya ga ada pokoknya ga reqlmend banget pakek apk ini.",1,gimana saya lusa mau balik kampung jadi daftar akun dulu apk pass daftar tinggal verifikasi e mail otp masuk kolom input masukvnykba daftar ulang kali kali tetep ga ad kolom input otp terus gimana masukin otpnya kalok kolom inputnya ga pokok ga reqlmend banget pakek apk,negative
Mantap..,5,mantap,positive
bagus mantab,5,bagus mantab,positive
"heran dah, masa gak bisa bayar pake m-banking mandiri, padahal sama sama BUMN",3,heran dah masa gak bayar pake mbanking mandiri padahal sama sama bumn,neutral
ok,4,,positive
harga berubah ubah terkesan di permainkan. kemarin logawa dr BWI ke klaten 420 skr 294 sekelas BUMN macem calo. terlihat buat mainan kalo di refund pun rugi krn potongan 25% makin tercium bau busuk di sini,1,harga ubah ubah kes main kemarin logawa dr bwi klaten skr kelas bumn macem calo lihat buat main kalo refund rugi krn potong makin cium bau busuk sini,negative
oke,5,oke,positive
oke,5,oke,positive
mempermudah..untuk semua yg di butuhkan,5,mempermudahuntuk semua yg butuh,positive
jos gandos,5,jos gandos,positive
bagus,5,bagus,positive
berulangkali dikasih otp tetap gak bisa daftar dari jam 00.00 sampai subuh bahkan ashar coba lagi tetap zonk,1,berulangkali kasih otp tetap gak daftar jam subuh bahkan ashar coba tetap zonk,negative
good,5,good,positive
coba update kasih pembayaran lewat dana juga kak,5,coba update kasih bayar lewat dana kak,positive
"aplikasi yang sangat bagus, sangat membantu kita untuk perjalanan mudik",5,aplikasi sangat bagus sangat bantu untuk jalan mudik,positive
"pesan, batal atau ubah semakin mudah pakai kai access.. thanks",5,pesan batal ubah makin mudah pakai kai access thanks,positive
coba dulu,4,coba dulu,positive
mantapp,5,mantapp,positive
Kerja yang bener woi korupsi mulu idup lu. server lu noh ngebug mulu anjir kagak ada perubahannya anjir. pengeluaran aja gede lu tapi ga ada perubahan apapun. kalo gak berkembang gini balik lagi ke metode beli langsung aja.,1,kerja bener woi korupsi mulu idup lu server lu noh ngebug mulu anjir kagak ubah anjir keluar aja gede lu ga ubah apa kalo gak kembang gin balik ke metode beli langsung aja,negative
"kan sudah ada tuh tanda penumpang laki atau perempuan, mungkin di tambah lagi tanda untuk jika penumpang bersama bayi yang tanpa tiket",4,kan ada tuh tanda tumpang laki perempuan mungkin tambah tanda jika tumpang sama bayi tanpa tiket,positive
oke,5,oke,positive
mantap,5,mantap,positive
basi,1,basi,negative
semoga ditambah lg jadwal keretanya,5,moga tambah lg jadwal kereta,positive
sangat membatu sekali,5,sangat batu sekali,positive
"ada masalah yang di temui oleh saya sebagai pengguna, yaitu tiket kereta saya tiba tiba berubah atau di tukar menjadi tiket orang lain tolong segera perbaiki sistem itu",2,masalah di temu guna tiket kereta saya tiba tiba ubah di tukar jadi tiket orang tolong segera baik sistem,negative
mudah dan cepat terimakasih,5,mudah cepat terimakasih,positive
ok,5,,positive
kai jos,5,kai jos,positive
mudah dan cepat,5,mudah cepat,positive
sangat buruk👎,2,sangat buruk,negative
"semua udah oke si, tapi tolong banget ini mah gerbong yang tujuan ke malang di tambah lagi, terus kalau misal war di jam 00.00 selalu erorriahhh. tolong perbaikannya min😩☝",2,semua udah oke si banget mah gerbong tuju malang tambah terus kalau misal war jam selalu erorriahhh tolong baik min,negative
"Segi tampilan oke, tapi untuk sistem terkadang ngaco Harga tiket 100rb tidak bisa di lakukan pembayaran dan selalu gagal, apakah ini ada praktik korupsi dalam hal jual beli tiket. Perlu di lakukan investigasi",1,segi tampil oke untuk sistem terkadang ngaco harga tiket rb bisa laku bayar selalu gagal ini praktik korupsi hal jual beli tiket perlu laku investigasi,negative
"Servernya toKAI,, tim IT juga kelas amatir yg biasa pegang komputer kasir warnet... tiap taun pas masa mudik ga ada perubahan lebih baik... perusahaan dapet untung banyak beli server yg bagus dong sama tim IT yg profesional...",1,servernya tokai tim it kelas amatir yg biasa pegang komputer kasir warnet tiap taun pas masa mudik ga ubah lebih baik usaha dapet untung banyak beli server yg bagus dong sama tim it yg profesional,negative
"udah dipencet penumpang tetep gabisa, tidak terdetek, harus dicoba berulang ulang baru bisa, mohon diperbaiki. ayo apk lemot banget kalau ga cepet war kehabisan, tpi apk lemot jadwal ga muncul muncul padahal udah jam 0.00 lebih, mohon perbaikannya",1,udah pencet tumpang tetep gabisa terdetek coba ulang ulang baru mohon baik ayo apk lot banget kalau ga cepet war habis tpi apk lot jadwal ga muncul muncul padahal udah jam lebih mohon baik,negative
"tunggu antrian ,selang 4 menit pas kebuka habis semua, bisa aja permainan calo nya",1,tunggu antri selang menit pas buka habis semua aja main calo nya,negative
susah sekali beli tiket kereta api lokal,1,susah sekali beli tiket kereta api lokal,negative
bagus,1,bagus,negative
"Bintang ini hanya pemanis, bingung juga mau memberikan saran lewat aplikasi dimana, jd disini sj. Sy naik: - Kereta Bandara YIA >> Yogyakarta - Gerbong Eksekutif 2 (tempat duduk tengah 6A-D, 7A-D) - Kereta pukul 21.30 Sebelumnya naik kereta yg sama beberapa kali tp ternyata tidak ada perubahan, yaitu di bagian tengah tiap gerbong serasa naik ""Mesin Cuci"", suara BERISIK & BERGETAR. Turun dr kereta badan seperti kesemutan. Semoga bs segera diperbaiki.",2,bintang hanya man bingung mau beri saran lewat aplikasi jd sini sj sy naik kereta bandara yia yogyakarta gerbong eksekutif tempat duduk tengah ad ad kereta pukul belum naik kereta yg sama beberapa kali tp nyata ada ubah di bagi tengah tiap gerbong serasa naik mesin cuci suara berisik getar turun dr kereta badan semut moga bs segera baik,negative
seminggu ini setiap saya pesan tiket selalu (dalam perbaikan) entah karna servernya overload karna pemesanan tiket lebaran. tp ini agak menjengkelkan. Yang menjadi korban yaa passenger yg tidak beli tiket lebaran. saya kesusahan memesan tiket. sangat disayangkan,1,minggu tiap pesan tiket selalu baik entah karna servernya overload karna mesan tiket lebaran tp agak jengkel jadi korban yaa passenger yg beli tiket lebaran susah mes tiket sangat sayang,negative
ok,5,,positive
"apk. lemot, buat pembayaran aja susahnya minta ampun",2,apk lot buat bayar aja susah minta ampun,negative
lebih nyaman dengan KAI,5,lebih nyaman kai,positive
bagus,5,bagus,positive
"tolong lah kai jangan kerja sama, sama kaspro saya transaksi ditipu 10k uangnya gak masuk",1,lah kai jangan kerja sama sama kaspro transaksi tipu k uang gak masuk,negative
sangat membantu disaat terdesak dan tidak sempat melakukan perjalanan kereta dan tiket dapat direfund juga saldo bisa kembali👍👍👍👍,5,sangat bantu saat desak tidak sempat laku jalan kereta tiket direfund saldo kembali,positive
"jujur sedih bngt,aku barusan pesen buat tanggal 25 maret tapi ke booking ny 25 februari, pas sesudah pembayaran baru sadar, dan ternyata bisa diganti jadwal pas itu juga tapi dapet potongan 63k, pdahal bru 5 menit lalu pemesanan",4,jujur sedih bngtaku barusan sen buat tanggal maret ke booking ny februari pas bayar baru sadar nyata ganti jadwal pas juga dapet potong k pdahal bru menit lalu mesan,positive
"aplikasi sekelas milik pemerintah BUMN servernya ecek2. Tiap order kereta lokalan hari minggu dini hari jam 00 utk minggu depannya pasti aplikasinya loading gak bisa jalan. Pdahal gk mungkin itu belinya aplikasinya murah, pesen kereta lokal lho ya ini. paling yg order berapa orang. Aplikasi mesti error gak jalan. Kapan ini diperbarui. Pdhl beli tiket kereta bayar lunas gak ngutang lho",1,aplikasi kelas milik perintah bumn servernya ecek tiap order kereta lokal hari minggu dini hari jam utk minggu depan aplikasi loading gak jalan pdahal gk mungkin beli aplikasi murah sen kereta lokal lho paling yg order berapa orang aplikasi mesti error gak jalan kapan ini baru pdhl beli tiket kereta bayar lunas gak ngutang lho,negative
potongan top up gila gilaan top up 25 ribu masuk cuma 21 rb,1,potong top up gila gila top up ribu masuk cuma rb,negative
lemottt bgtt ga sukaaa😒,1,lemottt bgtt ga sukaaa,negative
membantu banget,5,bantu banget,positive
cukup bagus,5,cukup bagus,positive
"tambahkan lagi dong min kereta serayu untuk mudik lebaran, puasa juga belom tiket kreta udh ludes",5,tambah dong min kereta rayu mudik lebaran puasa bom tiket kreta udh ludes,positive
sangat bermanfaat,5,sangat manfaat,positive
baik...bagus dan mudah,5,baikbagus mudah,positive
lebih cepat dan akurat,5,lebih cepat akurat,positive
mantap lebih mudah,5,mantap lebih mudah,positive
kok skr ga payment bisa pake VN BCA?,5,kok skr ga payment pake vn bca,positive
"hp saya skrng enggak support , mohon kalo memperbarui aplikasi jangan asal asalan , hp saya spek masih mumpuni tpi di buat aplikasi ini skrng device tidak support mohon bantuannya",1,hp skrng enggak support mohon kalo baru aplikasi jangan asal asal hp spek mumpuni tpi buat aplikasi skrng device support mohon bantu,negative
"keluar dari aplikasi trus, Parah",1,keluar aplikasi trus parah,negative
ok,5,,positive
FAST Response dah,5,fast response dah,positive
mantap,5,mantap,positive
tolong perbaiki sistem yg ada di dalam BUMN ini jangan hanya ngomong rugi2 terus tp kenyamanan rakyat dalam menggunakan moda transportasi ini tidak diperhatikan tolongtertibkan calo2tiket KAI yg mengakses aplikasi ini...atau emang sistem yg udah bobrok jadi malah tambah bobrok. ..,1,baik sistem yg di bumn jangan ngomong rugi terus tp nyaman rakyat guna moda transportasi tidak perhati tolongtertibkan calotiket kai yg akses aplikasi iniatau emang sistem yg udah bobrok jadi malah tambah bobrok,negative
"KAI kontollllll, mau booking tiket kerreta ajaa buat pulang ke PURWOKERTO cuti lebaran ada masalah BUG, ada tulisan ada masalah pembaruannn...",1,kai kontollllll mau booking tiket kerreta ajaa buat pulang purwokerto cuti lebaran masalah bug tulis masalah pembaruannn,negative
makin kesini banyak bug...tim IT bisa perbaiki nggak...bikin pusing,2,makin kesini banyak bugtim it baik nggakbikin pusing,negative
"Kecewa sama aja aplikasi KAI access, sering error saat pemesanan tiket terutama ketika harus war di malam hari. Please lah KAI perbaiki ini aplikasinya, kami pelanggan bayar loh untuk jasa kalian. Hal kayak gini ga sekali dua kali terjadi, apalagi saat harus berebut tiket. Kalian penyedia jasa kan, udah sepantasnya layanan kalian mengutamakan kebutuhan dan kenyamanan pelanggan",1,kecewa sama aja aplikasi kai access sering error mesan tiket utama war malam hari please lah kai baik aplikasi langgan bayar loh jasa kalian kayak gin ga sekali kali jadi saat harus rebut tiket kalian sedia jasa kan udah pantas layan kalian utama butuh nyaman langgan,negative
"Bikin aplikasi semakin lama semakin error, tidak membaik malah makin parahhhh😡😡",1,bikin aplikasi makin lama makin error baik malah makin parahhhh,negative
good app,5,good app,positive
"aplikasi lemot, susah di gunakan gagal terus",3,aplikasi lot susah guna gagal terus,neutral
kenapa kalo mau pesen tengah malem selalu ngelag ngebug dll punya temen saya juga gitu uda pakek paket data ttep sama,3,kalo mau sen tengah malem selalu ngelag ngebug punya temen juga gitu uda pakek paket data ttep sama,neutral
Makin kesini semakin mudah pesen tiket.,5,makin kesini makin mudah sen tiket,positive
ok,5,,positive
membantu perjalanan saya,4,bantu jalan,positive
Tolong pihak KAI metode pembayaran ya di perbanyak lagi deh biar enak bisa pilih masa kartu kredit/debit sama Shopee ovo doang tolong lah di tambah sama gopay dana,4,pihak kai metode bayar banyak deh biar enak pilih masa kartu kreditdebit sama shopee ovo doang lah di tambah sama gopay dana,positive
layanan cepat dan praktis,5,layan cepat praktis,positive
sering eror.. kalau memang tidak siap untuk aplikasi online.. lebih baik manual saja,1,sering eror kalau memang siap aplikasi online lebih baik manual,negative
mantappp,5,mantappp,positive
UPDATE MULU IH!!!,3,update mulu ih,neutral
aplikasi ini memudahkan calon penumpang KAI,5,aplikasi mudah calon tumpang kai,positive
best,5,best,positive
"biaya pembatalannya tolong dikurangi, gile 25%",1,biaya batal rang gile,negative
fc terus,1,fc terus,negative
"Aplikasi aneh, jadwal ilang""an, setelah di akses gk muncul jadwalnya, giliran diakses lagi udah penuh, udah tau mepet lebaran, gak jelas",1,aplikasi aneh jadwal ilangan di akses gk muncul jadwal gilir akses udah penuh udah tau mepet lebaran gak jelas,negative
mantaaaappp memudahkan sekali,5,mantaaaappp mudah sekali,positive
"udah masukin kode otp tapi loading nya gak kelar kelar udh coba berkali kali tetep aja gtu, gabisa pesen tiket klo tidak member basic, giliran mau daftar konfirmasi otp aja gak selesai",1,udah masukin kode otp loading nya gak kelar kelar udh coba kali kali tetep aja gtu gabisa sen tiket klo member basic gilir mau daftar konfirmasi otp aja gak selesai,negative
"aplikasi mudah di gunakan dan sangat membantu, tapi beberapa kali saya membeli tiket dan sudah di bayar kemudian tiba-tiba tiketnya hilang begitu saja dan tidak bisa di booking ulang. lalu saya sering tidak bisa memesan tiket dengan alasan saya sudah memiliki tiket dengan jalur yang yang sama, padahal saya belum memiliki tiket sama sekali di jalur tersebut saya sudah melakukan restart dan sebagainya tetap saja tidak bisa, tolong di perbaiki, terima kasih",3,aplikasi mudah guna sangat bantu beberapa kali beli tiket sudah bayar kemudian tibatiba tiket hilang booking ulang lalu sering tidak mes tiket alas sudah milik tiket jalur yang sama padahal belum milik tiket sama sekali jalur sebut sudah laku restart bagai tetap saja tidak bisa tolong di baik terima kasih,neutral
gak bisa dibuka aneh,1,gak buka aneh,negative
"KAI ruuuar biasa, semoga semakin tambah ruuuar biasa (mantap)",5,kai ruuuar biasa moga makin tambah ruuuar biasa mantap,positive
udah 2 hari pemulihan terus cape bngt padahal lagi butuh,1,udah hari pulih terus cape bngt padahal butuh,negative
"jadi kacau begini boss, tampilan dan filter nya",3,jadi kacau begini boss tampil filter nya,neutral
esipp,5,esipp,positive
好用,5,,positive
mudah,5,mudah,positive
kenapa di perangkat hp android saya tidak bisa menggunakan aplikasi ini?,2,di perangkat hp android tidak guna aplikasi,negative
ok,5,,positive
krennn,5,krennn,positive
terbaik,5,baik,positive
Aplikasinya bosok njirr,1,aplikasi bosok njirr,negative
"minta update apk sudah di update ganti minta upgrade akun basic selesai upgrade tetep ja gak bisa di gunakan pesan tiket,minta upgrade lagi malah dapat otp ubah email.padahal cuma upgrade malah gak bisa verifikasi dan profil tetep gitu"" ja semua dah bener padahal akun ku dah dari 2013.",3,minta update apk di update ganti minta upgrade akun basic selesai upgrade tetep ja gak di guna pesan tiketminta upgrade malah otp ubah emailpadahal cuma upgrade malah gak verifikasi profil tetep gitu ja semua dah bener padahal akun ku dah,neutral
bagusss,5,bagusss,positive
"sangat memuaskan, tidak pernah ada kendala",5,sangat muas pernah kendala,positive
"jadwal penjualan tiket telat 1 hari di banding aplikasi lain,di aplikasi lain untuk penjualan tiket tanggal 26 Maret 2026 sudah di jual ,di KAI akses kenapa belum di jual untuk tanggal 26 jadi gak kebagian tiket untuk tgl 26 jadinya",1,jadwal jual tiket telat hari banding aplikasi laindi aplikasi jual tiket tanggal maret jual kai akses belum di jual tanggal jadi gak bagi tiket untuk tgl jadi,negative
memudahkan,5,mudah,positive
"sekarang masuknya susah,begitu masuk keretanya pada penuh.saya jg heran belum masuk war tiket temen saya udah dapet tiket lewat calo.cuma harganya 2X lipat.apa sekarang susah karena calo juga?",2,sekarang masuk susahbegitu masuk kereta penuhsaya jg heran masuk war tiket temen udah dapet tiket lewat calocuma harga x lipatapa sekarang susah calo,negative
tiap war selalu lelet lemot ngelag,2,tiap war selalu lelet lot ngelag,negative
aplikasi ribet mau daftar aja susah percuma ada aplikasi tapi masi di persulit,1,aplikasi ribet mau daftar aja susah percuma aplikasi mas sulit,negative
"assalamualaikum kok aplikasi access by KAI tidak bisa di gunakan,maksudnya apa.sya Download aplikasi TDK berfungsi.tolong penjelasannya",5,assalamualaikum kok aplikasi access by kai bisa gunakanmaksudnya apasya download aplikasi tdk berfungsitolong jelas,positive
proses nya lama,4,proses nya lama,positive
mantabs,5,mantabs,positive
mempermudah beli tiket kai,5,mudah beli tiket kai,positive
"masa iya mau pesen h-44 tapi pas dibuka dan standbye tengah malem malah tiba2 habis tiket ekonomi dari Palembang ke lubuk Linggau 6 ponsel padahal standby buka, seluruh aplikasi lagi baru buka lgsng habis keterangan nya apa memang ada jalur dalam mau pesan ekonomi susah banget apalagi ini langsung aplikasi by KAI harusnya lebih byk ya,kalau memang alasan kuota penumpang memang sedikit tapi peminat banyak harus ditambah dong gerbong nya atau gmna",1,masa iya mau sen h pas buka standbye tengah malem malah tiba habis tiket ekonomi palembang lubuk linggau ponsel padahal standby buka seluruh aplikasi baru buka lgsng habis terang nya apa memang jalur mau pesan ekonomi susah banget ini langsung aplikasi by kai harus lebih byk yakalau memang alas kuota tumpang memang sedikit minat banyak tambah dong gerbong nya gmna,negative
"APL NYA GAK ADA PERUBAHAN TIAP TAHUN DIKALA PENCARIAN TIKET MUDIK LEBARAN,EROR-ANTRIAN-LOADING-ZONK. STANBAY JAM 00:00 JAM 00:06 HABIS!!!!! 👎👎👎👎👎👎👎👎👎👎👎👎👎👎👎👎👎👎👎👎👎👎👎👎👎👎👎👎👎👎👎👎",1,apl nya gak ubah tiap tahun kala cari tiket mudik lebaranerorantrianloadingzonk stanbay jam jam habis,negative
"apl gak jelas gak ada perubahan tiap tahun pas posisi pemesanan tiket mudik lebaran,eror,antrian,loading,dan akhir nya ZONK 👎👎👎👎👎👎🏻👎🏻👎🏻👎🏻👎🏻👎🏻",1,apl gak jelas gak ubah tiap tahun pas posisi mesan tiket mudik lebaranerorantrianloadingdan akhir nya zonk,negative
"tiap mau pesen kalo gak no seat, high frequency, gak pernah tuh masuk sama sekali pdhl cm 2 tiket, tp di tiket. com 4 tiket langsung aja langsung bisa",1,tiap mau sen kalo gak no seat high frequency gak pernah tuh masuk sama sekali pdhl cm tiket tp tiket com tiket langsung aja langsung,negative
nice,5,nice,positive
"tolong sistemnya diperbaiki lagi, saya sudah war di jam 00:00 bahkan sebelum jam 00:00 saya sudah stanby di apk tapi pas mau pesen tiketnya malah load lama bgt, pas udah bisa malah kursinya sudah abis, tolong pihak KAI diperbaiki sistemnya",3,sistem baik war jam bahkan jam saya stanby apk pas mau sen tiket malah load lama bgt pas udah malah kursi sudah abis pihak kai baik sistem,neutral
fitur delaynya mantap luar biasa membuat kursi tersedia jadi hilang seketika tidak ada kursi... luar biasa bintang -4 dulu,1,fitur delaynya mantap luar biasa buat kursi sedia jadi hilang ketika ada kursi luar biasa bintang dulu,negative
"benerin apk lu anjir, gbs dibuka tiap jm 12 malem otp udh msuk tp muter"" mulu",1,benerin apk lu anjir gbs buka tiap jm malem otp udh msuk tp muter mulu,negative
"sangat lemot, menghambat dan membuat emosi. Perlu banyak perbaikan aplikasi.",1,sangat lot hambat buat emosi perlu banyak baik aplikasi,negative
terlalu banyak pending sampe keisi orang,1,terlalu banyak pending sampe isi orang,negative
sangat memuaskan hasilnya,5,sangat muas hasil,positive
sedang dalam pemeliharaan.mau boking tiket gak bisa.aplikasi banyak gangguan menyusahkan pelanggan.sebagai pelanggan kereta api sangat kecewa,1,sedang pemeliharaanmau boking tiket gak bisaaplikasi banyak ganggu susah pelanggansebagai langgan kereta api sangat kecewa,negative
"aplikasinya gangguan terus.. mau pesen tiket gak bisa2 mana udah jam segini.. takut gk dpet tiket... krna kluarga lain udh kedaftar, ini mau pesen tiket buat yg lain malah gak bisa2.. kenapa dah?? lewat traveloka jg gangguan..",3,aplikasi ganggu terus mau sen tiket gak mana udah jam gin takut gk dpet tiket krna kluarga udh daftar mau sen tiket buat yg malah gak kenapa dah lewat traveloka jg ganggu,neutral
"aplikasi ga guna, pesen tiket online ga bikin mudah malah bikin sulit. kalau niat mau digitalisasi minimal pakai developer yg bagus buat bikin apk. ini di akses bareng2 aja udh lemot banyak error nya. gjls bgt",1,aplikasi ga sen tiket online ga bikin mudah malah bikin sulit kalau niat mau digitalisasi minimal pakai developer yg bagus buat bikin apk di akses bareng aja udh lot banyak error nya gjls bgt,negative
masuk apk lemott apk apa ini,1,masuk apk lemott apk apa,negative
aplikasi paling jelek kebanyakan bug,1,aplikasi paling jelek banyak bug,negative
"percuma tiap hari begadang nunggu tiket gak taunya di PHP,masa nunggu antrian 15 menit giliran diklik tiket habis,hapus. aja apk ga ada guna",1,percuma tiap hari begadang nunggu tiket gak tau phpmasa nunggu antri menit gilir klik tiket habishapus aja apk ga guna,negative
server apalah nih kai ga jelas bgtt,1,server apa nih kai ga jelas bgtt,negative
servernya ditingkatkan lagi tolong. waktu waktu traffic ramai pasti ngelag dan banyak kendala. jd males makenya,1,servernya tingkat tolong waktu waktu traffic ramai ngelag banyak kendala jd males makenya,negative
"apaan udah nunggu jadwal lama muncul, gliran uda mau pesen malah eror. uda coba 4x sampe uninstall ttp sama, gmn si kocak niat kaga si buat apk ini wasting time bgt nunggu smpe lumutan",1,apa udah nunggu jadwal lama muncul gliran uda mau sen malah eror uda coba x sampe uninstall ttp sama gmn si kocak niat kaga si buat apk wasting time bgt nunggu smpe lumut,negative
"sistem waiting room malah membuat pemesanan tambah sulit. percuma dibuat waiting room, pas beli tiket udah ludes semua. lebih baik pake sistem yang lama. inovasi yang menyulitkan tidak menghadirkan solusi",1,sistem waiting room malah buat mesan tambah sulit percuma buat waiting room pas beli tiket udah ludes semua lebih baik pake sistem lama inovasi sulit hadir solusi,negative
sering banget ngebug,1,sering banget ngebug,negative
ngelag kalau war aduuh tolong dong diperbaiki lagi,1,ngelag kalau war aduuh dong baik,negative
tidak memudahkan,1,mudah,negative
lemot,3,lot,neutral
"saya agak sedikit kecewa dengan KAI kenapa nomor antrian pembelian tiket agak aneh... no antriannya naik terus .. sudah dapat no antrian 2 tiba2 naik jadi 4 terus ke 8 dan 11 dimana mana antrian itu turun... dari 4, 3, 2, 1 ini malah sebaliknya.... mohon perhatiannya pada PT KAI",2,sedikit kecewa kai nomor antri beli tiket agak aneh no antri naik terus dapat no antri tiba naik jadi terus mana antri turun malah balik mohon perhati pt kai,negative
tesdulu baru rating satambah responnya nanti,1,tesdulu baru rating satambah responnya,negative
aplikasi busukkkk.. mau log in kok gagal mulu.. sering log out ut sendiri.. giliran mau masuk lg susahhhhh. mana sering erorrr gak jelasssssssssss,1,aplikasi busukkkk mau log in kok gagal mulu sering log out ut sendiri gilir mau masuk lg susahhhhh mana sering erorrr gak jelasssssssssss,negative
bagus,5,bagus,positive
sangat membantu,5,sangat bantu,positive
mantap.... process cepat,5,mantap process cepat,positive
wonderful Indonesia,5,wonderful indonesia,positive
"tidak tersedia face id d stasiun Karawang, alhasil harus beli 2 tiket",1,sedia face id d stasiun karawang alhasil beli tiket,negative
"beg* pas masuk barcode ada pas keluar kga ada,udh minta bantuan sama penjaga harus baya 2x",1,beg pas masuk barcode pas keluar kga adaudh minta bantu sama jaga baya x,negative
"Mau cari tiket kereta untuk besok hari Minggu. KAI Akses tp ngga bisa d akses. Kalau pun sedang perawatan sistem, tp ngga ada info sampai kapan. Hmmmm",2,mau cari tiket kereta besok hari minggu kai akses tp ngga d akses kalau sedang awat sistem tp ngga info kapan hmmmm,negative
baik,5,baik,positive
kok aplikasi di hp saya dalam pemeliharaan padahal saldo kaipay nya masih banyak,5,kok aplikasi hp dalam pelihara padahal saldo kaipay nya banyak,positive
"pesan tiket antar lokal p-p, tapi pas cetak tiket malah berangkat dua duanya cuman beda jam, komplain ke petugasnya malah saya yang disalahin salah pesan tiket padahal sudah jelas bukti pembayarannya ada, kalau memang aplikasi nya error harusnya upgrade dong bukannya downgrade, di update malah makin makin gaada langsung gaada tuh bukti pembayarannya mungkin lagi buang sial ya, tolong dong di perbaiki lagi.",1,pesan tiket antar lokal pp pas cetak tiket malah berangkat dua cuman beda jam komplain tugas malah yang disalahin salah pesan tiket padahal jelas bukti bayar kalau memang aplikasi nya error harus upgrade dong bukan downgrade update malah makin makin gaada langsung gaada tuh bukti bayar mungkin buang sial tolong dong baik,negative
Ok,5,,positive
"utamakan kenyamanan, keselamatan dan ketepatan waktu",5,utama nyaman selamat tepat waktu,positive
"uang saya hangus 400rb gegara beli tiket di aplikasi ini, harus nya pihak PT.KAI bisa ngasih aturan bagi calon penumpang yang ketinggalan jadwal keberangkatan kereta uangnya bisa di kembalikan kan kasian cari uang itu ga gampang masa hangus gitu aja aturannya ga jelas cuma menguntungkan sebelah pihak tpi merugikan konsumen/calon penumpang",1,uang hangus rb gegara beli tiket aplikasi harus nya pihak ptkai ngasih atur calon tumpang tinggal jadwal berangkat kereta uang di kembali kan kasi cari uang ga gampang masa hangus gitu aja atur ga jelas cuma untung belah pihak tpi rugi konsumencalon tumpang,negative
baik,5,baik,positive
sangat memuaskan,5,sangat muas,positive
enak buat mesan tiket kai,5,enak buat mesan tiket kai,positive
kenapa aplikasi tidak bisa untuk android 10?,1,aplikasi bisa android,negative
"sangat buruk, tidak ada alt pembayaran, harus add dulu. ketika di add selalu gagal. akhirnya tiket pesanan hangus. kan harusnya bisa pakai QRIS, bisa pake trf, bisa pake wallet suami dll. teknologi utk mempermudah, di Konoha justru untuk mempersulit. form juga amburadul tapi diminta upgrade macam².",1,sangat buruk ada alt bayar add dulu add selalu gagal akhir tiket pesan hangus kan harus pakai qris pake trf pake wallet suami teknologi utk mudah di konoha justru sulit form amburadul minta upgrade macam,negative
cepat dan mudah utk mengaksesnya,5,cepat mudah utk akses,positive
lumayan ribet,4,lumayan ribet,positive
layanan KA makin Oke,5,layan ka makin oke,positive
Sangat membantu,5,sangat bantu,positive
"mau ngebatalin tiket saudara yang salah tanggal gagal terus,, setiap klik pembatalan , ad peringatan nama penumpang tidak d temukan d ubah jadwal ttp juga tdk bisa peringatanny pun sama minta tolong donk d permudah laagi dlm haal pembatalan untuk ngebantu orang yg hp ny tdk bisa lagi acces aplkkasi KAI",1,mau ngebatalin tiket saudara salah tanggal gagal terus klik batal ad ingat nama tumpang d temu d ubah jadwal ttp tdk peringatanny sama minta donk d mudah laagi dlm haal batal ngebantu orang yg hp ny tdk lagi acces aplkkasi kai,negative
tp kadang2 kna jaringan,5,tp kadang kna jaring,positive
nyaman dan tepat waktu,5,nyaman tepat waktu,positive
bagus banget,5,bagus banget,positive
dobol gak guna blasss,1,dobol gak blasss,negative
amanah,5,amanah,positive
"10 tahun sudah setiap lebaran nyari tiket mudik gak pernah dapet,yang saya bingung itu sistem nya gimana..????stanbay jam 00:00 menunggu antrian 00:06 HABIS..Setiap tahun begitu,gak masuk diakal sedangkan rute tujuan bukan satu kereta aja banyak pilihan.",1,tahun tiap lebaran nyari tiket mudik gak pernah dapetyang bingung sistem nya gimanastanbay jam tunggu antri habissetiap tahun begitugak masuk akal rute tuju bukan satu kereta aja banyak pilih,negative
"Bikin lag wifi gw aja setiap kali kereta lewat, ganggu banget. udah mah lewatnya sering.",1,bikin lag wifi gw aja kali kereta lewat ganggu banget udah mah lewat sering,negative
aplikasi gajelas. mau daftar akun aja lama betul kirim otp nya,1,aplikasi gajelas mau daftar akun aja lama betul kirim otp nya,negative
"percuma pakai antrian udah dapat no antrian dua untuk lebaran giliran mau beli di pencet ga bisa hanya sampai informasi penumpang,ga bisa pilih lanjutkan dasar oknum PT KAI ga bisa kerja sampah.",1,percuma pakai antri udah no antri untuk lebaran gilir mau beli pencet ga hanya informasi penumpangga pilih lanjut dasar oknum pt kai ga kerja sampah,negative
mudah dan efisien,5,mudah efisien,positive
"Banyak bugnya gini, maintance 30 menit lebih tengah malam nungguin lama lama. pas udah geser ke pembayaran tiba² ke out sendiri pas mau pesan di jadwal yang sama jadi gabisa gegara katanya udah booking di jadwal yang sama padahal engga",1,banyak bugnya gin maintance menit lebih tengah malam nungguin lama lama pas udah geser bayar tiba out sendiri pas mau pesan jadwal sama jadi gabisa gegara kata udah booking jadwal sama padahal engga,negative
tiket lebaran susah nya minta ampun..,1,tiket lebaran susah nya minta ampun,negative
lemot,1,lot,negative
"Bintang 1 saja cukup lah Ya.. sesuai Pelayanan Aplikasi. Sekelas KAI saja gabisa handle aplikasi ONLINE. Orang Belom Booking Tiket sudah ada Tulisan ""Tidak Bisa Pesan Tiket Dengan Rute Yang Sama""",1,bintang cukup lah sesuai layan aplikasi kelas kai gabisa handle aplikasi online orang bom booking tiket ada tulis bisa pesan tiket rute sama,negative
SELALU ERROR! TIDAK JELAS!,1,selalu error jelas,negative
malam kok sering eror ya,3,malam kok sering eror,neutral
pas mau bayar qr nya ngga bisa,1,pas mau bayar qr nya ngga,negative
server sering ngedown,1,server sering ngedown,negative
aplikasi ini parah pesen tiket loading trs. banyak yang complain tp tidak ada tanggapan. dasar Konoha..,1,aplikasi parah sen tiket loading trs banyak complain tp ada tanggap dasar konoha,negative
untuk lihat jadwal KRL saja tidak bisa aplikasi macam apa inj,1,lihat jadwal krl tidak aplikasi macam apa inj,negative
"Pakai nomor antrian malah makin tidak bagus. Antrian tidak sesuai dengan waktu yang tertera di layar. Setelah nunggu antrian lama, tiket habis. Sungguh tidak efektif. Sangat kecewa Makin diperbaharui aplikasinya malah makin lambat. Dibuat pake antrian kembali malah makin lama",1,pakai nomor antri malah makin bagus antri sesuai waktu tera layar nunggu antri lama tiket habis sungguh efektif sangat kecewa makin baharu aplikasi malah makin lambat buat pake antri malah makin lama,negative
bagus sekali,5,bagus sekali,positive
gampang error.,1,gampang error,negative
"Aplikasi makin berat, jadwal lama keluarnya. Tolong perbaiki!",1,aplikasi makin berat jadwal lama keluar baik,negative
"banyak error, ngelagg!! padahal jaringan gada masalah",1,banyak error ngelagg padahal jaring gada masalah,negative
kbnyakan eror dah heran,3,kbnyakan eror dah heran,neutral
aplikasi busuk lemot,1,aplikasi busuk lot,negative
aplikasinya kurang bagus banyak error nya,3,aplikasi kurang bagus banyak error nya,neutral
ini kenapa ko ga bisa pesan tiket ya ?,1,kenapa ko ga pesan tiket,negative
"Cari tiket malah masuk halaman antrian. Katanya refresh otomatis, ditunggu 15 menit gak ada refresh.",1,cari tiket malah masuk halaman antri kata refresh otomatis tunggu menit gak refresh,negative
good,5,good,positive
aplikasi sering gangguan,3,aplikasi sering ganggu,neutral
saya ingin menyampaikan keluhan tentang aplikasi ini.. menurut saya semakin diupdate versinya semakin tidak bagus.. bberpa kali saya mengalami no kursi pesanan tdak sama stlah dilakukan pembayaran.. lalu saya sangat terganggu ketika tidak bisa melakukan pemesanan h-1 jam.. dan aplikasi sering lemot dan eror.. mohon diperbaiki seharusnya versi baru lebh bagus bukan malah buruk dri sblumnya 🙏,1,ingin sampai keluh aplikasi turut makin diupdate versi makin bagus bberpa kali alami no kursi pesan tdak sama stlah laku bayar lalu sangat ganggu tidak laku mesan h jam aplikasi sering lot eror mohon baik versi baru lebh bagus bukan malah buruk dri sblumnya,negative
bagus,5,bagus,positive
"mohon maaf, mau tanya kk: saya tadi malam nunggu tiket airlangga tujuan babakan untuk tgl 23 maret, tapi pas jam 00.00 mayoritas sudah terisi, pertanyaan saya: apa bisa beli tiket sebelum tanggal pemesanan di buka? Terima kasih",5,mohon maaf mau tanya kk tadi malam nunggu tiket airlangga tuju babakan tgl maret pas jam mayoritas isi tanya apa beli tiket tanggal mesan buka terima kasih,positive
bagus dan tingkatkan kemudahan2 lainnya.,5,bagus tingkat mudah lain,positive
"kok qris nya gabisa di download ya? ngebug apa gimana, kok habis diupgrade malah gini min",1,kok qris nya gabisa download ngebug apa gimana kok habis diupgrade malah gin min,negative
bagus layanan KAI acces memudahkan kami untuk pesan tiket,5,bagus layan kai acces mudah untuk pesan tiket,positive
tidak bisa login untuk beli tiket,1,bisa login beli tiket,negative
mantab,5,mantab,positive
Alhamdulillah,5,alhamdulillah,positive
bagus,5,bagus,positive
excellent,5,excellent,positive
cepat dan praktis,5,cepat praktis,positive
susah x pesan tiket pagi dh d tungguin malah pas d pesan lelet muter2 GK bisa d pesan ..pas kembali dh habis .Tah aplikasi ap,1,susah x pesan tiket pagi dh d tungguin malah pas d pesan lelet muter gk d pesan pas dh habis tah aplikasi ap,negative
ini kenapa samsung a03 varian 4/128 ga bisa download ini woy. pikir lah kalo update,1,kenapa samsung a varian ga download woy pikir lah kalo update,negative
mantapp,5,mantapp,positive
good,5,good,positive
susah amat bayar via qr,1,susah bayar via qr,negative
bagus,5,bagus,positive
bagus,5,bagus,positive
Semoga PT. KAI semakin sukses,5,moga pt kai makin sukses,positive
bagus mempermudah dalam pesen tiket jadi gk harus datang ke tempat,5,bagus mudah sen tiket jadi gk datang tempat,positive
"aplikasi amatir,receh",1,aplikasi amatirreceh,negative
"mudah diakses, praktis dan efisien waktu",5,mudah akses praktis efisien waktu,positive
"jika belum siap update, tidak usah di update. malah tidak bisa di gunakan. mau lebaran malah jadi nggak bisa pesan",1,belum siap update usah update malah bisa guna mau lebaran malah jadi bisa pesan,negative
ok,5,,positive
ok,4,,positive
mantapp poll ada fitur refund sekarang yey,5,mantapp poll fitur refund sekarang yey,positive
bagus sangat membantu,5,bagus sangat bantu,positive
luar biasa,5,luar biasa,positive
Mudah digunakan,5,mudah guna,positive
praktis,5,praktis,positive
baik,5,baik,positive
Lebih cepat dan mudah di akses,5,lebih cepat mudah akses,positive
mantab beli mudah cancel mudah,5,mantab beli mudah cancel mudah,positive
okey,4,okey,positive
eh ini lagi bermasalah kah? mau pesen tiket kereta woi,4,eh lagi masalah mau sen tiket kereta woi,positive
Aplikasi KAI sangat mudah digunakan,5,aplikasi kai sangat mudah guna,positive
"Aplikasinya bagus, tapi.. metode pembayaran e-wallet tidak bisa, melalui bank pun hanya mandiri yang bisa(per 5 feb 2026), harusnya bisa lewat e-wallet! trus dibagian penukaran railpoint gambar serta tulisannya terbalik, gimana mau bacanya, udah terballik dri atas terbalik dari samping pula. Ubtuk kedepan semoga semua diperbaiki dan tambahkan jalur kereta, agar mempermudah bagi orang baru.",5,aplikasi bagus metode bayar ewallet lalu bank hanya mandiri bisaper feb harus bisa lewat ewallet trus bagi tukar railpoint gambar tulis balik gimana mau baca udah terballik dri atas balik samping ubtuk depan moga semua baik tambah jalur kereta mudah orang baru,positive
min klau bisa tiket buat dewasa ya minimal 5 pembelian tiket lah Klau minimal 4 tiket susah,5,min klau tiket buat dewasa minimal beli tiket lah klau minimal tiket susah,positive
susah untuk masuk mendapatkan tiket,2,susah masuk dapat tiket,negative
ok,4,,positive
aplikasi eror mulu,3,aplikasi eror mulu,neutral
"kalo war tiket lebaran selau error. tolong perbaiki, dan masih banyak calo jual tiket di online. apa bisa di berantas? apakah ada keterlibatan orang dalam ? apa hanya pak jonan yang bisa memperbaiki nya ?",1,kalo war tiket lebaran selau error baik masih banyak calo jual tiket online apa di berantas ada libat orang apa pak jonan bisa baik nya,negative
batas waktu bayar cuma 5 menit topup kaipay adminnya 3ribu sendiri,3,batas waktu bayar cuma menit topup kaipay adminnya ribu sendiri,neutral
sangat baik👍 memudahkan pemesanan tiket kereta,5,sangat baik mudah mesan tiket kereta,positive
Aplikasi aneh... pesan tiket hari raya H plus 1 padahal antrian nomor satu pukul 0.0 pas kebuka tanggal.nya tiket sudah habis. sungguh ada yang tidak beres,2,aplikasi aneh pesan tiket hari raya h plus padahal antri nomor satu pukul pas buka tanggal tiket habis sungguh yang beres,negative
bagus,5,bagus,positive
"makin gk jls. masa tiap minggu hampir maintenance dn sangat ngerugiin bngt d wktu mau cek dn order tiket perjalanan KAI. udh unistall brulang kali dn nyoba login jg sllu failed request. gliran mau lapor kendala tapi malah gk muncul jnis laporan yg mau d pilih dn d laporin. ayolah, tolong pemeliharan dn sistemnya d perbaiki demi knyamanan bnyk orng",1,makin gk jls masa tiap minggu hampir maintenance dn sangat ngerugiin bngt d wktu mau cek dn order tiket jalan kai udh unistall brulang kali dn nyoba login jg sllu failed request gliran mau lapor kendala malah gk muncul jnis lapor yg mau d pilih dn d laporin ayo pemeliharan dn sistem d baik knyamanan bnyk orng,negative
terbaik,5,baik,positive
terimakasih sangat membantu,5,terimakasih sangat bantu,positive
kerenn,5,kerenn,positive
sampah GK bisa buat verifikasi email nya,1,sampah gk buat verifikasi email nya,negative
cukup membantu dan agak mudah menggunakannya,3,cukup bantu agak mudah guna,neutral
bagus banget,5,bagus banget,positive
mantap,5,mantap,positive
luar biasa...mantap... terimakasih pelayanan nya,5,luar biasamantap terimakasih layan nya,positive
makin di-update makin banyak masalah nya,1,makin diupdate makin banyak masalah nya,negative
"sebenarnya aplikasi ini memudahkan,tp knp beberapa hari ini susah sekali pesan tiket pake kai acces,pdhal tiap hari sy hrs kuliah PP malang-madiun..",5,benar aplikasi memudahkantp knp beberapa hari susah sekali pesan tiket pake kai accespdhal tiap hari sy hrs kuliah pp malangmadiun,positive
sngt membatu,5,sngt batu,positive
kenapa war tiket lebaran tahun ini susah banget min 😥 udah 4hari begadang ga dapet,5,war tiket lebaran tahun susah banget min udah hari begadang ga dapet,positive
cepat,5,cepat,positive
mantap,5,mantap,positive
good,5,good,positive
sangat keren,5,sangat keren,positive
"Sudah lama pakai aplikasi ini tp kecewa Fitur pindah tempat duduknya kena charge 25%, padahal banyak yang masih kosong. Aplikasi sering telat beri informasi kalau ada hambatan perjalanan. KAI pay sering terlambat saat nambah sering telat dan tidak ada benefitnya. Saat perjalanan Railfoodnya kadang tidak berfungsi",1,lama pakai aplikasi tp kecewa fitur pindah tempat duduk kena charge padahal banyak masih kosong aplikasi sering telat beri informasi kalau hambat jalan kai pay sering lambat nambah sering telat benefitnya jalan railfoodnya kadang tidak fungsi,negative
PARAH PARAH PARAHHHHHH APLIKASI TROUBLE GATAU LAGI MAU NGOMONG APA SAKING JELEKNYA NIH APK,3,parah parah parahhhhhh aplikasi trouble gatau mau ngomong apa saking jelek nih apk,neutral
azib dan aUb dah,5,azib aub dah,positive
gangguan mulu,1,ganggu mulu,negative
riweuh,1,riweuh,negative
selalu delay jam nya,1,selalu delay jam nya,negative
Bismillah awal pake semoga lancar jd pelanggan tetap,5,bismillah awal pake moga lancar jd langgan tetap,positive
"untuk pemesanan tiket pergi pulang, tolong ditampilkan juga tiket untuk pulang nya. tampilan baru sebenarnya mudah. hanya saja, saya ingin keterangan biaya porter, keterangan fungsi tombol logistik juga ditambahkan.",4,mesan tiket pergi pulang tampil tiket pulang nya tampil baru benar mudah saja ingin terang biaya porter terang fungsi tombol logistik tambah,positive
"secara aplikasi sudah bagus min, yang mau saya komplain spesifik di dicomuterline blorasura kenapa tidak distop untuk pemesanan tiketnya ketika sudah mbeludak ?, karena pernah dan akan menjadi pengalaman terburuk saya ketika memesan tiket commuterline blorasura yang saat itu saya pesan dari babat - sby pasarturi ketika sudah masuk saya tidak mendapat tempat duduk dengan berdesak desakan saya berdiri dari berangkat sampai tujuan, mohon solusi dan perbaikannya min 🙏",3,aplikasi bagus min mau komplain spesifik dicomuterline blorasura tidak stop mesan tiket sudah mbeludak pernah akan jadi alam buruk mes tiket commuterline blorasura saat pesan babat sby pasarturi ketika sudah masuk tidak dapat tempat duduk desak desa saya diri berangkat tuju mohon solusi baik min,neutral
bagus dan bersih,5,bagus bersih,positive
oke semuanya,5,oke semua,positive
Payah nge War tiket mudik tiap tahun seperti hantu ilang begitu aja kaga jelas..baru buka belum sampe 1 menit sudah habis aja !!!!!!!!!!,1,payah nge war tiket mudik tiap tahun hantu ilang aja kaga jelasbaru buka sampe menit habis aja,negative
5 malam berturut-turut cari tiket lebaran pas jam 00.00 hasilnya nihil,1,malam berturutturut cari tiket lebaran pas jam hasil nihil,negative
Aplikasi sampah. Tiap tahun begini terus. Bukan apa2 ya. Setiap kali mau pesen selalu stuck dan ketika masuk ke metode pembayaran selalu not respon sampai waktu kadaluwarsa padahal jaringan Wifi ataupun data seluler bagus dan baik. Mohon perbaikannya jika tidak mending hapus aja aplikasinya dari playstore.,1,aplikasi sampah tiap tahun begini terus bukan apa tiap kali mau sen selalu stuck ketika masuk metode bayar selalu not respon waktu kadaluwarsa padahal jaring wifi atau data seluler bagus baik mohon baik tidak mending hapus aja aplikasi playstore,negative
👍👍👍,5,,positive
okay,4,okay,positive
bagus,5,bagus,positive
mantap,5,mantap,positive
"sudah beli tiket, karena emang aplikasi nya gk jelas dan ngebug tiba tiba tiket nya gk ada tapi saldo sudah ke potong. di Riwayat transaksi pun tidak ada semua nya padahal habis topup, habis beli tiket dll. aplikasi gk jelasss bikin rugi. mana lagi buru buru, akhirnya ketinggalan kereta bangkeee",1,beli tiket emang aplikasi nya gk jelas ngebug tiba tiba tiket nya gk tapi saldo ke potong riwayat transaksi tidak semua nya padahal habis topup habis beli tiket aplikasi gk jelasss bikin rugi mana buru buru akhir tinggal kereta bangkeee,negative
oke,5,oke,positive
"Achhh nyolong nih aplikasi. Saldo 4k,harga tiket 3rb ( Buaran- Cibitung. Transaksi Sukses,saldo sisa 1k,tapi barcode gak muncul,sampe kalah debat w sama pegawai stasiun Buaran,karna emang ga da history pembelian tiket.Tapi w bilang saldo berkurang malah pada gak percaya. Dari pada dikatain gila, akhirnya w top up lagi pake Mbanking 10rb,Yg masuk,saldo cuma 9k. Berarti dalam kurang 1 jam,saldo w berkurang 4k. mending pake KMT",1,achhh nyolong nih aplikasi saldo kharga tiket rb buar cibitung transaksi suksessaldo sisa ktapi barcode gak munculsampe kalah debat w sama pegawai stasiun buarankarna emang ga da history beli tikettapi w bilang saldo kurang malah gak percaya pada dikatain gila akhir w top up pake mbanking rbyg masuksaldo cuma k arti kurang jamsaldo w kurang k mending pake kmt,negative
top lebih mudah,5,top lebih mudah,positive
semakin ok,5,makin,positive
enak banget naik ke reta api,5,enak banget naik reta api,positive
update aplikasi mulu,3,update aplikasi mulu,neutral
sangat baik dan membantu,5,sangat baik bantu,positive
mantap,5,mantap,positive
kereeeeeeeeen,5,kereeeeeeeeen,positive
heran w tiap taun hrs bgadang trs buat nyari tiket lbaran.yg lbih anehnya LG d jam 00:00 baru juga d buka udh abis smua.apa iya secepat itu.apa jgn2 ada maen nih mafia2..,1,heran w tiap taun hrs bgadang trs buat nyari tiket lbaranyg lbih aneh lg d jam baru d buka udh abis smuaapa iya cepat ituapa jgn maen nih mafia,negative
alhamdulillaah,5,alhamdulillaah,positive
transportasi darat paling nyaman. aplikasi bgus bgt,5,transportasi darat paling nyaman aplikasi bgus bgt,positive
bagus baik,5,bagus baik,positive
lumayan,5,lumayan,positive
kebayang kalo lg darurat ga bisa dadakan terutama pas mendekati lebaran kasian rakyat kecil yg hanya paspasan kejangkaun nya ekonomi,3,bayang kalo lg darurat ga dada utama pas dekat lebaran kasi rakyat kecil yg paspasan kejangkaun nya ekonomi,neutral
"saldo bisa berkurang sendiri, masa apk buat ajang korupsi",1,saldo kurang sendiri masa apk buat ajang korupsi,negative
"sangat membantu sekali,pokoknya mantaf pokoknya deeh trimaksih",5,sangat bantu sekalipokoknya mantaf pokok deeh trimaksih,positive
mantap,5,mantap,positive
"ini kenapa ya aplikasi nya kalo dah lama gak di buka trs pas mau di buka gak bisa, harus uninstall dulu trs install ulang baru bisa di buka yaaaaa?",3,kenapa aplikasi nya kalo dah lama gak buka trs pas mau buka gak harus uninstall dulu trs install ulang baru di buka yaaaaa,neutral
"menggunakan aplikasi bukan ny mempermudah untuk mengakses pembelian, tiap mau mudik lebaran kenapa ada apa dengan sistem KAI access ini, apa ada permainan pembelian tiket??",1,guna aplikasi bukan ny mudah akses beli tiap mau mudik lebaran apa sistem kai access apa ada main beli tiket,negative
"Sangat membantu untuk pemesanan tiket KA,tapi saat ini Aplikasi ini tidak bisa di buka di Hp saya...crass terus dan juga katanya tidak memadai di hp saya.Perangkat anda tidak kompatibel dengan versi ini.",2,sangat bantu mesan tiket katapi aplikasi buka hp sayacrass terus juga kata tidak pada di hp sayaperangkat tidak kompatibel versi ini,negative
pelayanan prima dan nyaman,5,layan prima nyaman,positive
sangan membantu,5,sangan bantu,positive
metode pembayaran lewat shopeepay gak bisa error Mulu.. lengkapi metode pembayarannya dong..,3,metode bayar lewat shopeepay gak error mulu lengkap metode bayar dong,neutral
mantap,5,mantap,positive
bagus,5,bagus,positive
kalau mau libur nasional pasti mendadak jadi sampah,1,kalau mau libur nasional dadak jadi sampah,negative
Aplikasi sering eror,1,aplikasi sering eror,negative
"Aplikasinya cepat, dan mud ah di mengerti. semoga layanannya juga begitu.",5,aplikasi cepat mud ah erti moga layan begitu,positive
sulit mental terus,2,sulit mental terus,negative
Mohon perkenan pertimbangannya utk menurunkan persentase pembatalan tiket kereta.,4,mohon ken timbang utk turun persentase batal tiket kereta,positive
kalo bisa potongannya lebih kecil lagi,5,kalo potong lebih kecil,positive
mantab,5,mantab,positive
gagal terus napa nih.. mau pesen juga di persulit.. trus kanapa saya g bisa pesen tiket,1,gagal terus napa nih mau sen di sulit trus kanapa g sen tiket,negative
🙏,5,,positive
nice,5,nice,positive
Pelayanan aplikasi semaki buruk,1,layan aplikasi semak buruk,negative
"layanan CS gk bisa berpungsi dengan semestinya,saya ada kendala pembelian yg tidak masuk tapi saldo sudah terpotong,saya beli pulsa di apk ini dengan metod pembayaran qris saya sudah melakukan payment via shopepay tapi pulsa blm masuk saldo sudah terpotong😭kecewa bener""",1,layan cs gk pungsi semestinyasaya kendala beli yg masuk saldo terpotongsaya beli pulsa apk dengan metod bayar qris laku payment via shopepay pulsa blm masuk saldo sudah potong kecewa bener,negative
bagus dan mudah digunakan,5,bagus mudah guna,positive
"MOHON PERBAIKANYA, INI APLIKASI NGE BUG PAS VISITOR NAIK🤣",1,mohon perbaikanya aplikasi nge bug pas visitor naik,negative
"UDEH 3 HARI WAR TIKET SELALU ON TIME JAM 00.00 KRETA MASIH TERSEDIA SEMUA DI SAAT DI PILIH SALAH SATU KRETA UDAH DAFTAR PENUMPANG LANJUT PILIH KURSI MALAH LAMA MASUKNYA GAK TAUNYA LANGSUNG HABIS!! SECEPAT ITU KAH ,?? KRETA LANGSUNG HABIS SEMUA!! INI KAYA ADA YG ANEH SAMA KAI, APAKAH ADA YG BERMAIN SEPERTI CALO?!! TAHUN LALU GAK SEPERTI INI LOH BENER BENER JANGGAL!!!",1,udeh hari war tiket selalu on time jam kreta sedia semua saat pilih salah satu kreta udah daftar tumpang lanjut pilih kursi malah lama masuk gak tau langsung habis cepat kah kreta langsung habis semua kaya yg aneh sama kai ada yg main calo tahun lalu gak ini loh bener bener janggal,negative
"tiket lebaran..masa baru akses jam 00.00 sudah antri, kemudian masuk..eh... langsung habis ludes,",1,tiket lebaranmasa baru akses jam antri kemudian masukeh langsung habis ludes,negative
gimana ceritanya. tiket Serayu dari pasar senen k purwokerto abis. sedangkan dari pasar senen cikampek masih banyak. tapi dari cikampek k purwokerto abis juga. jadi lewat mn yg dari jakarta pesen tiket serayu,4,gimana cerita tiket rayu pasar senen k purwokerto abis pasar senen cikampek banyak dari cikampek k purwokerto abis jadi lewat mn yg dari jakarta sen tiket rayu,positive
war tiket lebaran parah sih,2,war tiket lebaran parah sih,negative
nunggu verivikasi dah seminggu ngga dikirim kirim....gimana mau pesen yang ada hapus instalana.,5,nunggu verivikasi dah minggu ngga kirim kirimgimana mau sen ada hapus instalana,positive
pesen tiket gak pernah bisa....permainan kotor orang dalam!!,1,sen tiket gak pernah bisapermainan kotor orang,negative
"aplikasi parahhhhh, buat H-2, 4 menit sudah habis... nyeseeell download",1,aplikasi parahhhhh buat h menit habis nyeseeell download,negative
"kacauu war tiket lebaran kaya kekuatan orang dalam , percuma ada aaplikasi ini pesan tiket kereta di hari penting di gituin",1,kacauu war tiket lebaran kaya kuat orang percuma aaplikasi pesan tiket kereta hari penting gituin,negative
mantap,5,mantap,positive
2menit kereta habis,1,menit kereta habis,negative
penanganan cepat,5,tangan cepat,positive
mantab mantab,5,mantab mantab,positive
gara gara nih app si dityo pensi mole👎👎,1,gara gara nih app si dityo pensi mole,negative
bagus,4,bagus,positive
bagus,5,bagus,positive
"lumayan, permudah lagi kembangkan",4,lumayan mudah kembang,positive
mau refund aja di persulit chet ngga di bales bales gimana sih,1,mau refund aja sulit chet ngga bales bales gimana sih,negative
"""cannot booking more than 6 booking per day"" padahal cuma sampe liat kursi di gerbong nya aja, ga pesen. apakah harus pesen saat itu juga?, jadi males + ga fleksibel.",1,cannot booking more than booking per day padahal cuma sampe liat kursi gerbong nya aja ga sen harus sen itu jadi males ga fleksibel,negative
mantap aplikasi nya,5,mantap aplikasi nya,positive
mudah dipahami aman,5,mudah paham aman,positive
"Servernya di upgrade ya, pemesanan tiket saat mau mudik timeout terus, ayo lah company besar masa gak modal.",1,servernya upgrade mesan tiket mau mudik timeout terus ayo lah company besar masa gak modal,negative
bagus dan Oke,5,bagus oke,positive
di hp saya ga bisa ke instal padahal android 10 ke atas,1,hp ga instal padahal android ke atas,negative
aplikasi mudah digunakan,5,aplikasi mudah guna,positive
"untuk yang sekian kalinya saya kecewa dengan commuter line,bekasi cikarang.untuk di jam 11:00 sengaja di perlambat untuk ketinggalan kereta walahar tujuan purwakarta.harga tiket tidak seberapa tapi dikalikan banyak penumpang yg tertinggal akibat commuter line yg selalu di tahan dan berhenti lama di stasiun bekasi.",1,yang sekian kali kecewa commuter linebekasi cikaranguntuk jam sengaja lambat tinggal kereta walahar tuju purwakartaharga tiket berapa kali banyak tumpang yg tinggal akibat commuter line yg selalu tahan henti lama stasiun bekas,negative
good respon,5,good respon,positive
ok,5,,positive
kenapa ya sulit dibuka...,1,ya sulit buka,negative
mudah,5,mudah,positive
bagus,5,bagus,positive
Bener2 tidak rekomen undu aplikasi ini cuma buang2 kuota aja....sangat buruk mendaftar aja sampai berbulan bulan nggk ada verifikasi,5,bener rekomen undu aplikasi cuma buang kuota ajasangat buruk daftar aja bulan bulan nggk verifikasi,positive
cara cepat lebih aman,5,cara cepat lebih aman,positive
"kenapa susah pesen tiket buat lebaran ya, padahal udah masuk menu pemesanan, tapi infonya seat not available !?",1,susah sen tiket buat lebaran padahal udah masuk menu mesan info seat not available,negative
bagus,4,bagus,positive
lebih informatif dari sebelumnya.,5,lebih informatif belum,positive
Good,5,good,positive
aneh udah bayar 100% refund tapi pas di refund ga 100%,1,aneh udah bayar refund pas refund ga,negative
"sangat membantu, cm jadi tidak membantu kalau tarif khususnya kadang pas go show tidak berubah atau kadang telat ganti harga..",5,sangat bantu cm jadi bantu kalau tarif khusus kadang pas go show ubah kadang telat ganti harga,positive
sangat memudahkan untuk pembelian tiket kereta api,5,sangat mudah beli tiket kereta api,positive
Ok,5,,positive
sangat baik,5,sangat baik,positive
"jngn kasih akses sblm jam stngh 4 atau jam 3 kebiasaan di stasiun Rangkasbitung jam brpapun KLO hari Senin brangkat subuh orang orang stngh 4 aja udh pada mangap, kasian yg rumah nya jauh. ngeselin juga orang orang yg mangap aja baru stngh 4",1,jngn kasih akses sblm jam stngh jam biasa stasiun rangkasbitung jam brpapun klo hari senin brangkat subuh orang orang stngh aja udh mangap kasi yg rumah nya jauh ngeselin orang orang yg mangap aja baru stngh,negative
"maaf, padahal saya sudah menunggu jam 12 malam agar tidak kehabisan tiket, tetapi begitu saya masuk harus mengantri terlebih dahulu ini karena sistemnya update ya? padahal dulu ga kaya gini, bagusan yang dulu. setelah antri panjang dan lama (±15menit) akhirnya bisa masuk, dan memilih penumpang dan setelah memilih penumpang untuk melanjutkan pemilihan kursi ini sangat lama sekali, dicoba berulang kali gagal gagal dan gagal sampai akhirnya saya kehabisan tiket, jujur kecewa banget",1,maaf padahal sudah tunggu jam malam tidak habis tiket begitu masuk antri lebih sistem update padahal dulu ga kaya gin bagus dulu antri panjang lama menit akhir masuk pilih tumpang telah pilih tumpang lanjut pilih kursi ini sangat lama sekali coba ulang kali gagal gagal gagal akhir habis tiket jujur kecewa banget,negative
memudahkan,5,mudah,positive
"waduh gimana ni, uang saya ga balik, tiket ga dapet tpi saldo ketarik😭",1,waduh gimana ni uang ga balik tiket ga dapet tpi saldo tarik,negative
bagus,5,bagus,positive
semakin hari semakin susah buat pesan tiket liburan atau lebaran,1,makin hari makin susah buat pesan tiket libur lebaran,negative
semakin hari semakin susah buat pesan tiket liburan atau lebaran...,1,makin hari makin susah buat pesan tiket libur lebaran,negative
war tiket lebaran tahun 2026 susahnya minta ampun padahal udah ngisi data mental terus ga tau sistemnya apa gimana ini,2,war tiket lebaran tahun susah minta ampun padahal udah ngisi data mental terus ga tau sistem apa gimana,negative
gak guna,1,gak,negative
gila bgt nge war tiket dari jam 23.30 kaga dapet juga !!!!!!!!,1,gila bgt nge war tiket jam kaga dapet,negative
"semenjak ada sistem antrian² sekarang jdi lebih susah dapet tiket lebaran, udah masuk tinggal pilih kursi doang leletnya minta ampun sampe berakhir sesi kitanya, tolong pihak kai dong, kritik dan saran didengarkan syukur² lngsung dikerjain",1,semenjak sistem antri sekarang jdi lebih susah dapet tiket lebaran udah masuk tinggal pilih kursi doang lelet minta ampun sampe akhir sesi kita pihak kai dong kritik saran dengar syukur lngsung dikerjain,negative
"capek tiap mlm begadang mau pesen tiket yg terjangkau harga y .sekali yg di inginkan dh masuk nh seneng banget rasa y isi data penumpang udah tp ya begitu ke tahap selanjut y muter' sim card 3 operator simpati,indosat,xl sampe satu jam di ulang' begitu trs sampe 3 hp yaa begitu juga hasil y zonk sampe rubah' rute tetap aja zonk mls buka apk y lg..liat di traveloka dh abis semua klo emang di aplikasi resmi dh abis yaaa jng di tampilkan di layar klo msh tersedia",1,capek tiap mlm begadang mau sen tiket yg jangkau harga y sekali yg ingin dh masuk nh neng banget rasa y isi data tumpang udah tp tahap lanjut y muter sim card operator simpatiindosatxl sampe satu jam ulang trs sampe hp yaa begitu juga hasil y zonk sampe rubah rute tetap aja zonk mls buka apk y lgliat traveloka dh abis semua klo emang aplikasi resmi dh abis yaaa jng tampil layar klo msh sedia,negative
"tahun 2026 siatem pembelian untuk tiket lebaran buruk, paling buruk diantara tahun sebelumnya. Akan saya tambahi jadi 5 kalau sistemnya diperbaiki kaya dulu atau lebih baik",1,tahun siatem beli tiket lebaran buruk paling buruk antara tahun belum saya tambah jadi kalau sistem baik kaya dulu lebih baik,negative
sudah akses pemesanan tiket lebaran 1447 H,1,akses mesan tiket lebaran h,negative
aplikasi sangat lemot banyak korupsi,1,aplikasi sangat lot banyak korupsi,negative
Tidak mudah untuk pembelian tiket kereta api lebaran.,1,mudah beli tiket kereta api lebaran,negative
bug,1,bug,negative
lola error,1,lola error,negative
"tiap mudik selalu ga bisa diandalkaan , aplikasi sangat tidak membantu",1,tiap mudik selalu ga diandalkaan aplikasi sangat bantu,negative
War tiket lebaran standby dari jam 23.30 pas masuk 00.00 bisa pilih kereta tp stuck di pembayaran loading terus dan kembali ke awal. Cek ulang kereta 00.03 sudah habis.,1,war tiket lebaran standby jam pas masuk pilih kereta tp stuck bayar loading terus kembali awal cek ulang kereta habis,negative
tinggal di bayar aja susahnya minta ampun dari kemaren nganti tinggal bayar susah bngt heran,1,tinggal bayar aja susah minta ampun kemaren nganti tinggal bayar susah bngt heran,negative
sangat tidak bagus selalu habis trjual,1,sangat bagus selalu habis trjual,negative
ok,5,,positive
Pasti selalu menjelang mudik error,1,selalu jelang mudik error,negative
APLIKASI GA GUNA HAPUS AS AJAAA,1,aplikasi ga hapus as ajaaa,negative
ga wortit sumpah udah antri lama ujung2nya timeout abis itu sesi berakhir,1,ga wortit sumpah udah antri lama ujung timeout abis sesi akhir,negative
"kalau buat aplikasi yang bener dong, sewa server yang bagus. masak aplikasi banyak bug, sering keluar, & server full terus. padahal yang pesen cuma se Indonesia. apalagi kalau se dunia. maaf saya marah² karena kecewa parah, tiap taun nggak ada perkembangan.",1,kalau buat aplikasi bener dong sewa server bagus masak aplikasi banyak bug sering keluar server full terus padahal sen cuma se indonesia kalau se dunia maaf marah kecewa parah tiap taun ada kembang,negative
"Semakin lelet aja aplikasi ini,mau pilih jadwal susahnya minta ampun,bukan karena jaringan saya,jaringan aman² aja,,KECEWA BGT",1,makin lelet aja aplikasi inimau pilih jadwal susah minta ampunbukan jaring sayajaringan aman ajakecewa bgt,negative
lemotnya,4,lot,positive
Tolong perbaiki sistem antriannya udah tiap tahun bukannya makin baik malah makin parah .,1,baik sistem antri udah tiap tahun bukan makin baik malah makin parah,negative
"maksudnya nunggu antrean 15 menit udah nunggu lama tiket malah habis? udah 3 hari kaya gitu terus woy😭😫, parah SEKIRANYA TIDAK MEMBANTU GA USAH NGREPOTIN lah SAKIT BANGET",1,maksud nunggu antre menit udah nunggu lama tiket malah habis udah hari kaya gitu terus woy parah sekira bantu ga usah ngrepotin lah sakit banget,negative
Loading mulu kagak bisa jalan ini aplikasi. Dah sampe restart hp juga tetep aja,1,loading mulu kagak jalan aplikasi dah sampe restart hp tetep aja,negative
aplikasi blm mumpuni untuk situasi pembelirame,1,aplikasi blm mumpuni situasi pembelirame,negative
"saya sudah bayar , di m.banking berhasil. tetapi di aplikasi tidak masuk / gagal. saya bayar 3 tiket melalui qriss. uang tidak kembali.",1,sudah bayar mbanking hasil di aplikasi masuk gagal bayar tiket lalu qriss uang kembali,negative
"kenapa hrus upgrde member sih serasa kaya dipaksa, giliran udah upgrade ttp aja gk bisa juga. skip nih apk deh",1,hrus upgrde member sih serasa kaya paksa gilir udah upgrade ttp aja gk juga skip nih apk deh,negative
tahun lalu kebagian tiket PP. tahun ini gagal karena susah banget,1,tahun lalu bagi tiket pp tahun gagal susah banget,negative
nyari tiket mudik dh antri tgl bayar aja loading nya lama bangt dan akhir nya tiket kburu abis,1,nyari tiket mudik dh antri tgl bayar aja loading nya lama bangt akhir nya tiket kburu abis,negative
aplikasi busuk.... sering bgt gangguan pas penting2nya,1,aplikasi busuk sering bgt ganggu pas penting,negative
mantaaapp,5,mantaaapp,positive
"stress nih aplikasi, udah 00:00 pas masuk pesanan dan mau pembayaran malah gak bisa di akses. kek ada permainan",1,stress nih aplikasi udah pas masuk pesan mau bayar malah gak di akses kek main,negative
"apaan banget sih apanya..... udah lama pakek apk ini dan selalu puas tapi tiba"" banget pas mau nge war tiket malah ngebug apanya sebell bangett.... mana ngebug nya di pas bagian cari jadwal tiket aja lagi yang lain nya gada masalah apa""... kan aneh jadinya... sebel poll",2,apa banget sih apa udah lama pakek apk dan selalu puas tiba banget pas mau nge war tiket malah ngebug apa sebell bangett mana ngebug nya pas bagi cari jadwal tiket aja yang nya gada masalah apa kan aneh jadi sebel poll,negative
tiap jam segini aplikasi selalu trouble,1,tiap jam gin aplikasi selalu trouble,negative
susah amat mau beli tiket pke sistem antri,2,susah mau beli tiket pke sistem antri,negative
"beli tiket pas lagi momen liburan atau lebaran, ngelagnya berdampak pada KA Lokal",1,beli tiket pas momen libur lebaran ngelagnya dampak ka lokal,negative
aplikasi gk guna,1,aplikasi gk,negative
tidak rekomendasi untuk war tiket sangat buruk👎,1,rekomendasi war tiket sangat buruk,negative
giliran dibutuhkan buat war tiket mudik malah error mulu,1,gilir butuh buat war tiket mudik malah error mulu,negative
coba dulu aja,4,coba dulu aja,positive
puas,2,puas,negative
bagus,5,bagus,positive
ok,5,,positive
"aplikasi error, tarif kereta makin mahal ga sebanding dengan pelayanan dan pembelian tiket kereta",1,aplikasi error tarif kereta makin mahal ga banding layan beli tiket kereta,negative
jelek sekali lemot apk nya,1,jelek sekali lot apk nya,negative
sangatlah membantu.,5,sangat bantu,positive
cukup bagus cuman di hp saya tidak ada menu kelola perjalanan nya,4,cukup bagus cuman hp tidak menu kelola jalan nya,positive
"aplikasi tidak dapat digunakan setelah diupdate, pesan error ""Tidak Ada Koneksi Internet"".",1,aplikasi dapat guna diupdate pesan error ada koneksi internet,negative
"mudah digunakan, informasi jelas",5,mudah guna informasi jelas,positive
"tiket ga exclusive di kai acces, mana busuk di kai acces nya gabisa masuk giliran masuk udah kosong aplikasi ampas mending beli / war diluar KAI acces",1,tiket ga exclusive kai acces mana busuk kai acces nya gabisa masuk gilir masuk udah kosong aplikasi ampas mending beli war luar kai acces,negative
e wallet bobrok,1,e wallet bobrok,negative
lebih baik pelayanannya,5,lebih baik layan,positive
ga jelas,1,ga jelas,negative
Its usefull,5,its usefull,positive
"bagusnya kalo hari biasa,,,kalo lebaran banyak banget dramanya,berita nya doang heboh ""45 hari sudah bisa di pesan""tapi pas hari nya malah gak bisa di pesan...gak nyampe semenit habis,,lawak banget kai",1,bagus kalo hari biasakalo lebaran banyak banget dramanyaberita nya doang heboh hari santap pas hari nya malah gak bisa di pesangak nyampe menit habislawak banget kai,negative
"sangat kecewa dengan aplikasi ini, tolong di perbaiki lagi. Saya sudah pesan tiket bahkan sudah selesai pembayaran tapi tiket tidak muncul, saldo sudah terpotong. Saya liat ulasan yang lain ada yang seperti saya tapi tidak ada pembetulan sama sekali.",1,sangat kecewa aplikasi tolong baik pesan tiket bahkan selesai bayar tiket muncul saldo potong saya liat ulas lain yang saya tidak betul sama sekali,negative
KAI access aplikasi tidak berguna. Lebaran 2026 ini pesan tiket susahnya kayak setan,1,kai access aplikasi guna lebaran pesan tiket susah kayak setan,negative
"saya beli token listrik lewat kai , sudah bayar dan uang sudah terdebit ,, tapi di aplikasi KAI gagal sudah lapor ke cs di WhatsApp, email, dan aplikasi tidak ada respon",1,beli token listrik lewat kai bayar uang debit aplikasi kai gagal lapor cs di whatsapp email aplikasi ada respon,negative
mudik tahun 2026 KAI tidak adil...tiket dihabisin calo .,1,mudik tahun kai adiltiket dihabisin calo,negative
Tolong lahh untuk pembelian tikett kereta nya jangan prioritas kann di aplikasi lainn mau beli tiket kehabisan teruss gara2 aplikasi traveloka dan tiket com karena mereka 2 bulan sebelum keberangkatan sudah bisa beli tikett,2,lahh beli tikett kereta nya jangan prioritas kann aplikasi lainn mau beli tiket habis teruss gara aplikasi traveloka tiket com mereka bulan berangkat bisa beli tikett,negative
mntap,5,mntap,positive
sangat puas pelayanan,5,sangat puas layan,positive
"Melakukan perubahan seat pada jadwal dan kelas/tipe tiket yang sama diharuskan membayar 25% dari harga pembelian tiket adalah bentuk pemerasan yang dilegalkan 😡. Seharusnya bisa mencontoh aplikasi FlyGaruda selama waktu dan kelas/tipe masih memungkinkan, perubahan seat bisa dilakukan tanpa ada biaya tambahan.",1,laku ubah seat jadwal kelastipe tiket sama harus bayar harga beli tiket bentuk peras legal contoh aplikasi flygaruda lama waktu kelastipe mungkin ubah seat bisa laku ada biaya tambah,negative
"mantabs, BUMN yg membanggakan",5,mantabs bumn yg bangga,positive
oke,5,oke,positive
"hobi banget error, orang belum pesan apa-apa tapi tulisannya gabisa pesan lebih dari 1 booking",3,hobi banget error orang pesan apaapa tulis gabisa pesan lebih booking,neutral
sangat membantu konsumen,5,sangat bantu konsumen,positive
"buat apa si ada max 6 book per day tuh buat apa cok gajelas ini update lama lama, nyusahin orang buat ngecek kursi Cok, ilangin lah feature sampahnya",1,buat apa si max book per day tuh buat apa cok gajelas update lama lama nyusahin orang buat ngecek kursi cok ilangin lah feature sampah,negative
scam. sudah bayar namun tiket tidak muncul.,1,scam bayar tiket muncul,negative
sering eror,3,sering eror,neutral
aplikasinya mantap..,5,aplikasi mantap,positive
mantap,5,mantap,positive
"pihak KAI bisa bantu jawab gak? kenapa tiket kereta selalu jd cerita keluhan warga biasa yg mau pesan tiket tak kunjung dapat selalu kalah habis semua sama calo/agen tiket? padahal prosedur kan harus isi data penumpang, itu ko bisa terjadi?",1,pihak kai bantu jawab gak tiket kereta selalu jd cerita keluh warga biasa yg mau pesan tiket tak kunjung selalu kalah habis semua sama caloagen tiket padahal prosedur kan isi data tumpang ko jadi,negative
"sering muncul ""Cannot Booking More Than One At Same Schedule Route"" padahal saya belum pernah booking, sangat mengganggu kenyamanan. Akhirnya susah beli tiket.",1,sering muncul cannot booking more than one at same schedule route padahal belum pernah booking sangat ganggu nyaman akhir susah beli tiket,negative
kecewa lemot banget,1,kecewa lot banget,negative
aplikasi ga berguna buat war tiket lebaran..mending hapus aja,1,aplikasi ga guna buat war tiket lebaranmending hapus aja,negative
aplikasi ga berguna buat beli tiket mudik lebaran tiket selalu habis.. mending hapus aja,1,aplikasi ga guna buat beli tiket mudik lebaran tiket selalu habis mending hapus aja,negative
"kepada Yth. Bapak/ Ibu yang berwenang di PT. KAI tolong kerja samanya untuk memasukkan peta jalur kereta lokal-komputer-LRT-Antar kota-bandar-whoosh, soalnya saya kesulitan mencari jalur kereta yang akan saya tuju dan stasiun mana saja yang akan saya lewati jika saya menggunakan jasa transportasi ini. Diharapkan juga pengguna jasa kereta pemula seperti saya lebih nyaman dan mengerti jalur kereta, tentunya menjadi solusi bagi wisatawan mancanegara yang ingin mengelilingi jakarta, terimakasih.",5,yth bapak ibu wenang pt kai kerja sama masuk peta jalur kereta lokalkomputerlrtantar kotabandarwhoosh soal sulit cari jalur kereta tuju stasiun mana akan saya lewat saya guna jasa transportasi harap guna jasa kereta mula saya lebih nyaman erti jalur kereta tentu jadi solusi wisatawan mancanegara yang ingin keliling jakarta terimakasih,positive
"sumpah kalo hari besar aplikasinya suka error gak bisa pesen tiket, kadang QR nya gak bisa dipake gagal terus, update rutin tapi aplikasinya masih lelet banget banyak errornya tolong dong diperbaiki rekrut orang berpengalaman buat ngurusin nih APK, anggaran lu gede juga",2,sumpah kalo hari besar aplikasi suka error gak sen tiket kadang qr nya gak dipake gagal terus update rutin aplikasi lelet banget banyak errornya dong baik rekrut orang alam buat ngurusin nih apk anggar lu gede,negative
"gabisa pesan, muncul notif merah, makin jelek ni aplikasi",1,gabisa pesan muncul notif merah makin jelek ni aplikasi,negative
"Saya pengguna setia jasa kereta api Indonesia merasa kecewa karena akses pemesanan tiket kereta api untuk 18 maret eror, dan ketika masuk lagih tiba tiba tiket habis.... Tolong di perbaiki sistemnya dahulukan yang masuk duluan!!!!",1,guna setia jasa kereta api indonesia rasa kecewa akses mesan tiket kereta api maret eror ketika masuk lagih tiba tiba tiket habis di baik sistem dahulu masuk duluan,negative
"kaya'nya sekarang sistem kai ada permainan orang dalam ketika war libur lebaran langsung habis sudah 2 tahun ini kya gitu terus sistem atrian harusnya di tiadakan, itu buat celah permainan bandar besar+ ordal",1,kaya sekarang sistem kai main orang ketika war libur lebaran langsung habis tahun kya gitu terus sistem atrian harus tiada buat celah main bandar besar ordal,negative
percuma KLO gak bisa buat lebaran.begadang sampai 00:00 giliran diklik. 10 detik udah habis,1,percuma klo gak buat lebaranbegadang gilir klik detik udah habis,negative
buruk!!! milih tiket buat lebaran harus jam 12 pas baru masuk antrian. saya udah 2 tahun ikut war lebaran kurang 10 menit udah bisa masuk antrian. kenapa yang sekarang harus pas jam 12!!! tolong di perbaiki sistem nya seperti dulu.,1,buruk milih tiket buat lebaran jam pas baru masuk antri udah tahun ikut war lebaran kurang menit udah masuk antri yang sekarang pas jam di baik sistem nya dulu,negative
kai ok,5,kai,positive
bagus,5,bagus,positive
apk mantap,5,apk mantap,positive
otp super lama pendingnya,1,otp super lama pending,negative
aplikasi lemot,1,aplikasi lot,negative
makin kesini sistemnya makin gk jelas.,1,makin kesini sistem makin gk jelas,negative
kirim otp aja susah,1,kirim otp aja susah,negative
parah aplikasi beli tiket lebaran GK pernah dapet padahal udh stay di jam pembukaan tp setiap masuk dapet kreta GK pernah ada kursi kosong trs yg naek goib,1,parah aplikasi beli tiket lebaran gk pernah dapet padahal udh stay jam buka tp masuk dapet kreta gk pernah kursi kosong trs yg naek goib,negative
Udah ngewar tiket dari jam 00.00 tapi malah ngga dapet 😭,1,udah ngewar tiket jam malah ngga dapet,negative
tiap mau beli tiket kereta lokal selalu gagal ujung' nya kehabisan tiket,1,tiap mau beli tiket kereta lokal selalu gagal ujung nya habis tiket,negative
"2 tahun berburu tiket lebaran,pas mau nyari tiket pasti langsung masuk halaman antrian 15 menit,,pas tiba giliran kita,tiket semua sudah ludes terjual ,,,, jangan kaya gitu mainnya dong,sekelas sarana pemerintah kesannya seperti pilih kasih ke orang lain,,,namanya lomba nyari tiket,ya harus cepet cepetan ,,jangan sebagian orang di pindah antri kan,malah zonk ,,, gak sportif ,enakan DIRUT yang lama",1,tahun buru tiket lebaranpas mau nyari tiket langsung masuk halaman antri menitpas tiba gilir kitatiket semua ludes jual jangan kaya gitu main dongsekelas sarana perintah kesan pilih kasih orang lainnamanya lomba nyari tiketya cepet cepetan jangan bagi orang pindah antri kanmalah zonk gak sportif enak dirut lama,negative
aplikasi apa ini.sudah nunggu lama2 malah tiket kosong terus.aneh ada oknum tiket ini,1,aplikasi apa inisudah nunggu lama malah tiket kosong terusaneh oknum tiket,negative
temen gua gak dapet tiket lembut apk nya jelek lemot. no antrian sudah sedikit langsung hilang. bohong ngapusi dusta!!!! tolonglah minta 1 tiket temen gua mau pulang mau ketemu anaknya.,5,temen gua gak dapet tiket lembut apk nya jelek lot no antri sedikit langsung hilang bohong ngapusi dusta tolong minta tiket temen gua mau pulang mau ketemu anak,positive
"ini KAI perhatikan saat beli tiket lebaran banyak calo mending hapus fitur transfer tiket saat h-45, terus juga aplikasi nya eror Mulu ahhhh, kalau belum siap pake teknologi mending balik aja ke sistem dulu beli di loket wkwk, setiap habis antre masuk halaman tertulis ""jadwal tidak tersedia""",1,kai perhati beli tiket lebaran banyak calo mending hapus fitur transfer tiket h terus aplikasi nya eror mulu ahhhh kalau siap pake teknologi mending balik aja sistem dulu beli loket wkwk habis antre masuk halaman tulis jadwal sedia,negative
Aplikasi tidak adil dan sangat culas cara mainnya di masa berburu tiket lebaran. maka sejak apk dibuka pada pkl 00 maka kita di suruh antti lama.. lalu refresh otomatis dan bla..bla hasilnya zonk tidak ada tiket yang bisa di pesan. alias semua habis terjual di borong tengkulak tengkulak rekanan KAI.,1,aplikasi adil sangat culas cara main masa buru tiket lebaran sejak apk buka pkl kita suruh antti lama lalu refresh otomatis blabla hasil zonk ada tiket bisa pesan alias semua habis jual borong tengkulak tengkulak rekan kai,negative
udah masuk antrian tbtb langsung keluar terus tiket habis..maksutnya gimanaaa ini????,1,udah masuk antri tbtb langsung keluar terus tiket habismaksutnya gimanaaa,negative
tambah sulit tiketnya....eror krna bnyak antrian hadewwww,1,tambah sulit tiketnyaeror krna bnyak antri hadewwww,negative
"parah susah banget diakses, aplikasi ancur!!!",1,parah susah banget akses aplikasi ancur,negative
"jam 00.00. aplikasi rusak mau pesen ke malang aneh tidak bisa masuk jam keberangkatan , pesen tempat duduk error",1,jam aplikasi rusak mau sen malang aneh bisa masuk jam berangkat sen tempat duduk error,negative
menyusahkan,1,susah,negative
gak guna,1,gak,negative
percuma war tiket terlalu banyak calo yang menungggangi jasa tiket lebaran. kita yang stiap bulan pakai kreta api. tapi stiap ikut war tiket lebaran ga pernah kebagian slalu kalaah jaringa sama oprator kaii aces dengan udh nunggu stanbay di aplikasi kai aces pas jam 00:00 langsung di kasi antrian setelah antrian di buka tiket pun abis. saya yakin ini ada tindakan kerja sama antara oprator kai aces dengan para calo yang menawarkan jasa nya di grup facebook ig dll. saya ga suka di ginin.,1,percuma war tiket terlalu banyak calo menungggangi jasa tiket lebaran stiap bulan pakai kreta api stiap ikut war tiket lebaran ga pernah bagi slalu kalaah jaringa sama oprator kaii aces udh nunggu stanbay aplikasi kai aces pas jam langsung kasi antri antri buka tiket abis yakin ada tindak kerja sama oprator kai aces para calo yang tawar jasa nya grup facebook ig saya ga suka gin,negative
good,5,good,positive
jam 00:01 tiket kok udah habis,1,jam tiket kok udah habis,negative
"Sangat mengecewakan, aplikasi diduga disabotase dari pihak internal, saya tidak dapat membeli tiket untuk mudik.",1,sangat kecewa aplikasi duga sabotase pihak internal tidak beli tiket mudik,negative
"curang, mau pesen tiket kereta tanggal 18 maret 2026 ditungguin dari 23.40 (udah masuk di pemesanan) tbtb 23.58 ketendang bilangnya ngantri. pasti calo nih -_-",3,curang mau sen tiket kereta tanggal maret ditungguin udah masuk mesan tbtb tendang bilang ngantri calo nih,neutral
"Tiket jarang tersedia.. Masak Iyah tiket tujuan surabaya - Jombang harus beli dari Surabaya - Mojokerto. Trus Mojokerto - Jombang. Gabisa langsung.. aneh. Terlebih kalau mendekati hari libur, tanggal merah. Pasti susah. makin lama makin gajelas aplikasinya,.. apa programmernya gak ngetest ya masak daftar kereta gabisa muncul.",1,tiket jarang sedia masak iyah tiket tuju surabaya jombang beli surabaya mojokerto trus mojokerto jombang gabisa langsung aneh lebih kalau dekat hari libur tanggal merah susah makin lama makin gajelas aplikasi apa programmernya gak ngetest masak daftar kereta gabisa muncul,negative
Like saya suka,5,like suka,positive
terimakasih 👍,4,terimakasih,positive
sangat membantu di saat urgent untuk mendapatkan tiket dadakan,5,sangat bantu saat urgent dapat tiket dada,positive
Banyak drama,1,banyak drama,negative
"terimakasih atas layanannya, terbaik buat KAI",5,terimakasih atas layan baik buat kai,positive
mohon ditambahkan lagi untuk jumlah penumpang pemberangkatan jadi bisa lebih banyak tidak cuman 4 orang 🙏🙏,5,mohon tambah untuk jumlah tumpang berangkat jadi lebih banyak cuman orang,positive
mantap,5,mantap,positive
"Aplikasi diUpgrade malah Maximal penumpang Dewasa 4 terus yg Anaknya lebih dari 2 gimana, Mikir yg bener dong bukanya tambah bagus malah menyusahkan... sebelum ada perbaikan lagi saya kasih bintang 1",1,aplikasi diupgrade malah maximal tumpang dewasa terus yg anak lebih gimana mikir yg bener dong buka tambah bagus malah susah ada baik saya kasih bintang,negative
"perbaiki lag nya engselin, loadingnya lama verifikasinya, sama loading upgradenyaaaaa, pls benerin, kalo udh aku perbaiki Bintang",3,baik lag nya engselin loadingnya lama verifikasi sama loading upgradenyaaaaa pls benerin kalo udh aku baik bintang,neutral
"semenjak update aplikasi, ini kenapa saya tidak bisa memesan railfood via online? keterangannya selalu : Anda hanya bisa memesan makanan pada saat perjalanan. padahal saya sudah berada dalam kereta serta melakukan check in",3,semenjak update aplikasi kenapa tidak mes railfood via online terang selalu hanya mes makan saat jalan padahal sudah ada kereta laku check in,neutral
"parah kasian yg punya hp spek biasa,setelah update ga bisa pesan tiket(aplikasi ini tidak kompatibel dengan perangkat anda). kacau emang harus orang yg berduit ya(yg punya hp bagus yg bisa naik kereta)",1,parah kasi yg punya hp spek biasasetelah update ga pesan tiketaplikasi tidak kompatibel perangkat kacau emang orang yg duit yayg punya hp bagus yg naik kereta,negative
aplikasi minta update terus.,4,aplikasi minta update terus,positive
User friendly👍,5,user friendly,positive
bagus,4,bagus,positive
cepat mudah,5,cepat mudah,positive
bagus bre,5,bagus bre,positive
sangat buruk buat kesal..,1,sangat buruk buat kesal,negative
di update malah gak kompatible,1,update malah gak kompatible,negative
Mantab,5,mantab,positive
"aplikasi super lemot, pesen tiket keluar terus, nyari tiket yg udah kebayar lemotnya,",1,aplikasi super lot sen tiket keluar terus nyari tiket yg udah bayar lot,negative
ok,5,,positive
Bede kondisi aplikasi,5,bede kondisi aplikasi,positive
sangat mantap,5,sangat mantap,positive
"aplikasi Majapahit, hp ram 8gb, layar 120hz, jaringan wifi 100mbps, buka aplikasi ini doang patah2 gk mulus berasa pake hp kentang kalo buka aplikasi ini jadi gk bisa sat-set war tiket.",1,aplikasi majapahit hp ram gb layar hz jaring wifi mbps buka aplikasi doang patah gk mulus asa pake hp kentang kalo buka aplikasi jadi gk satset war tiket,negative
"barusan saya mesan untuk tangal 17 bulan Maret 2026 tapi begitu menunggu selma 15 menit terus keluar sendiri,padahal belum sampe 15 menit waktu yang di berikan KAI sperti sudah di seting aplikasi ya, apakah ada permainan korupsi semacam jatah tiket untuk karyawan tapi di jual ke orang lain dengan harga beberapa kali lipat, tolong untuk karyawan KAI jangan di kasih jatah nanti di salah gunakan terimkasih",1,barusan mesan tangal bulan maret begitu tunggu selma menit terus keluar sendiripadahal sampe menit waktu ikan kai sperti di ting aplikasi apakah main korupsi macam jatah tiket karyawan di jual orang dengan harga beberapa kali lipat untuk karyawan kai jangan di kasih jatah di salah guna terimkasih,negative
aplikasi tidak berguna,1,aplikasi guna,negative
"busuk disaat buat lebaran pake antri trus war, pukul 00.01 udh abis. siapa juga yang boking semua kereta kalo gak ada ordal yang main",1,busuk saat buat lebaran pake antri trus war pukul udh abis siapa boking semua kereta kalo gak ordal yang main,negative
"mohon maaf bngt pak saya ksih bintang 3, apk nya eror buat pesan tiket jam 12 mlm, tolong dibenahi lagi pak",3,mohon maaf bngt pak ksih bintang apk nya eror buat pesan tiket jam mlm benah pak,neutral
"gembelll, kursi masih banyak tapi gajelas ga bisa lanjut ke pembayaran",1,gembelll kursi banyak gajelas ga lanjut bayar,negative
"makin aneh, 23:59 jam 00:00 udah sold wkwk",1,makin aneh jam udah sold wkwk,negative
"kenapa skrg jadi lemot,eror,banyak iklannya",1,skrg jadi lemoterorbanyak iklan,negative
layanan akses KAI top,5,layan akses kai top,positive
"Lemot, war tiket selalu gak kebagian kursi, tolong di perbaiki aplikasinya",1,lot war tiket selalu gak bagi kursi di baik aplikasi,negative
kenapa pesen tiket lebaran susah.. padahal udah dari jam 00,1,sen tiket lebaran susah padahal udah jam,negative
kenapa habis update malah susah yaa,1,habis update malah susah yaa,negative
"Sistem nya ga adil untuk tiket mudik , masuk antrian jam 00.00 tunggu 15 menit masuk sudah sold out , masih banyak celah buat calo tiket dan jastip di pusat. mau bukti yg open jastip dan calo tiket , admin silahkan cekkk di tiktok banyak yg open jasa nya.",1,sistem nya ga adil tiket mudik masuk antri jam tunggu menit masuk sold out banyak celah buat calo tiket jastip pusat mau bukti yg open jastip calo tiket admin silah cekkk tiktok banyak yg open jasa nya,negative
"ihh, minn, masa aku tiap buka aplikasi selalu gak ada koneksi internet? padahal sinyal lancar dan aman, udah ganti pake wifi, pake kuota juga. parah, min :(",1,ihh minn masa aku tiap buka aplikasi selalu gak koneksi internet padahal sinyal lancar aman udah ganti pake wifi pake kuota parah min,negative
kai the best,5,kai the best,positive
terima kasih sangat membantu,5,terima kasih sangat bantu,positive
pemesanan tiket tidak bisa rubah data penumpang ketika sudah di pesan,2,mesan tiket bisa rubah data tumpang sudah pesan,negative
aplikasinya bagus ok banget,4,aplikasi bagus banget,positive
tolong lah min kalau ada maintenance itu hari wekeend gitu malam jadi orang yang mau pesan tidak pas error kasihan yang udah ninggalin jam lain atau angkutan lain buat buka aplikasi pesan malah aplikasinya error terus tapi tetap saya kasih b4 karna BELUM maksimal,4,lah min kalau maintenance hari wekeend gitu malam jadi orang mau pesan pas error kasihan udah ninggalin jam atau angkut buat buka aplikasi pesan malah aplikasi error terus tetap kasih b karna maksimal,positive
"memudahkan saat pesanan, mohon diupgrade karena saat pemesanan sangat sedikit metode pembayarannya",5,mudah pesan mohon diupgrade saat mesan sangat sedikit metode bayar,positive
"bagus bgt pilihan pembayarannya banyak tampilan nya bagus simple , laporan pembeliannya juga kumplit...",5,bagus bgt pilih bayar banyak tampil nya bagus simple lapor beli kumplit,positive
eror mulu gasuka,1,eror mulu gasuka,negative
bagus,5,bagus,positive
tolong di update masa pemilihan tanggal yg di clik cuma sampai tgl 15 yg tampilannya,2,update masa pilih tanggal yg di clik cuma tgl yg tampil,negative
nice,5,nice,positive
mantapp 👍👍👍,5,mantapp,positive
mantapp,5,mantapp,positive
"kenapa harus war beli tiket! dan kuota tiketnya terlalu sedikit,kasihan yg mau mudik tdk dpt tiket!",3,harus war beli tiket kuota tiket terlalu sedikitkasihan yg mau mudik tdk dpt tiket,neutral
sangat membantu,5,sangat bantu,positive
"aplikasi GK jelas,tiap di buka dan cari tiket keluar nya,TIDAK ADA JADWAL KEBERANGKATAN, NYESEL DOWNLOAD APLIKASI INI",1,aplikasi gk jelastiap buka cari tiket keluar nyatidak jadwal berangkat nyesel download aplikasi,negative
mantap,5,mantap,positive
kenapa tidak dicantumkan versi nya,4,tidak cantum versi nya,positive
mantapp,5,mantapp,positive
"Saya kecewa beli pulsa pakai kai pay jumlahnya lumayan buat saya, pulsa nya ga masuk tulisanya gagal tapi kai pay nya ngga balik lagi.. hubungi cs pusat jawabnya sedang di proses terus sampe sekarang masih hanya suruh tunggu ngga ada kejelasan nya sama sekali.",1,kecewa beli pulsa pakai kai pay jumlah lumayan buat pulsa nya ga masuk tulisanya gagal kai pay nya ngga balik hubung cs pusat jawab sedang proses terus sampe sekarang hanya suruh tunggu ngga jelas nya sama sekali,negative
sangat mudah dan sangat membantu untuk pembelian tiket lansia..terima kasih KAI,5,sangat mudah sangat bantu beli tiket lansiaterima kasih kai,positive
sangat membantu dan bagus,5,sangat bantu bagus,positive
top up gak masuk masuk gmn nih,3,top up gak masuk masuk gmn nih,neutral
"kak, kenapa disaat aku masukin kode otp nya loading terus",3,kak saat aku masukin kode otp nya loading terus,neutral
bagus,5,bagus,positive
bagus dan mudah,4,bagus mudah,positive
sangat membantu,5,sangat bantu,positive
"cepat dan akurat ,beli tiket jadi lebih praktis",5,cepat akurat beli tiket jadi lebih praktis,positive
"guidence untuk top upnya ribet kalimatnya aneh , UX nya ga bisa kerja, aplikasi ga friendly user",1,guidence top upnya ribet kalimat aneh ux nya ga kerja aplikasi ga friendly user,negative
aplikasi sangat membantu,5,aplikasi sangat bantu,positive
mudah dan cepat praktis,5,mudah cepat praktis,positive
saya top up berhasil tapi saldo nggak masuk,4,top up hasil saldo masuk,positive
"H-3 lebaran 2026,,, tidak bisa di akses,knp? pas bisa tau"" kereta yg mahal semua,,, apa yg beli keluarga kai semua, sodara kalian... aneh.",2,h lebaran aksesknp pas bisa tau kereta yg mahal semua apa yg beli keluarga kai semua sodara kalian aneh,negative
"min, orang² yang mesen tiket pake bot itu mending di banned aja sih, atau diblokir NIK nya ( saya kehabisan tiket buat jalan) jadinya saya ga harus bangun tengah malam buat War tiket doang",3,min orang mesen tiket pake bot mending banned aja sih blokir nik nya habis tiket buat jalan jadi ga bangun tengah malam buat war tiket doang,neutral
berikan tampilan dark mode pada aplikasi,5,ikan tampil dark mode aplikasi,positive
ok banget,5,banget,positive
lupa pin kaipay sudah coba riset tapi web tidak bisa di buka,1,lupa pin kaipay coba riset web bisa buka,negative
"sekarang makin cepat,tidak ribet",5,sekarang makin cepattidak ribet,positive
"apaan²an apk ini masak pesan tiket jam 00:00 kata nya lagi antre pas jam 00:01 langsung hbs,tolong dong di perbaiki biar calo² ga bisa seenaknya",1,apa an apk masak pesan tiket jam kata nya antre pas jam langsung hbstolong dong baik biar calo ga enak,negative
cari tiket mudik kaya cari harta karun susah bener pesen nya yg bengawan.padahal masuk aplikasi pukul 00:00 tepat pas mo klik pesen tiket nya berulang ulang tetep ga bisa di pesen.. tau tau tiket habis.apa iya secepat itu. baru jg itungan 1 menitan.,2,cari tiket mudik kaya cari harta karun susah bener sen nya yg bengawanpadahal masuk aplikasi pukul tepat pas mo klik sen tiket nya ulang ulang tetep ga di sen tau tau tiket habisapa iya cepat baru jg itungan menit,negative
"barusan war mudik tiket tapi kosong nggak ada padahal jam 00.00 kira"" orang pake bot apa calo ya bisa langsung abis gitu🤔",5,barusan war mudik tiket kosong ada padahal jam kira orang pake bot apa calo bisa langsung abis gitu,positive
"tiket mudik gk pernah dapat... berhari"" bgadang",2,tiket mudik gk pernah hari bgadang,negative
gajelas,1,gajelas,negative
Lumayan Bagus....!!!,5,lumayan bagus,positive
terbaik,5,baik,positive
eror terus,1,eror terus,negative
terbantu sekali,5,bantu sekali,positive
CUMA ORANG2 ANEH YG GK NGASIH BINTANG 5 KE APK KAI ACCESS,5,cuma orang aneh yg gk ngasih bintang apk kai access,positive
Luar biasa mantap 🙌.,5,luar biasa mantap,positive
sangat membantu dengan adanya Acsess KAI,5,sangat bantu ada acsess kai,positive
jadi mudah bayar tiket kereta,5,jadi mudah bayar tiket kereta,positive
sangat baik,5,sangat baik,positive
kudu bergadang kalau cari tiket lebar penuh perjuangan,5,kudu gadang kalau cari tiket lebar penuh juang,positive
baik,5,baik,positive
sangat mudah sekali aplikasinya dan sangat membantu,5,sangat mudah sekali aplikasi sangat bantu,positive
sangat membantu,5,sangat bantu,positive
mantap,5,mantap,positive
"mudah dan cepat, tapi tolong tiket kereta dimurahin",5,mudah cepat tolong tiket kereta dimurahin,positive
pelayanan baik,5,layan baik,positive
saya dftar GK bisa bisa gimana sih padahal email akti no hp aktip GK bisa anehh.semua aplikasi udh q coba singkron la ini Gak bisa samasekali udh 1bln say coba nerus ttp tidak bisa,1,dftar gk gimana sih padahal email akti no hp aktip gk anehhsemua aplikasi udh q coba singkron la gak bisa samasekali udh bln say coba nus ttp bisa,negative
sangat mempermudah perjalanan,5,sangat mudah jalan,positive
"kebanyakan pemeliharaan , pas kebetulan mau pesan lagi pemeliharaan jadi berangkat telat , gabisa dadakan banget pas lagi diperluin",1,banyak pelihara pas betul mau pesan pelihara jadi berangkat telat gabisa dada banget pas diperluin,negative
lelet bikin emosi,1,lelet bikin emosi,negative
"aplikasi jelek sering error, gak bisa masuk perbaiki lagi",1,aplikasi jelek sering error gak masuk baik,negative
"kenapa aplikasi ny gabisa di update di apk google playstore ya? padahal pas saya buka apk KAI ny disuruh update, ini gimana sih?",1,aplikasi ny gabisa update apk google playstore padahal pas buka apk kai ny suruh update gimana sih,negative
ok,5,,positive
"GILAA, udah pembayaran ini ga bisa itu ga bisa. ngebug parah, tqi",1,gilaa udah bayar ga itu ga ngebug parah tqi,negative
ok,4,,positive
mudah cepat,4,mudah cepat,positive
ok,5,,positive
"proses cepat, limit tinggi",5,proses cepat limit tinggi,positive
membantu sekali,5,bantu sekali,positive
"ribet,mode pembayaran gk bisa pakai link,ataupun ovo",2,ribetmode bayar gk pakai linkataupun ovo,negative
setelah muncul update terbaru malah tidak bisa digunakan di perangkat hp saya. Ini bagaimana IT nya kok malah menyusahkan,2,muncul update baru malah bisa guna perangkat hp ini bagaimana it nya kok malah susah,negative
lemot,3,lot,neutral
baik dan tepat waktu,5,baik tepat waktu,positive
bagus,5,bagus,positive
rusak apknya error terus pesan g bisa daftar gabisa,1,rusak apknya error terus pesan g daftar gabisa,negative
"tidak dapat digunakan, 90% server yg ditangani pemerintah sangat tidak bisa dijadikan acuan serta sangat mengecewakan!!! lebih baik di hapus saja daripada menyusahkan realisasi penggunaan nya!",1,dapat guna server yg tangan perintah sangat bisa jadi acu sangat kecewa lebih baik hapus daripada susah realisasi guna nya,negative
gajelas lagi war malah ngebug gabisa di beli,1,gajelas war malah ngebug gabisa beli,negative
Yang dijamin itu kebebasan berpendapat Dan yang tidak dijamin itu kebebasan setelah berpendapat,5,jamin bebas dapat yang jamin bebas dapat,positive
mantap,5,mantap,positive
menambah wawasan menjadi tahu dan tertarik,5,tambah wawas jadi tahu tarik,positive
KAI Acces... makin keren,5,kai acces makin keren,positive
"mau update ada notifikasi ""Aplikasi ini tidak kompatibel lagi"", padahal pakai android 14",1,mau update notifikasi aplikasi tidak kompatibel padahal pakai android,negative
"tingkatkan, jangan kemahalan hehe",4,tingkat jangan mahal hehe,positive
mantap,5,mantap,positive
"selalu pesan tiket KAI tiap minggu, langganan KA Sancaka SBY-YGA jam 22.00. tapi kenapa mulai 1 februari 2026 sudah tidak ada lagi Sancaka jam 22.00. mohon info nya....",5,selalu pesan tiket kai tiap minggu langgan ka sancaka sbyyga jam kenapa mulai februari tidak lagi sancaka jam mohon info nya,positive
"pelayanan nya luar biasa, kai keren saya jadi suka kai 😍😍😍😁😁😁 jaya selalu kai🙏 saya gak pernah berenti doa in kai 🥰",5,layan nya luar biasa kai keren jadi suka kai jaya selalu kai gak pernah renti doa in kai,positive
top,5,top,positive
bagus aplikasi nya memudahkan,3,bagus aplikasi nya mudah,neutral
"batalkan pembayaran mana, gaada",1,batal bayar mana gaada,negative
ok,5,,positive
ga bisa batalin tiket.. LOL... hilang uangku.. padahal 3-2 jam sebelum keberangkatan..,1,ga batalin tiket lol hilang uang padahal jam berangkat,negative
sangat membantu,3,sangat bantu,neutral
aplikasi error daftar kaga bisa bisa hapus aja dari PlayStore,1,aplikasi error daftar kaga bisa hapus aja playstore,negative
mantappp,5,mantappp,positive
"daftar tiket masih tersedia tapi tetap tidak bisa dipesan, aneh kan.............",3,daftar tiket sedia tetap bisa pes aneh kan,neutral
kursi pesanan mohon tidak dibatasi 4,3,kursi pesan mohon batas,neutral
baik,5,baik,positive
"KAI menambahkan fitur yang menyulitkan Customer dalam melakukan pembelian berulang. yaitu notif ""Requests are too frequent"". kalau sudah muncul notif ini meskipun ada kursi tetap tidak dapat melakukan pembelian. mohon dihilangkan saja karena menghambat pembelian berulang.",1,kai tambah fitur sulit customer laku beli ulang notif requests are too frequent kalau muncul notif meski kursi tetap dapat laku beli mohon hilang karena hambat beli ulang,negative
mantap,5,mantap,positive
bagus,5,bagus,positive
"KAI GREEN FLAG PARAH 😭🫶🏻 FAST BGT CS NYA LOV LOV 🫶🏻🫶🏻🫶🏻 lgsg tlp aja gue saranin kl ada kendala, jgn melalui chat manapun. krn tlp cepettt bgt resp nya dibanding chat",5,kai green flag parah fast bgt cs nya lov lov lgsg tlp aja gue saranin kl kendala jgn lalu chat mana krn tlp cepettt bgt resp nya banding chat,positive
"mantap sekali sih KAI access, kasih diskon dong",5,mantap sekali sih kai access kasih diskon dong,positive
ok,5,,positive
ok,5,,positive
good,5,good,positive
mudah dan sangat membantu untuk memesan tiket kereta api secara mandiri,5,mudah sangat bantu mes tiket kereta api mandiri,positive
Baru pertama pesan langsung amazing hasilnya. Mantabzzz,5,baru pertama pesan langsung amazing hasil mantabzzz,positive
"PARAAAHHH banget apk banyak BUG, setiap pemesanan tiket selalu GAGAL",1,paraaahhh banget apk banyak bug mesan tiket selalu gagal,negative
"nambah ribet,,, upgrade,,, upgrdae,, basic,,,pdhal email udh ke dftar,, basic,,, bukannya semakin mudah,,, mlah nambah ribet,, malesin,,,",1,nambah ribet upgrade upgrdae basicpdhal email udh dftar basic bukan makin mudah mlah nambah ribet malesin,negative
bagus,5,bagus,positive
login nya susah bufeting terus. tolong di kontrol dan perbaiki kesalahan,1,login nya susah bufeting terus di kontrol baik salah,negative
ok sip,5,sip,positive
semangat untuk para PERINTIS😉,5,semangat para rintis,positive
mantap,5,mantap,positive
terbaik,5,baik,positive
Mengapa aplikasi tidak bisa di instal di android 8? Mohon kembalikan ke versi sebelumnya min,1,aplikasi bisa instal android mohon kembali versi belum min,negative
ok banget layanannya,5,banget layan,positive
bagus apk yg membantu,5,bagus apk yg bantu,positive
mantap,5,mantap,positive
Sangat bermanfaat,5,sangat manfaat,positive
"tiket lebaran mahal sekali, jauh dibandingkan bus, gimana mau bersaing kai payah",1,tiket lebaran mahal sekali jauh banding bus gimana mau saing kai payah,negative
"versi sebelumnya tidak ada masalah apa apa dan seperti biasa untuk melakukan update versi terbaru dan ketika saya ingin melakukan update versi terbaru ada tulisan *versi ini tidak kompatibel dengan device anda* dan saya tidak bisa melakukan update bahkan melakukan pembelian tiket kereta tolong di perbaiki masalah ini karena tiket kereta sekarang hanya bisa di beli secara online,jika seperti ini saya tidak bisa kembali bekerja kembali karena satu satu nya transportasi saya hanya kereta api",1,versi belum masalah apa apa biasa laku update versi baru ketika ingin laku update versi baru ada tulis versi tidak kompatibel device dan tidak laku update bahkan laku beli tiket kereta baik masalah karena tiket kereta sekarang di beli onlinejika seperti ini tidak bisa kerja kembali karena satu satu nya transportasi hanya kereta api,negative
aplikasi terburuk milik pemerintah dikit²update dikit² ada pemeliharaan capek cobalah hire orang yg pinter atau bayar lebih buat aplikasinya jd mudah ngga nyusahin gini punya duit kan? kalian juga belum bangkrut,1,aplikasi buruk milik perintah dikit update dikit pelihara capek coba hire orang yg pinter bayar lebih buat aplikasi jd mudah ngga nyusahin gin punya duit kan kalian belum bangkrut,negative
"setiap kali kode OTP diinput saat akan mengaktifkan member basic, loadingnya lama, tidak kunjung selesai, tolong pihak pengembang dan KAI, perbaiki",1,kali kode otp diinput akan aktif member basic loadingnya lama kunjung selesai pihak kembang kai baik,negative
good 👍🏻,5,good,positive
pesan tiket 6 hari sebelum keberangkatan selalu kehabisan ..,1,pesan tiket hari berangkat selalu habis,negative
sangat membantu,4,sangat bantu,positive
kenapa setiap order waktu kedaluwarsa padahal seat nya masih banyak. setelah update pun masih gagal bae. maaf bintang 1 cuma biar dinotif aja sama admin soalnya biasa order pake apk ini.,3,tiap order waktu kedaluwarsa padahal seat nya banyak update masih gagal bae maaf bintang cuma biar dinotif aja sama admin soal biasa order pake apk,neutral
"aplikasi yg sngat memudahkan perjalanan keluar kota cara pemesanan juga gampang ada tanda penumpang antara laki"" dan perempuan jd enak bisa memilih tempat duduk yg di ingin kan sukses selalu KAI transportasi favorit ku 🥰🥰🥰 oya tidak ada adminya lo harga sesuai yg tertera ga ada embel-embel admin nya",5,aplikasi yg sngat mudah jalan keluar kota cara mesan gampang tanda tumpang laki perempuan jd enak pilih tempat duduk yg ingin kan sukses selalu kai transportasi favorit ku oya adminya lo harga sesuai yg tera ga ada embelembel admin nya,positive
Sangat Membantu sekali,5,sangat bantu sekali,positive
"terlalu sering update aplikasi, kadang-kadang error",2,terlalu sering update aplikasi kadangkadang error,negative
mantap,5,mantap,positive
tolong jangan sering memperbarui aplikasi krna kami yg memori sudah full susah mau menggunakan aplkasi ny,5,jangan sering baru aplikasi krna yg memori full susah mau guna aplkasi ny,positive
jadi kecewa dengan aplikasi kai. masa hp saya android OS 9 ga kompatibel sama aplikasi ini.. sebelum bisa dan saya sudah gunakan 2 tahun.. tolong dibantu kemudahan nya jangan dibat jadi sulit,1,jadi kecewa aplikasi kai masa hp android os ga kompatibel sama aplikasi belum dan sudah guna tahun bantu mudah nya jangan dibat jadi sulit,negative
"memudahkan kita untuk melakukan perjalanan jauh maupun dekat dengan fasilitas ekonomi tapi be AC , 😍😍😍",5,mudah untuk laku jalan jauh maupun dekat fasilitas ekonomi be ac,positive
"jangan pernah beli tiket menggunakan KAI pay. uang anda hilang tiket gagal terbeli, pengembalian uang nya pun tidak jelas.",1,jangan pernah beli tiket guna kai pay uang hilang tiket gagal beli kembali uang nya tidak jelas,negative
good,5,good,positive
tidak jelas GK bisa daftar,3,jelas gk daftar,neutral
sangat bagus pelayanannya,5,sangat bagus layan,positive
baik,3,baik,neutral
mudah digunakan,5,mudah guna,positive
membantu,3,bantu,neutral
kenapa ya gabisa di download ulang apknya,4,ya gabisa download ulang apknya,positive
tolong di optimalkan lagi. terutama jadwal kereta CommuterLine. di aplikasi dan di stasiun jadwal nya berbeda. terkadang lebih cepat. terkadang lebih lambat. tolong konfirmasi kan jadwal nya itu di sesuaikan,1,optimal utama jadwal kereta commuterline di aplikasi di stasiun jadwal nya beda terkadang lebih cepat terkadang lebih lambat konfirmasi kan jadwal nya di sesuai,negative
sangat membantu,5,sangat bantu,positive
keren,4,keren,positive
potogan terlalu banyak cui...,1,potogan terlalu banyak cui,negative
sangat baik' aplikasi yg sangat membantu,5,sangat baik aplikasi yg sangat bantu,positive
jadwal Kereta tidak sesuai,1,jadwal kereta sesuai,negative
memudahkan,5,mudah,positive
"setelah pembaruan maksimal pembelian tiket 4 orang sedangkan saya sekeluarga di KK 6 orang, kalau untuk hari-hari biasa mungkin tidak masalah tapi kalau untuk war tiket lebaran bagaimana? tolong dikembalikan semula seperti dulu",2,baru maksimal beli tiket orang saya keluarga kk orang kalau harihari biasa mungkin masalah kalau war tiket lebaran bagaimana kembali mula dulu,negative
helpful,5,helpful,positive
kenapa aplikasi ini sekarang tidak bisa dibuka di perangkat sya? tolong diperaiki saya sangat membutuhkan aplikasi ini,5,aplikasi sekarang bisa buka perangkat sya diperaiki sangat butuh aplikasi,positive
"saldo kepotong tiket knapa ga dapet , customer servis nya sngaja mainin sgnal tlp biar ga bsa ngadu ..",1,saldo potong tiket knapa ga dapet customer servis nya sngaja mainin sgnal tlp biar ga bsa ngadu,negative
Discount Lansia boleh ditambah dong,5,discount lansia tambah dong,positive
terimakasih sangat membantu saat terjadi kendala 🙏🏼🙏🏼🙏🏼,5,terimakasih sangat bantu jadi kendala,positive
Masih ada bug di bagian railfood beberapa kali mau pesan food di aplikasi tidak bisa🙃,2,ada bug bagi railfood beberapa kali mau pesan food aplikasi bisa,negative
Mengapa ya Versi Android HP sy 11 dipersyaratkan versi Android 8 tapi tetap tidak kompatibel ?,1,ya versi android hp sy syarat versi android tetap kompatibel,negative
aplikasi kai access ada gangguan kah?mau update kog malah aplikasi non kompatible yaa...apa harus di hp2 terbaru atau bagaimana y?m..tolong dong solusinya .. karena sulit klo harus bolak balik loket dan pemesanan jg g bisa di loket kan sekarang ..,3,aplikasi kai access ganggu kahmau update kog malah aplikasi non kompatible yaaapa di hp baru bagaimana ymtolong dong solusi sulit klo bolak balik loket mesan jg g di loket kan sekarang,neutral
oke,5,oke,positive
"udah pesen tiket, dan udah di bayar, malah hangus, padahal saya bayarnya sebelum waktu pembayaran abis, udah kejadian 2x, pembayaran sudah masuk, tapi tiket gagal saya dapatkan, dan uang tidak kembali sama sekali dari apk kai",1,udah sen tiket udah bayar malah hangus padahal bayar waktu bayar abis udah jadi x bayar masuk tiket gagal dapat uang kembali sama sekali apk kai,negative
"dalam pilihan kursi cuma ada yg sudah terisi aja tidak ada warna untuk laki /perempuan, sedang aplikasi temen ada warna laki/perempuan",5,pilih kursi cuma yg isi aja warna laki perempuan sedang aplikasi temen ada warna lakiperempuan,positive
sering bermasalah dan dimintak update terus,1,sering masalah mintak update terus,negative
"Aplikasi nge lag, nge bug, ini komisaris nya ama Direkturnya apa ngga mau berbenah sih, di applikasi masa selisih harga dari tiket sebelumnya kalau lebih mahal sisa saldo tidak dikembalikan, Dasar Maling",1,aplikasi nge lag nge bug komisaris nya ama direktur apa ngga mau benah sih applikasi masa selisih harga tiket belum kalau lebih mahal sisa saldo kembali dasar maling,negative
cepat,4,cepat,positive
oke,5,oke,positive
paginya bisa siangnya jadi tidak bisa alasan tidak kompatibel lagi di perangkat untung saja tiket sudah d ss,1,pagi siang jadi bisa alas kompatibel di perangkat untung tiket d ss,negative
"pelayanan bagus dengan bintang penuh, pelayanan harus dipertahankan",5,layan bagus bintang penuh layan tahan,positive
"simple,cepat memudahkan calon penumpang.maju terus KAI",5,simplecepat mudah calon penumpangmaju terus kai,positive
baik,5,baik,positive
👍👍👍,5,,positive
"PESAN TIKET, TIKETNYA MALAH GA MUNCUL DAN UANG GA KEMBALI !!!",1,pesan tiket tiket malah ga muncul uang ga,negative
ok,5,,positive
sangat membantu pergi kemanapun,5,sangat bantu pergi mana,positive
"Cepat, mudah dan Aman",5,cepat mudah aman,positive
sangat mantap,4,sangat mantap,positive
"Dipaksa Update, tp ternyata tidak kompatibel dgn android 10",1,paksa update tp nyata kompatibel dgn android,negative
mantap 👍,5,mantap,positive
"apa ini aplikasi tidak mumpuni udah beli tiket tapi enggak keluar tiketnya, bukan sekali dua kali ya kek gini udah berkali kali mana penyedia kek apa macam ini, bukan masalah nominal tapi tanggung jawab dari pihak pengelola sangat tidak hormat sangat kecewa sekali",1,apa aplikasi mumpuni udah beli tiket enggak keluar tiket bukan sekali kali kek gin udah kali kali mana sedia kek apa macam bukan masalah nominal tanggung jawab pihak kelola sangat hormat sangat kecewa sekali,negative
busuk bnget ni aplikasi mau daftar nungguin otp nya lama bnget bgtu udh ada otp nya mlah ngeleg ngeleg bgtu di pncet lnjutkan aneh aplikasi buatan indo gada yg bner,1,busuk bnget ni aplikasi mau daftar nungguin otp nya lama bnget bgtu udh otp nya mlah ngeleg ngeleg bgtu pncet lnjutkan aneh aplikasi buat indo gada yg bner,negative
guud job,4,guud job,positive
"tolong di perbaiki lagi pesan online tiket mudik tahun ini ga bisa 5 tiket padahal tahun kemarin bisa, saya keluarga 5 orang karena anak saya masih kecil2 blom bisa sendiri....",4,di baik pesan online tiket mudik tahun ga tiket padahal tahun kemarin keluarga orang anak saya masih kecil blom sendiri,positive
apk aneh mau daftar aja ribet giliran tinggal masukin kode mlh eror,1,apk aneh mau daftar aja ribet gilir tinggal masukin kode mlh eror,negative
"Tolong diperbaiki bagian verifikasi saat pendaftaran akun, untuk mendapatkan kodenya itu harus menunggu lama. Saya baru mendapatkan di email setelah 30 menit lebih.",3,baik bagi verifikasi daftar akun dapat kode harus tunggu lama baru dapat email menit lebih,neutral
Sekarang KAI member basis sudah bisa masuk tapi Giliran mau ganti identitas yang salah dan lupa pasword susah nya minta ampun kata nya harus tunggu email OTP tapi di tunggu hampir 1 jam nunggu OTP nggak di kirim kirim juga.,1,sekarang kai member basis bisa masuk gilir mau ganti identitas salah lupa pasword susah nya minta ampun kata nya tunggu email otp di tunggu hampir jam nunggu otp di kirim kirim,negative
bagus,5,bagus,positive
dulu aplikasi ini lancar. sekarang sering troble,3,dulu aplikasi lancar sekarang sering troble,neutral
"KAI access makin kesini makin kesono... tim IT-nya becus gak sih!!!? aplikasi diupdate bukannya makin bagus malah makin downgrade!!! loading lama, klik pemesanan susah bgt, metode pembayaran tdk sekomplit dlu. PERBAIKI atau kembalikan spt dlu!!! SUNGGUH SANGAT MENGECEWAKAN!!!",1,kai access makin kesini makin sono tim itnya becus gak sih aplikasi diupdate bukan makin bagus malah makin downgrade loading lama klik mesan susah bgt metode bayar tdk sekomplit dlu baik kembali spt dlu sungguh sangat kecewa,negative
"Setelah melakukan perbaikan, sekarang RailFood tidak bisa diacces melalui Aplikasi. Padahal kita jauh² hari sudah menyiapkan saldo Kai Pay untuk Keperluan Makan minum selama perjalanan. Mohon pencerahan. terima kasih",3,laku baik sekarang railfood bisa diacces lalu aplikasi padahal jauh hari siap saldo kai pay perlu makan minum lama jalan mohon cerah terima kasih,neutral
"Access by KAI memudahkan transaksi pembelian tiket kapan saja dimana saja, gak perlu lagi ngantri di loket. Pesan & Bayar Online-Datang Hari H-eBoarding-Naik sampai Tujuan, sangat simpel",5,access by kai mudah transaksi beli tiket kapan mana gak perlu ngantri loket pesan bayar onlinedatang hari heboardingnaik tuju sangat simpel,positive
mantappp,5,mantappp,positive
"ga lagi-lagi pake ini, repot. banyak errormya.",1,ga lagilagi pake repot banyak errormya,negative
aplikasi kebanyakan gaya demi tampilan tapi susah login banyak perbaikan,2,aplikasi banyak gaya tampil susah login banyak baik,negative
mau reffund tiket banyak drama!!,1,mau reffund tiket banyak drama,negative
Good,5,good,positive
"saya beli token listrik pakai aplikasi KAI ACCESS ini, bayar menggunakan OVO. transaksi GAGAL, saldo TIDAK KEMBALI. saya hubungi CS KAI ACCESS yang JAWAB BOT. saya punya anak yang masih BAYI. perlu listrik untuk beberapa keperluan BAYI saya. KAI? stasionnya oke dibenahi, aplikasinya PAYAH, CSnya? mikir sendiri lah. kalo ga ngerti maksud saya, yasudahlah, saya ga heran ko. resiko tinggal di negara +62 ya gini tingkat pelayanan publiknya. saya ada SS semua transaksinya. hubungi saya via WA/EMAIL",1,beli token listrik pakai aplikasi kai access bayar guna ovo transaksi gagal saldo kembali hubung cs kai access jawab bot punya anak masih bayi perlu listrik beberapa perlu bayi kai stasionnya oke benah aplikasi payah csnya mikir sendiri lah kalo ga ngerti maksud yasudahlah ga heran ko resiko tinggal negara gin tingkat layan publik ada ss semua transaksi hubung via waemail,negative
"aneh pembatalan keretanya harus pakai bank yang harus mengatasnamakan penumpang,kalo gapunya bank gimana?kocak",1,aneh batal kereta pakai bank harus mengatasnamakan penumpangkalo gapunya bank gimanakocak,negative
ga bsa lihat kembali tiket yang dipesan,1,ga bsa lihat tiket pes,negative
memuaskan,5,muas,positive
alhamdulillah,5,alhamdulillah,positive
"ok banget, mudah dan mantap",5,banget mudah mantap,positive
kenapa apk keluar keluar sendiri dan harga semakin mahal ya?,5,apk keluar keluar sendiri harga makin mahal,positive
"Tiket kereta dari kuala bingei ke medan setiap harinya selalu habis bahkan untuk satu minggu kedepan tiket sudah habis, apakah masih ada pemain/calo tiket? tolong di cek kembali dan diperbaiki.",1,tiket kereta kuala bingei medan hari selalu habis bahkan satu minggu depan tiket habis masih pemaincalo tiket di cek dan baik,negative
baik,4,baik,positive
"saya tidak bisa upgrade ke basic pdhl sudah coba berkali2,, any solution?",1,tidak upgrade basic pdhl coba kali any solution,negative
menyenangkan,5,senang,positive
very good,5,very good,positive
semakin bagus,5,makin bagus,positive
lebih Yaman dan aman,5,lebih yaman aman,positive
Kalau bisa tingkat kan lagi di saat war tiket tidak error,5,kalau tingkat kan di war tiket error,positive
mudah dan cepat,5,mudah cepat,positive
"aplikasi dalam pemeliharaan ..!!!! buka susah log in susah daftar susah !!! woi bisa buat aplikasi gak sih.,,apa perlu saya buatkan !! hah!!",1,aplikasi pelihara buka susah log in susah daftar susah woi buat aplikasi gak sihapa perlu buat hah,negative
baik,5,baik,positive
akses mantab dan cepat,5,akses mantab cepat,positive
mantap gan,5,mantap gan,positive
"pisen tiket ga bisa2, cape kerja suruh berantem sama hp",1,pisen tiket ga cape kerja suruh antem sama hp,negative
keren nih aplikasi pesen tiket oke...pas pesen makanan juga cepet..fast respon...kru restonya..pokoknya the Best dech..,5,keren nih aplikasi sen tiket okepas sen makan cepetfast responkru restonyapokoknya the best dech,positive
gw udh beli tiket kemarin udah bayar tapi tiket nya ga muncul gimana sih. di update malah makin aneh!!!,1,gw udh beli tiket kemarin udah bayar tiket nya ga muncul gimana sih update malah makin aneh,negative
puas,5,puas,positive
lebih mudah tapi uang sisa ngga kembali kalau tiket lebih murah dan sudah di potong biaya,2,lebih mudah uang sisa ngga kalau tiket lebih murah sudah potong biaya,negative
good excellent,5,good excellent,positive
sangat membantu calon penumpang kereta di Indonesia,5,sangat bantu calon tumpang kereta indonesia,positive
requesta are too frequent. please wait a moment and try againt,1,requesta are too frequent please wait a moment and try againt,negative
"untuk pemesanan tiket sudah ok ,tapi railfood sering tidak bisa digunakan",2,mesan tiket ok railfood sering bisa guna,negative
"mantaps banget Poko nya, terus terusan pake kai access",5,mantaps banget poko nya terus terus pake kai access,positive
"halo admin, tolong pada pilihan untuk penumpang bayi, ini tidak terlihat. sehingga saya gabisa pilih tiket untuk penumpang bayi.",3,halo admin pada pilih tumpang bayi tidak lihat saya gabisa pilih tiket tumpang bayi,neutral
selama punya acces by kai sangat membantu TDK usah di terminal cuma mantau dr rumah & TDK ngamtri,5,lama punya acces by kai sangat bantu tdk usah terminal cuma mantau dr rumah tdk ngamtri,positive
tering eror tolong perbaiki lagi,1,tering eror baik,negative
ok,5,,positive
sangat membantu,5,sangat bantu,positive
aplikasi ribet....dftar nya susah minta ampun....,1,aplikasi ribetdftar nya susah minta ampun,negative
bagus,5,bagus,positive
aplikasi gajelass beli pulsa ga masuk tapi uang hilang,1,aplikasi gajelass beli pulsa ga masuk uang hilang,negative
mudah sekali,5,mudah sekali,positive
mantab,5,mantab,positive
layanan sangat baik,5,layan sangat baik,positive
"sudah melakukan transaksi tp tiketnya tidak keluar,di apk dananya transaksi nya berhasil,,,salda berkurang tiketnya tdk ada mantap🤝",1,laku transaksi tp tiket keluardi apk dana transaksi nya berhasilsalda kurang tiket tdk mantap,negative
ok,5,,positive
"top up 23 RB saldo awal 7rb, pas masuk saldo jadi 28 RB apakah ada penjelasannya?",1,top up rb saldo awal rb pas masuk saldo jadi rb ada jelas,negative
top dah,5,top dah,positive
mantapp,5,mantapp,positive
sangat bagus,5,sangat bagus,positive
memudahkan untuk setiap perjalanan ke luar kota bersama KAI Jadwal mudah terpantau,5,mudah tiap jalan luar kota sama kai jadwal mudah pantau,positive
sering update....tiap update harus log in ulang ..kadang gak bisa masuk...sekarang harus update basic ...ribet nih aplikasi,1,sering updatetiap update log in ulang kadang gak masuksekarang update basic ribet nih aplikasi,negative
sangat bermanfaat dan membantu,5,sangat manfaat bantu,positive
informatif dan user friendly,4,informatif user friendly,positive
"simpel, mudah di mengerti...",5,simpel mudah erti,positive
mudah proses nya alhamdulillah,5,mudah proses nya alhamdulillah,positive
good,5,good,positive
"padahal masih keburu tapi tiket nya udah ilang 10mnit sebelumnya, sama tiket udah di beli tapi ga muncul kesel bngttt",1,padahal keburu tiket nya udah ilang mnit belum sama tiket udah beli ga muncul kesel bngttt,negative
layanan onlinenya cepat,5,layan onlinenya cepat,positive
"aplikasi lemott banyak Bug, mengecewakan",1,aplikasi lemott banyak bug kecewa,negative
keseringan ngebug kadang pembayaran suka invalid atau tidak bisa di akses untuk pulang pergi pembayaran pake Qiris tidak memmunculkan barcodenya dan tidak bisa di cancel untuk melakukan pembayaran yg lain. harap di fix ntar saya ganti rating bintangnya,2,sering ngebug kadang bayar suka invalid akses pulang pergi bayar pake qiris tidak memmunculkan barcodenya tidak di cancel laku bayar yg harap di fix ntar ganti rating bintang,negative
seribu satu masalah yang gak kelar2 dan gak di perbaiki,1,ribu satu masalah gak kelar gak baik,negative
Cukup baik lah...,3,cukup baik lah,neutral
"setelah maintenance tanggal 22 jan 2026 : metode pembayaran malah hilang (Qris, Mbanking dll)",4,maintenance tanggal jan metode bayar malah hilang qris mbanking,positive
"beli tiket ka lokal pembayaran lewat ovo, saldo ovo sudah kepotong tp tiketnya gaada !!",2,beli tiket ka lokal bayar lewat ovo saldo ovo potong tp tiket gaada,negative
"setelah pemeliharaan 2 malam berturut, kok malah ga bisa transaksi ya?",3,pelihara malam turut kok malah ga transaksi,neutral
Error terus aplikasinya,1,error terus aplikasi,negative
aku udah bayar saldo juga udah ketarik tapi tiket GK muncul,1,aku udah bayar saldo udah tarik tiket gk muncul,negative
tolong hp dengan ram kecil tidak bisa mendownload aplikasi,1,hp ram kecil bisa mendownload aplikasi,negative
mantap. puas. jempol,5,mantap puas jempol,positive
baik,5,baik,positive
ok terpercaya,5,percaya,positive
lancar,5,lancar,positive
"beberapa hari belakang saat pesan tiket saya sudah pastikan jaringan dll aman, tetapi disaat akan tampilan pembayaran, disitu tampilannya layar loading dan tidak ad perubahan sama sekali setelah ditunggu, saya sudah coba dengan pesen tiket lain ternyata sama saja",1,beberapa hari belakang pesan tiket sudah pasti jaring aman saat tampil bayar situ tampil layar loading tidak ad ubah sama sekali tunggu sudah coba sen tiket nyata sama,negative
"Ini kenapa ya ,saat saya mau boking tiket ,tp tidak bisa ,ada tulisannya request are too frequent. please wait a moment and try again",1,kenapa saat mau boking tiket tp bisa tulis request are too frequent please wait a moment and try again,negative
"setelah update, jadi sering error dan gakbisa bayar tiket",1,update jadi sering error gakbisa bayar tiket,negative
"aplikasi jelek, aneh.",1,aplikasi jelek aneh,negative
"ini update malah gagal loading pembayaran... pesan 6x gagal loading jadi ga bisa pesan.. parah update bukanya ngilangin bug, malah JD bug",1,update malah gagal loading bayar pesan x gagal loading jadi ga pesan parah update buka ngilangin bug malah jd bug,negative
mempermudah pesen tiket kreta,5,mudah sen tiket kreta,positive
tak tambahin 1 bintang lagi jadi bintang 5 klo kearah kediri dari surabaya ada kereta seperti arjuno expres atau jayabaya selatan,4,tak tambahin bintang jadi bintang klo arah diri surabaya kereta arjuno expres jayabaya selatan,positive
"kai bagus pelayanan, bersih pokok KAI the best",5,kai bagus layan bersih pokok kai the best,positive
ok,5,,positive
tidak bisa di akses....terlalu lama pemeliharaanya,1,bisa aksesterlalu lama pemeliharaanya,negative
aplikasi sering maintenance sewaktu2 dibutuhkan malah g bs buka sering keluar sendiri close app trus,1,aplikasi sering maintenance waktu butuh malah g bs buka sering keluar sendiri close app trus,negative
"kenapa si akhir² ini aplikasi nya sering error, mana sering close sendiri, ngeselin banget",1,si akhir aplikasi nya sering error mana sering close sendiri ngeselin banget,negative
aplikasi slu dlm gangguan,1,aplikasi slu dlm ganggu,negative
"masih gk mau naik kreta lagi, karna tgl 25 okto tlat sampe brpa jam akhirnya merugi karna ngga bisa masuk kerja. harusnya nyampe 05.33 itu sampe jam 9lebih wkwk kompensasi 1 botol air mineral😁 astaga... lebih milih masuk kerja bisa dapet 250-300rb",1,gk mau naik kreta karna tgl okto tlat sampe brpa jam akhir rugi karna ngga masuk kerja harus nyampe sampe jam lebih wkwk kompensasi botol air mineral astaga lebih milih masuk kerja dapet rb,negative
pilihan utk jadwal kai sangat lengkap,5,pilih utk jadwal kai sangat lengkap,positive
Mantap sangat membantu,5,mantap sangat bantu,positive
"Apk tidak kompatibel min, tolong tiba"" log out",1,apk kompatibel min tiba log out,negative
ada pemeliharaan apa d apk nya Saya udah coba hapus data Semua sampai uninstall saga install lgi kok suruh masuk in nmr atau email lgi saya udah masuk in nmr hp dan sandi nya juga dan nya udah benar malah loading nya lama g kyk biasa nya cepet tolong kasih jawaban nya gimana caranya nnti saya kasih raeting 5,1,pelihara apa d apk nya udah coba hapus data semua uninstall saga install lgi kok suruh masuk in nmr email lgi udah masuk in nmr hp sandi nya dan nya udah benar malah loading nya lama g kyk biasa nya cepet kasih jawab nya gimana cara nnti kasih raeting,negative
APK PALING GK JELAS. SE KELAS KAI TAPI DEVELOPER APLIKASI NYA LEMOT BANGETTT. JARINGAN DAN DEVICE DAH MEMADAI TAPI APLIKASI NYA MALAH LEMOT KEBANGET AN TOLONG DONG KAI INI YANG KOMEN DENGAN KASUS YANG SAMA UDAH BANYAK LO,1,apk paling gk jelas se kelas kai developer aplikasi nya lot bangettt jaring device dah pada aplikasi nya malah lot banget an dong kai komen kasus yang sama udah banyak lo,negative
mantap,5,mantap,positive
"Access hari ini buruk , lelet , fitur sering nge blank , tidak ada masalah pada jaringan saya",1,access hari buruk lelet fitur sering nge blank ada masalah jaring,negative
sering bgt susah di akses,2,sering bgt susah akses,negative
maintenance udah 2x sehari bsk mau brngkt kerja blm bisa2 pesen tiket payah,1,maintenance udah x hari bsk mau brngkt kerja blm sen tiket payah,negative
sering error,2,sering error,negative
kenapa kai akses jd ribet gini punya 2hp download di playstore tapi aplikasi tidak muncul instal manual tidak kompatibel... tolong api nya di sesuaikan,2,kai akses jd ribet gin punya hp download playstore aplikasi muncul instal manual kompatibel api nya sesuai,negative
kereta duri jalur dua telat mulu aneh,1,kereta duri jalur telat mulu aneh,negative
KAI Trasfortasi yang sangat membantu Rakyat Indonesia. Tetap dan terusah membantu terimakasih,5,kai trasfortasi sangat bantu rakyat indonesia tetap usah bantu terimakasih,positive
"aplikasi busuk, banyak yang kecewa tapi gak ada tanggapan dari admin. udah loadingnya lama, pembayaran gagal tapi uangnya gak balik. mending gak usah sok²an pake aplikasi kalo update aja gak bisa.",1,aplikasi busuk banyak kecewa gak tanggap admin udah loadingnya lama bayar gagal uang gak balik mending gak usah sok an pake aplikasi kalo update aja gak,negative
tolong ya lebih bagus lagi dalam hal masalah lelet. Masalah nya jaringan saya bagus tapi pas saya buka aplikasi ini seperti lambat sekali mohon lebih diperhatikan lagi jangan upgrade rangkaian terus tapi aplikasinya nggak. Makasih,1,ya lebih bagus dalam masalah lelet masalah nya jaring bagus pas buka aplikasi seperti lambat sekali mohon lebih perhati jangan upgrade rangkai terus aplikasi makasih,negative
"aplikasi minta d update tp malah makin lemot,",1,aplikasi minta d update tp malah makin lot,negative
aslii lemat pisan,1,asli lat pis,negative
oke,5,oke,positive
nyaman bepergian dg KAI,5,nyaman pergi dg kai,positive
👍👍,5,,positive
kebanyakan lag sama server drop ga jelas ga bisa masuk apk sampah,1,banyak lag sama server drop ga jelas ga masuk apk sampah,negative
hari ini tgl 21.01.2026 aplikasi tidak dapat digunakan,1,hari tgl aplikasi dapat guna,negative
good,5,good,positive
lemot,1,lot,negative
"cape bgt kalo lagi urgent lemot mulu, tiba-tiba gabisa akses padahal paketan banyak, sinyal bagus, hadeuh",3,cape bgt kalo urgent lot mulu tibatiba gabisa akses padahal paket banyak sinyal bagus hadeuh,neutral
Mau pesan tiket kereta computer line aja susah banget. Padahal sinyal bagus.,1,mau pesan tiket kereta computer line aja susah banget padahal sinyal bagus,negative
mantap,5,mantap,positive
top markotop,5,top markotop,positive
bagus banget,4,bagus banget,positive
aplikasi yg sangat membantu sekali untuk akses naik kereta dengan rute tujuan masing masing... 👍👍👍👍👍👍,5,aplikasi yg sangat bantu sekali akses naik kereta rute tuju masing masing,positive
mantap aplikasi ini sangat membantu & memudahkan untuk naik transportasi kereta api 👍👍👍👍,5,mantap aplikasi sangat bantu mudah naik transportasi kereta api,positive
aplikasi gk jelas padahal udh masukin akun basic pass mesen tiket gk bisa bisa malah eror terus,1,aplikasi gk jelas padahal udh masukin akun basic pass mesen tiket gk bisa malah eror terus,negative
aplikasinya kadang2 suka ngelag beda bgt kalo pesen tiket di aplikasi GO-JEK cepet. tolong ya daripada tempat sampah baru di stasiun mending diperbaiki deh aplikasinya,3,aplikasi kadang suka ngelag beda bgt kalo sen tiket aplikasi gojek cepet ya tempat sampah baru stasiun mending baik deh aplikasi,neutral
membantu,5,bantu,positive
baru pertama jadi aga pusing,5,baru pertama jadi aga pusing,positive
"Tidak ada posisi arah kursi dalam pemilihan gerbong kereta, Nomer Ponsel Pengguna tidak bisa di ubah di akun, penggantian nomer pengguna di aplikasi sangat sulit dan tidak efisien.",1,ada posisi arah kursi pilih gerbong kereta nomer ponsel guna bisa ubah akun ganti nomer guna aplikasi sangat sulit tidak efisien,negative
"Mengecewakan, jadi lemot stelah di update",1,kecewa jadi lot stelah update,negative
Perjalanan menjadi nyaman dengan KAI,5,jalan jadi nyaman kai,positive
lagi maintenance ya?,5,maintenance,positive
ok,5,,positive
sangat berguna dalam proses pemesanan kereta api,5,sangat guna proses mesan kereta api,positive
bagus harga lebih murah karena tidak ada potongan admin yg berlebihan,5,bagus harga lebih murah tidak potong admin yg lebih,positive
kangen jadi anker (anak kereta) pp jakarta-kroya.. aplikasi ini sangat manfaat banget 💙,5,kangen jadi anker anak kereta pp jakartakroya aplikasi sangat manfaat banget,positive
good aplikasi,5,good aplikasi,positive
ok,5,,positive
good,5,good,positive
error mulu mau refund malah tulisannya anda bukan penumpang kocak udah jelas akun gw dan gw penumpang mabok apk nya,1,error mulu mau refund malah tulis bukan tumpang kocak udah jelas akun gw gw tumpang mabok apk nya,negative
Lebih mudah pesen tiket dengan Access by KAI,5,lebih mudah sen tiket access by kai,positive
terkadang apk down dan tidak dapat melihat jadwal kereta,3,terkadang apk down tidak lihat jadwal kereta,neutral
e ticket lama bgt munculnya,1,e ticket lama bgt muncul,negative
Pemotongan biaya pembatalan 25%,3,potong biaya batal,neutral
aga lemot,5,aga lot,positive
pelayanan acces kai mantap,5,layan acces kai mantap,positive
mantap,5,mantap,positive
bagus,5,bagus,positive
kualitas pelayanannya baik dan cepat,5,kualitas layan baik cepat,positive
hp tidak kompatibel lg,3,hp kompatibel lg,neutral
semoga sukses kedepan nya,5,moga sukses depan nya,positive
say kasih fitur metode pembayaran Dana dong soalnya saya cuma punya dompet dana aja,5,say kasih fitur metode bayar dana dong soal cuma punya dompet dana aja,positive
mantap,5,mantap,positive
Memudahkan Dalam Memesan Tiket,5,mudah mes tiket,positive
sangat puas,5,sangat puas,positive
mantabb,5,mantabb,positive
Good,5,good,positive
Sangat membantu,5,sangat bantu,positive
tanpa kendala,5,kendala,positive
bagus,5,bagus,positive
prosesnya mudah dan cepat,5,proses mudah cepat,positive
aplikasi yang bagus untuk memesan tiket kereta online,5,aplikasi bagus mes tiket kereta online,positive
"cakep, memudahkan",5,cakep mudah,positive
sukses,5,sukses,positive
baiklah,5,baik,positive
Di update malah makin lemot jelek banget aplikasinya,2,update malah makin lot jelek banget aplikasi,negative
"Harga tiket sepertinya sudah tidak pro untuk masyarakat ekonomi rendah, bahkan yg disebut tarif ekonomi harga murah pun rakyat kecil harus rebutan. Sungguh memprihatinkan ketika moda transportasi massal sudah mulai dikuasai kapitalist.",3,harga tiket seperti tidak pro masyarakat ekonomi rendah bahkan yg sebut tarif ekonomi harga murah rakyat kecil rebut sungguh prihatin moda transportasi massal mulai asai kapitalist,neutral
Aplikasi tidak support,1,aplikasi support,negative
"gimana sih ini aplikasinya, masa tiba2 keluar dr akun trus pas mau login pake akun itu malah ga bisa. saldonya kan jadi turut hilang! tolong perbaiki lagi agar mudah login pake akun yg sudah ada dan jangan sampe lah keluar dr akun sendiri tanpa diketahui, tiba2 aja pas mau pesen tiket malah suruh update member lagi",3,gimana sih aplikasi masa tiba keluar dr akun trus pas mau login pake akun malah ga saldo kan jadi turut hilang baik agar mudah login pake akun yg ada jangan sampe lah keluar dr akun sendiri tahu tiba aja pas mau sen tiket malah suruh update member,neutral
"aplikasi ngebug, pesen 2 tiket lokal sampe telat jam kereta gara2 errorr nambahin penumpang doang 👎👎👎",1,aplikasi ngebug sen tiket lokal sampe telat jam kereta gara errorr nambahin tumpang doang,negative
giliran mau cetak tiket ada pemeliharaan di jam sibuk ada perbaikan,1,gilir mau cetak tiket pelihara jam sibuk baik,negative
mudah dan terpercaya,5,mudah percaya,positive
"20 01 2026, RailFood tidak berfungsi",2,railfood fungsi,negative
"di tiap tiketnya kalo bisa ada nomor untuk jalur kretanya, terimakasih",5,tiap tiket kalo ada nomor jalur kretanya terimakasih,positive
"baru update per 200126. pengalaman pesen terbaru pasca update dgn penukaran rail point. 1 kali digagalkan oleh aplikasi ketika pembayaran (pembayaran gagal). 1 kali pesen lagi digagalkan karena waktu dianggap habis, padahal satset waktu masih 6 menit. pesen berikutnya tidak ada page penukaran rail point, hanya sekelebat lewat, diulangi pun tetap sama, akhirnya lanjut saja tanpa reduksi/penukaran rail point, dan pembayaran berhasil. update atau perbaikan yang aneh.",3,baru update per alam sen baru pasca update dgn tukar rail point kali gagal aplikasi bayar bayar gagal kali sen gagal waktu anggap habis padahal satset waktu menit sen ikut ada page tukar rail point kelebat lewat ulang tetap sama akhir lanjut tanpa reduksipenukaran rail point bayar hasil update baik aneh,neutral
good job,5,good job,positive
"pelayanan semakin baik, luar biasa.. railfood di aplikasi terkadang tida bisa saat kita sudah jalan di dalam kereta juga",4,layan makin baik luar biasa railfood aplikasi terkadang tida saat sudah jalan dalam kereta,positive
semoga kita dilayani oleh kai dgn baik,2,moga layan kai dgn baik,negative
sangat bermanfaat,5,sangat manfaat,positive
"Selasa , 20 Januari 2026 sayaa peesan tiket kereta Pasar Senin - Garut waktu itu arah balik (Garut - jakarta) saya pesan lewat apk sodara saya bisa, lantas kenapa hari ini istri saya ga bisa/tidak di perbolehkan menaiki kereta di karenakan KTP tikket dan penumpang tidak sesuai, padahal istri saya sudah menunjukkan bukti chat dan ss tiket kereta. saya tidak tau bahwa ada peraturan harus nunjukin KTP, di Garut tidak seperti itu soalnya dan sekarang 63k lenyap , tidak ada solusi dari pihak KAI nya",1,selasa januari sayaa peesan tiket kereta pasar senin garut waktu arah balik garut jakarta pesan lewat apk sodara bisa lantas hari istri ga bisatidak boleh naik kereta karena ktp tikket tumpang sesuai padahal istri sudah tunjuk bukti chat ss tiket kereta tau ada atur nunjukin ktp garut seperti soal sekarang k lenyap tidak ada solusi pihak kai nya,negative
pelayanan sangat baik,5,layan sangat baik,positive
tidak bisa untuk vivo v15 padahal android 11,1,bisa vivo v padahal android,negative
"sisa token hangus, dan biaya adm untuk top up 6500 rp. cukup mahal tolong diperbaiki agar lebih aman dan ekonomis.",1,sisa token hangus biaya adm top up rp cukup mahal baik lebih aman ekonomis,negative
"untuk Android versi 11 , di hp vivo v15 saya tidak bisa diinstall lewat google play store (aplikasi tersebut mungkin tidak berjalan di hp anda). mohon segera bisa diperbaiki",3,android versi hp vivo v diinstall lewat google play store aplikasi sebut mungkin tidak jalan hp mohon segera baik,neutral
apknya sudah tidak bisa di gunakan dan lebih ke gak bisa di download,1,apknya tidak di guna lebih gak di download,negative
baik,5,baik,positive
Good ..,5,good,positive
"kecewa bgt ditgl 19 januari 2026, khususnya dikota pekalongan jateng, naik Harina yg memutar ke arah selatan tdk lewat di kota pekalongan, tanpa ada informasi via online, tau² nyampe stasiun disuruh batalin aja, tak tolak karna aku dg istri yg lagi hamil akhir nya nekat dan dikasih kebijakan olh staff dititipin ke kereta lain (airlangga)",1,kecewa bgt ditgl januari khusus kota kalong jateng naik harina yg putar arah selatan tdk lewat kota kalong ada informasi via online tau nyampe stasiun suruh batalin aja tak tolak karna aku dg istri yg hamil akhir nya nekat kasih bijak olh staff dititipin kereta airlangga,negative
"akhir akhir ini app ini sering nge bug, saya pesan, tinggal bayar tiba2 loadingnya lamaa bngt, dan gagal, dan ketika pesan lagi, ada alert Anda tidak bisa pesan di jadwal yg sama, padahal saya gagal pesan sebelumnya",4,akhir akhir app sering nge bug pesan tinggal bayar tiba loadingnya lamaa bngt gagal ketika pesan ada alert tidak pesan jadwal yg sama padahal gagal pesan belum,positive
"tolong lah min saya mau ganti kata sandi karena lupa kok malah di persulit ya, katanya di kirim ke email tapi saya tungguin malah gak ada notif muncul di email, tolong lah",1,lah min mau ganti kata sandi lupa kok malah sulit kata kirim email saya tungguin malah gak notif muncul email lah,negative
"aplikasi ga lengkap kereta masa di sumatra utara cuma beberapa , ga ada stasiun medan",1,aplikasi ga lengkap kereta masa sumatra utara cuma beberapa ga stasiun medan,negative
Mantul,5,mantul,positive
Baik,4,baik,positive
Bagaimana caranya mengatasi top up KAIPAY belum masuk ke saldo? serius nanyak top up pertama 2jt masuk top up kedua 703belum masok sampai sekarang sudah 1x24jam,4,bagaimana cara atas top up kaipay masuk saldo serius nanyak top up pertama jt masuk top up dua masok sekarang xjam,positive
ok langganan yg mengasikan,4,langgan yg asi,positive
beli token kode nya dimana? diriwayat gak ada,1,beli token kode nya riwayat gak,negative
"udah topupnya kena charge, saldo tersisa kepotong 2rb lagi.",1,udah topupnya kena charge saldo sisa potong rb,negative
akses nya begitu mudah,5,akses nya mudah,positive
"ini saya batal Krn banjir tapi kok dipotong 25% ya. di beritakan dikembalikan 100%, mohon konfirmasi nya. terima kasih",5,saya batal krn banjir kok potong di berita kembali mohon konfirmasi nya terima kasih,positive
"cust service slowres, kai pay lambat utk upload saldo terima kasih",2,cust service slowres kai pay lambat utk upload saldo terima kasih,negative
"mau batalin tiket aja harus pake rekening sendiri,kalo yg mesen anak 18 taun kebawah gimana??,di stasiun kecil juga nggk bisa di batalin harus ke stasiun besar,tambah ruwet aja apk KAI....",1,mau batalin tiket aja pake rekening sendirikalo yg mesen anak taun bawah gimanadi stasiun kecil nggk di batalin ke stasiun besartambah ruwet aja apk kai,negative
Mantab,5,mantab,positive
"sangat membantu sekali untuk pembelian tiket kereta, makin mudah",5,sangat bantu sekali beli tiket kereta makin mudah,positive
bug/error sudah banyak yang diperbaiki,5,bugerror banyak baik,positive
Good,5,good,positive
ok jos,5,jos,positive
tolong tambah metode pembayaran melalui alfa ataupun indo,2,tambah metode bayar lalu alfa atau indo,negative
"saya buka apk KAI acces tapi dsruh upgrade tapi pas mau d upgrade kok ktnya apk ini tidak kompatibel dengan perangkat saya. tolong saya minta solusinya, karna bulan depan saya mau pesan tiket. terimakasih 🙏",4,buka apk kai acces dsruh upgrade pas mau d upgrade kok ktnya apk tidak kompatibel perangkat tolong minta solusi karna bulan depan mau pesan tiket terimakasih,positive
mantap pool,5,mantap pool,positive
"nyesel banget sama ini aplikasi sangat repot ,tidak mudah di mengerti hapus aja ini aplikasi, saya sudah kehilangan 200+ uang semoga tidak ada yang seperti saya",1,nyesel banget sama aplikasi sangat repot mudah erti hapus aja aplikasi sudah hilang uang moga ada seperti,negative
tolong dong deplover kai ini saya gk bisa download access by kai tolong dong di perbaiki,1,dong deplover kai saya gk download access by kai dong baik,negative
bagus sangat membantu,5,bagus sangat bantu,positive
bagus,5,bagus,positive
tolong segera di update untuk posisi real-time KA nya bagi para calon penumpang yang sedang menunggu di stasiun. apalagi saat KA mengalami keterlambatan baik petugas maupun penumpang tidak tahu estimasi waktu kedatangan KA karena terjadi keterlambatan dan update posisi KA nya.,1,segera update posisi realtime ka nya para calon tumpang sedang tunggu stasiun saat ka alami lambat baik tugas maupun tumpang tahu estimasi waktu datang ka jadi lambat update posisi ka nya,negative
"Setelah pilih pembayaran, apk keluar sendiri langsung beralih ke google play (di layar tampil seperti setelah proses updating apk). Pencet/pilih tombol BUKA maka akan masuk kembali ke apk kai access. Sudah berkali² ikuti saran dr admin kai tetapi tidak ada perubahan. Entahlah, apakah ada settingan hp yang salah atau apk yang masalah. Padahal dulu tidak begini.",2,pilih bayar apk keluar sendiri langsung alih google play layar tampil telah proses updating apk pencetpilih tombol buka akan masuk ke apk kai access kali ikut saran dr admin kai ubah entah ada settingan hp salah apk masalah padahal dulu tidak begini,negative
termuter doang,1,termuter doang,negative
bagus,5,bagus,positive
"I Used to book from KAi acces, but now the app's always crash and almost unusable. please fix the app.",4,i used to book from kai acces but now the apps always crash and almost unusable please fix the app,positive
saya ketinggalan pesawat grgr keretanya telat sampai tujuan😭,1,tinggal pesawat grgr kereta telat tuju,negative
min tolong dong cari kerjasama asuransi yg lain yg proses claim sama refund cepet.,5,min dong cari kerjasama asuransi yg yg proses claim sama refund cepet,positive
cepat dan lebih mudah untuk top up pembayaran,5,cepat lebih mudah top up bayar,positive
sangat baik cepat,5,sangat baik cepat,positive
"Terima kasih atas segala respon baik nya... smoga mkin sukses dan respon terhadap segala keluhan konsumen. ..................... top markotop...,..........",5,terima kasih atas segala respon baik nya smoga mkin sukses respon segala keluh konsumen top markotop,positive
keren,5,keren,positive
bagus,5,bagus,positive
Update nya bukan menjadi baik malah jd buruk masa iya tiap mau buka harus login lagi pun makin ribet gak kyk patch terdahulu yang simple dan bagus.,4,update nya bukan jadi baik malah jd buruk masa iya tiap mau buka login pun makin ribet gak kyk patch dahulu simple bagus,positive
"Udah ada delay karena banjir lebih dari 15 jam masih belum memberikan kepastian kereta rute ke Semarang batal atau tidak, ngasih notif mepet jam 8 malam. Travel sudah lewat jadwal keberangkatan, bus habis2 an. Kenapa komunikasi kalian minus sekali dan lemot untuk pemberitahuan penting. Jangan nunggu closingan kerjaan baru blast notif pembatalan sepihak. pembatalan rute ya harusnya 15 jam sebelum karena sudah ada kereta yang delay 24 jam lebih.Rusak semua jadwal pekerjaan karena telat kepastian",1,udah delay banjir lebih jam belum beri pasti kereta rute semarang batal tidak ngasih notif mepet jam malam travel lewat jadwal berangkat bus habis an komunikasi kalian minus sekali lot pemberitahuan penting jangan nunggu closingan kerja baru blast notif batal pihak batal rute harus jam ada kereta delay jam lebihrusak semua jadwal kerja karena telat pasti,negative
suka,5,suka,positive
good,5,good,positive
ada perbaikan mantap KAI,5,baik mantap kai,positive
good,5,good,positive
mantap,5,mantap,positive
"Untuk KA komuter jabodetabek mohon kiranya bisa ada tiket terusan untuk relasi Rangkasbitung-Merak,jadi bisa kecil kemungkinan kehabisan tiket Rangkasbitung-Merak",4,ka komuter jabodetabek mohon kira ada tiket terus relasi rangkasbitungmerakjadi kecil mungkin habis tiket rangkasbitungmerak,positive
"Saya sudah beberapa kali mengalami delay keberangkatan. Saya udah muak harus menunggu, seharusnya kan bisa dikabari lewat aplikasi kalau kereta delay. Apalagi yang ini delay 4 jam hampir aja ga dapat tiket kereta untuk kembali ke semarang. Tolong dong yang becus kalau kerja, kalau ga bisa lewat aplikasi kan bisa usaha kirim info keterlambatan melalui email.",1,sudah beberapa kali alami delay berangkat udah muak tunggu kan kabar lewat aplikasi kalau kereta delay delay jam hampir aja ga tiket kereta kembali semarang dong yang becus kalau kerja kalau ga lewat aplikasi kan usaha kirim info lambat lalu email,negative
bagus manyus,5,bagus manyus,positive
good,5,good,positive
kemudahan dlm akses tiket KAI bagi kita pekerja di luar daerah,5,mudah dlm akses tiket kai kita kerja luar daerah,positive
terima kasih,5,terima kasih,positive
aplisaki yang bermanfaat..,5,aplisaki manfaat,positive
keren,5,keren,positive
simpleks,5,simpleks,positive
ga update disaat banjir kayak gini,1,ga update saat banjir kayak gin,negative
sangat mudah untuk semua aktivitas,5,sangat mudah semua aktivitas,positive
mudah dan cepat,5,mudah cepat,positive
akhir akhir ini selalu mengalamai keterlambatan,1,akhir akhir selalu mengalamai lambat,negative
"layanan sangat dimudahkan, terimakasih",5,layan sangat mudah terimakasih,positive
Oke,5,oke,positive
jos,5,jos,positive
"Jelek aplikasinua, ngga bisa mesen makanan. Pelayanan pas di kereta nya juga jelek. Tidak ramah petugasnya.",1,jelek aplikasinua ngga mesen makan layan pas kereta nya jelek ramah tugas,negative
"hanya org ""Khusus "" yg punya akses lancar",1,org khusus yg punya akses lancar,negative
"Jadi ribet sekali beli tiket kereta. mengapa tidak langsung kerja sama dengan bank bank BRI, Mandiri dll. tidak harus lewat aplikasi ini itu dll",1,jadi ribet sekali beli tiket kereta tidak langsung kerja sama bank bank bri mandiri tidak lewat aplikasi itu,negative
"pengembalian dana sangat2 lama , pdhl jaman makin canggih dan serba cepat , entah uang nya diputar dulu untuk apa ini kapok dah pokoknya",2,kembali dana sangat lama pdhl jaman makin canggih serba cepat entah uang nya putar dulu apa kapok dah pokok,negative
mantap,5,mantap,positive
"Dear KAI, Mohon untuk ditambahkan lebih dari 4 kursi, karena untuk keluarga saya total yang dewasa ada 5 orang, terimakasih atas perhatiannya",2,dear kai mohon tambah lebih kursi untuk keluarga total dewasa orang terimakasih atas perhati,negative
baik,5,baik,positive
"bagus dan sangat membantu tapi tolong maps tracknya dibenerin lagi, masi sering gabisa liat tracking pas diperjalanan.",3,bagus sangat bantu tolong maps tracknya dibenerin mas sering gabisa liat tracking pas jalan,neutral
oke,5,oke,positive
"untuk kejadian hari ini, kereta dibatalkan sepihak oleh KAI karena Cuaca yang meny3bab kan banjir. tapi kenapa harus menunggu lama untuk di infokan, kenapa di lapangan tidak ada p3ngecekan l3bih dulu, dan sistem pengembalian nya diloket s3marang tawang, antri panjang. BUANG BUANG WAKTU, gaada sistem lain? ngawur waktu orang dibuang buang..... mikir Kids",1,jadi hari kereta batal pihak kai cuaca menybab kan banjir tunggu lama di info kenapa di lapang ada pngecekan lbih dulu sistem kembali nya loket smarang tawang antri panjang buang buang waktu gaada sistem ngawur waktu orang buang buang mikir kids,negative
memudahkan pembelian tiket,5,mudah beli tiket,positive
"aplikasi rouwet, mau pesan tiket cannat cannot terus",2,aplikasi rouwet mau pesan tiket cannat cannot terus,negative
"Bagus, tingkatkan",5,bagus tingkat,positive
Apk aneh susah di kasesnya padahal udah bayar tapi tiketnya gak ada,1,apk aneh susah kasesnya padahal udah bayar tiket gak,negative
ok,5,,positive
ok,5,,positive
bagus cukup,4,bagus cukup,positive
booking selalu failed. aplikasi busuk !!! mau pesan railfod eror.,1,booking selalu failed aplikasi busuk mau pesan railfod eror,negative
good operasional,5,good operasional,positive
gimana si pelayanan kai dari tadi suami saya belom berangkat berangkat,2,gimana si layan kai tadi suami bom berangkat berangkat,negative
"aplikasi,bantuan layanan sebenarnya udh bagus.. tapi kenapa iyyhh selalu jayakarta iyyh kereta nya selaluu gak pernah beress.. dari kantinnya,kmar mandi nya, trus yang terakhir harusnya kursi hadap ke arah depan ini malah berbalikk loo mundurr.. laa Malah kaget lagggiii smaa kereta satu inii.. atau krna lebih murah? sby jkt 400 500 an. naik jayakarta 390. dddddduuuuuhh kapok naik kereta ni",1,aplikasibantuan layan benar udh bagus kenapa iyyhh selalu jayakarta iyyh kereta nya selaluu gak pernah beress kantinnyakmar mandi nya trus akhir harus kursi hadap arah depan malah berbalikk loo mundurr laa malah kaget lagggiii smaa kereta satu ini krna lebih murah sby jkt an naik jayakarta dddddduuuuuhh kapok naik kereta ni,negative
aplikasi ini sangat mendukung banget,5,aplikasi sangat dukung banget,positive
"seharusnya APK KAI membatasi berapa org yg naik di setiap pemberangkatan kereta, jika jumlah org yg membeli tiket sudah sesuai dgn jumlah kursi maka tutup saja pembelian tiketnya pada jam itu, ini banyak pemberitahuan ""bordes bukan tempat penumpang"" tapi jumlah org yg naik melebihi kapasitas hingga sampai bordes penuh, gimana sih.",1,apk kai batas berapa org yg naik tiap berangkat kereta jumlah org yg beli tiket sesuai dgn jumlah kursi tutup beli tiket jam ini banyak pemberitahuan bordes bukan tempat tumpang jumlah org yg naik lebih kapasitas hingga bordes penuh gimana sih,negative
perdana go show alhamdulillah dapat,5,perdana go show alhamdulillah,positive
"upgrade member basic susahh polll, mau pesen tiket jd ribet",4,upgrade member basic susahh polll mau sen tiket jd ribet,positive
memudahkan sekali,5,mudah sekali,positive
"Luar biasa,, mudahnya pesan tiket KAI via Access KAI",5,luar biasa mudah pesan tiket kai via access kai,positive
kenapa tak bisa di install ya,5,tak di install,positive
mempermudah cek ketersediaan kereta dan pembelian tiket,5,mudah cek sedia kereta beli tiket,positive
sangat membantu,5,sangat bantu,positive
Mantap,5,mantap,positive
sangan membantu buat,5,sangan bantu buat,positive
"kereta sering delay, delaynya pun lama. kalo saja swasta yang ngelola pasti ga gini",1,kereta sering delay delaynya lama kalo swasta ngelola ga gin,negative
"sangat membantu, valid",5,sangat bantu valid,positive
keren kai,5,keren kai,positive
Rute Macet Kejebak Banjir Tolong Jangan Dibuka Nyusahin Orang ajj,1,rute macet jebak banjir jangan buka nyusahin orang ajj,negative
sangat membantu,5,sangat bantu,positive
mudah proses cancel tiket,5,mudah proses cancel tiket,positive
dipermudah untuk pembatalan tiket,5,mudah batal tiket,positive
"Aplikasi ini bagus, mempermudah, cuman masih ada bug unfuk railfood saya mau pesen rail food, yang dimana saya sudah dalam perjalanan(kereta berjalan), tetapi masih dianggap belum dalam perjalanan,jadi saya tidak bisa pesan. mohon diperbaik",3,aplikasi bagus mudah cuman ada bug unfuk railfood mau sen rail food mana sudah perjalanankereta jalan masih anggap dalam perjalananjadi tidak pesan mohon baik,neutral
baik,5,baik,positive
"Saya sangat kecewa aplikasi lemot, dan tiket kereta lokal Doho atau Penataran selalu habis bila pesan h-1 atau h-2. padahal dikesempatan lain saat saya dapat tiket keretanya. begitu saya naik kursinya tidak pernah penuh, selalu ada kursi kosong dan itu sangat banyak.",1,sangat kecewa aplikasi lot tiket kereta lokal doho natar selalu habis bila pesan h h padahal sempat saat dapat tiket kereta saya naik kursi pernah penuh selalu kursi kosong itu sangat banyak,negative
oke,5,oke,positive
"sialan ternyata ada update. gara-gara ini jadi dobel pembelian pas bayar pake OVO. Pas bayar apke OVO, statusnya gagal. Pas buka notif OVO, muncul pop up message aplikasi error. Ya kirain kan gagal ya. Akhirnya beli lagi pake QRIS. TERNYATA PAS CEK MENU TIKET SAYA, ADA 2 TIKET SAMA. BERARTI KAN PEMBELIAN PERTAMA SESUNGGUHNYA SUKSES 😡😡😡😡😡 Anjir jadi rugi. komplain via wa pun balasnya lama banget",1,sial nyata update garagara jadi dobel beli pas bayar pake ovo pas bayar apke ovo status gagal pas buka notif ovo muncul pop up message aplikasi error kirain kan gagal akhir beli pake qris nyata pas cek menu tiket ada tiket sama arti kan beli pertama sungguh sukses anjir jadi rugi komplain via wa balas lama banget,negative
oke,5,oke,positive
"gabisa di hp saya, ga mendukung kay",1,gabisa hp ga dukung kay,negative
bagus praktis,5,bagus praktis,positive
mudah2an apknya jangan terlalu sering diupdate kasian bagi para org menengah bawah yg hpnya bisa tiba2 tdk support karena update aplikasi,2,mudah apknya jangan terlalu sering diupdate kasi para org tengah bawah yg hpnya tiba tdk support update aplikasi,negative
keren dan cepat,5,keren cepat,positive
"Saya ingin memberi masukan terkait UI/UX Access by KAI Untuk tampilan waktu pemilihan kursi, alangkah lebih baik jika kursi no 1 & 2 diberi warna yang berbeda untuk menunjukkan bahwa kursi tersebut kursi prioritas. Agar orang yang perjalanannya jauh bisa menghindari memilih kursi tersebut. Karena pada dasarnya tidak semua orang aware akan informasi tersebut. Semua orang juga ingin dapat tempat duduk yang nyaman tanpa tidak sadar kalo yang diambil ternyata kursi prioritas.",4,ingin beri masuk kait uiux access by kai tampil waktu pilih kursi alangkah lebih baik kursi no beri warna beda tunjuk kursi sebut kursi prioritas orang jalan jauh hindar pilih kursi sebut pada dasar semua orang aware informasi sebut semua orang ingin tempat duduk nyaman tidak sadar kalo ambil nyata kursi prioritas,positive
ok,5,,positive
baik,5,baik,positive
"lemot banget, cara buat pesan ribet. sulit",1,lot banget cara buat pesan ribet sulit,negative
"kepada KAI,terlat 15 menit masih mending telat hampir 2 jam pemalang semarang harusnya 5.31 wib udah sampe stasiun ini sampe sekarang belum sampe juga",1,kaiterlat menit mending telat hampir jam malang semarang harus wib udah sampe stasiun sampe sekarang sampe,negative
"kalau pembatalan harus lari ke stasiun dulu, apa gunanya beli tiket di aplikasi",1,kalau batal lari stasiun dulu apa guna beli tiket aplikasi,negative
njr ngelag🗿,3,njr ngelag,neutral
aplikasi dongo ah oon kesel gua cacat ni aplikasi,1,aplikasi dongo ah oon kesel gua cacat ni aplikasi,negative
Kalender hari Libur yang ditampilkan ngaco banyak merugikan saat plan pembelian Tiket dan ternyata aplikasi damri bahkan lebih canggih bisa update bila sudah mendekati tanggal tempo keberangkatan,1,kalender hari libur tampil ngaco banyak rugi plan beli tiket nyata aplikasi damri bahkan lebih canggih update bila dekat tanggal tempo berangkat,negative
luar biasa,5,luar biasa,positive
mantap,5,mantap,positive
gak paham saya sama sistem reschedulenya. masa harus beda kereta yang harganya juga beda? jadinya harus cancel tiket kalau mau ganti jadwal mana refundnya lama banget lagi gak ada kejelasan. mengecewakan banget,1,gak paham sama sistem reschedulenya masa beda kereta harga beda jadi cancel tiket kalau mau ganti jadwal mana refundnya lama banget gak jelas kecewa banget,negative
sangat membantu,5,sangat bantu,positive
mantap,5,mantap,positive
cepat proses pembatalan nya..Trimakasih KAI,5,cepat proses batal nyatrimakasih kai,positive
ok banget,5,banget,positive
"Tolong kepada PT.KAI Divre 2 Sumatera Barat khususnya pada rangkaian kereta lokal Pariaman Express tiadakan tiket berdiri, jika semisal tiket duduk sudah habis baik lewat aplikasi kai access maupun beli langsung di loket maka kami sebagai masyarakat sangat berharap KAI jangan mencari keuntungan lagi dengan ""tetap menyediakan tiket berdiri"" lalu tolong menurut saya sudah saatnya untuk Divre 2 Sumatera Barat sediakan setidaknya satu gerbong kereta kelas eksekutif yang memakai kursi tunggal",3,kepada ptkai divre sumatera barat khusus rangkai kereta lokal pariaman express tiada tiket diri misal tiket duduk habis baik lewat aplikasi kai access maupun beli langsung loket kami masyarakat sangat harap kai jangan cari untung dengan tetap sedia tiket diri lalu turut sudah saat divre sumatera barat sedia satu gerbong kereta kelas eksekutif pakai kursi tunggal,neutral
"PADAHAL HARGA KERETA UDAH NAIK, TAPI APLIKASI MASIH SUSAH DIAKSES, SERING BGT ENGGAK BISA MEMESAN CUMA BISA LIAT KUERSINYA AJA .",1,padahal harga kereta udah naik aplikasi susah akses sering bgt enggak mes cuma liat kuersinya aja,negative
mantap,5,mantap,positive
terimakasih,5,terimakasih,positive
"Bagus, Mudah dan Cepat",5,bagus mudah cepat,positive
Di coba kasih 3 dulu..,5,coba kasih dulu,positive
"mungkin fitur semua udah sangat lengkap, yang harus di lengkapi sistem pembayaran tambahkan dong pihak Access by KAI untuk ada aplikasi DANA untuk pembayaran E-wallet saya mohon update untuk mempermudah akses moda transportasi bagi masyarakat demi keamanan dan kenyamanan penumpang,dan fitur keamanan saya mohon di perketat ke depannya,perbanyak dong pihak kai di aplikasi metode pembayaran di e-wallet masa enggak ada aplikasi dana heran saja",5,mungkin fitur semua udah sangat lengkap harus lengkap sistem bayar tambah dong pihak access by kai aplikasi dana bayar ewallet mohon update mudah akses moda transportasi masyarakat aman nyaman penumpangdan fitur aman mohon ketat depannyaperbanyak dong pihak kai aplikasi metode bayar ewallet masa enggak ada aplikasi dana heran,positive
Sangat terpercaya,5,sangat percaya,positive
ok,5,,positive
"kenapa untuk dewasa sekarang hanya dibatasi 4 kursi, padahal dahulu bisa pesan 5 kursi? mohon untuk ditambahkan kursi lagi,supaya tidak ribet saat war tiket, Terimakasih atas perhatiannya",2,dewasa sekarang batas kursi padahal bisa pesan kursi mohon untuk tambah kursi lagisupaya ribet war tiket terimakasih atas perhati,negative
sangat memudahkan untuk pembelian tiket,5,sangat mudah beli tiket,positive
mau download KAI ACCESS gabisa harus ganti hp segala,1,mau download kai access gabisa ganti hp segala,negative
sangat membantu,5,sangat bantu,positive
Terima kasih PT KAI pelayanan semakin baik 🤗,5,terima kasih pt kai layan makin baik,positive
Memudahkan proses pembelian tiket,5,mudah proses beli tiket,positive
"untuk sekarang proses pembatalan sangat d persulit, tdk bisa pake e wallet, hrs menggunakan rekening bank atas nama penumpang yg akan d batalkan dan hrs menggunakan kode otp yg dikirim k gmail atau no wa yg terdaftar d aplikasi, dan yg paling membingungkan d saat memasukan kode otp selalu gagal dan ada keterangan otp not valid, pdhal kode otp yg masukan udh betul, sy mencoba puluhan kali selalu gagal terus saat memasukan kode otp.",1,sekarang proses batal sangat d sulit tdk pake e wallet hrs guna rekening bank atas nama tumpang yg d batal hrs guna kode otp yg kirim k gmail no wa yg daftar d aplikasi yg paling bingung d pasu kode otp selalu gagal ada terang otp not valid pdhal kode otp yg masuk udh betul sy coba puluh kali selalu gagal terus pasu kode otp,negative
kebanyakan potongan .trnsaksi di rek kepotong di akun kai nya di potong hampir 3rb. jangan pake apk ini nyesel anda,1,banyak potong trnsaksi rek potong akun kai nya potong hampir rb jangan pake apk nyesel,negative
good,5,good,positive
Good,5,good,positive
mantap simple,3,mantap simple,neutral
ya bagus,4,bagus,positive
kren,5,kren,positive
ruwet koyok Taek,1,ruwet koyok taek,negative
Kenapa harus up date aplikasi terus sih? HP aku katanya udah nggak kompatible lagi? Masa sih kudu beli HP baru,1,harus up date aplikasi terus sih hp aku kata udah kompatible masa sih kudu beli hp baru,negative
"sistem lebih lancar, mudah digunakan",5,sistem lebih lancar mudah guna,positive
sangat membantu,5,sangat bantu,positive
"aplikasih sangat mèmbantu,tanpa antri,kren",5,aplikasih sangat m mbantutanpa antrikren,positive
mantapp invosai,5,mantapp invosai,positive
Terimakasih aplikasinya sangat mudah dan sangat membantu🙏🏻🙏🏻🙏🏻,5,terimakasih aplikasi sangat mudah sangat bantu,positive
tolong untuk rute Semarang - terisi ditambah lagi armadanya. terima kasih,5,untuk rute semarang isi tambah armada terima kasih,positive
"kenapa saya tidak bisa mendonwload apk ini malah tertera ""aplikasi ini tidak berfungsi untuk perangkatmu"" maksudnya apa kek gitu",1,saya bisa mendonwload apk malah tera aplikasi tidak fungsi perangkat maksud apa kek gitu,negative
sangat 👍,5,sangat,positive
jadwal KRL nya terlambat,1,jadwal krl nya lambat,negative
aplikasi sangat membantunya,5,aplikasi sangat bantu,positive
Ok.mksh,5,okmksh,positive
kenapa gak bisa di instal di hp saya,2,gak instal di hp,negative
sangat membantu beraktivitas jauh,5,sangat bantu aktivitas jauh,positive
server nya eror terus tiket masih ada tapi gabisa di pesen,2,server nya eror terus tiket ada gabisa sen,negative
aneh deh jelas jelas pesen dari kota A pas tiket udah di bayar keberangkatan nya kebalik keberangkatan dari kota tujuan kocak nyesel mana ga bisa cancel,1,aneh deh jelas jelas sen kota a pas tiket udah bayar berangkat nya balik berangkat kota tuju kocak nyesel mana ga cancel,negative
Okee,5,okee,positive
top,5,top,positive
kok Kai acces saya ga bisa di buka..,1,kok kai acces ga di buka,negative
bagus,5,bagus,positive
mantab,5,mantab,positive
"apalah metode pembayaran qris suja down qris sering g muncul, mohom diperbaiki",3,apa metode bayar qris suja down qris sering g muncul mohom baik,neutral
sayang tidak compatible dengan HP tecno camon pro 40 5G pada update terakhir,3,sayang compatible hp tecno camon pro g update akhir,neutral
membantu bgd buat beli tiket lokal😍,5,bantu bgd buat beli tiket lokal,positive
bug,2,bug,negative
ok,5,,positive
mudah dan sangat bagus,5,mudah sangat bagus,positive
"ga ada solusi sama sekali ketika apknya eror ,untuk pelayanan stasiun cimahi diperbaiki lagi ,biar bisa ngasih solusi yang bijak ketika apk eror dalam pembelian tiketnya,bukanya suruh nunggu pembelian berikutnya yang harus kita tunggu 2 jam lagi.",1,ga solusi sama sekali apknya eror layan stasiun cimahi baik biar ngasih solusi bijak apk eror beli tiketnyabukanya suruh nunggu beli ikut harus tunggu jam,negative
cepat dan dapat tiket. thanks KAI.,5,cepat dapat tiket thanks kai,positive
kenapa tidak menambahkan kartu atm ke kai acces akses selalu Salah melulu harap di perbaiki,1,tidak tambah kartu atm kai acces akses selalu salah melulu harap baik,negative
"Utk menu komuter, waktu create tiket tidak ada pilihan BNI city. ketika sudah pesan tiket lalu mau ubah atau edit, tidak ada pilihan sudirman dan BNI city. mohon ditambahkan.",3,utk menu komuter waktu create tiket ada pilih bni city sudah pesan tiket lalu mau ubah edit ada pilih sudirman bni city mohon tambah,neutral
aplikasi nya sangat membantu tolong dong beri tanda hadap kursi nya,5,aplikasi nya sangat bantu dong beri tanda hadap kursi nya,positive
sangat mudah sekali layanan makin mantap,5,sangat mudah sekali layan makin mantap,positive
"Aplikasi Tolol, Penipuan Parah.. Aku Topup Buat Naik Kereta Tapi Saat Mau Gunakan Saldo Minta Nomor Pin Gak Pernah Bisa.. Mau Tarik Saldo Lagi Gak Bisa..",1,aplikasi tolol tipu parah aku topup buat naik kereta saat mau guna saldo minta nomor pin gak pernah mau tarik saldo gak,negative
sangat tepat waktu,5,sangat tepat waktu,positive
biyaya adminnya GK kira kira,1,biyaya adminnya gk kira kira,negative
gabisa daftar nya,1,gabisa daftar nya,negative
ok,5,,positive
"pas cek beberapa tiket kereta jarak jauh kok dibatasi 6 kali sehari ya? malah jadi susah kalo mau booking nya, tolong jangan dibatasin ya",3,pas cek beberapa tiket kereta jarak jauh kok batas kali hari malah jadi susah kalo mau booking nya jangan dibatasin,neutral
aplikasi tidak komptable dengan prangkat saya s721B,1,aplikasi komptable prangkat sb,negative
mudah dan cepat,5,mudah cepat,positive
Salut ... Selalu tepat waktu,5,salut selalu tepat waktu,positive
"hari nya sama, tapi Jam nya beda, rute perjalanan juga beda, knp gak bisa boking tiket..? bintang 5 ..? pikir² deh..",1,hari nya sama jam nya beda rute jalan beda knp gak boking tiket bintang pikir deh,negative
toilet KAI 403 rusak gak keluar air cek sekarang coba.. oe hallo,5,toilet kai rusak gak keluar air cek sekarang coba oe hallo,positive
"tolong untuk petugas di dalam gerbong kereta pangrango , beri teguran pada penumpang yg nonton vidio di hp dengan suara kencang dan anak"" yg bermain di gerbong. sayang fasilitas dan pelayanan sudah sangat baik tapi banyak penumpang yg egois . kalau mau gunain hp minimal pake headset biar gk ganggu penumpang yg lain. kalau mau bebas pakai kendaraan sendiri. budayakan menghargai sesama penumpang .",5,untuk tugas dalam gerbong kereta pangrango beri tegur tumpang yg nonton vidio hp suara kencang anak yg main gerbong sayang fasilitas layan sangat baik banyak tumpang yg egois kalau mau gunain hp minimal pake headset biar gk ganggu tumpang yg kalau mau bebas pakai kendara sendiri budaya harga sama tumpang,positive
bagus,5,bagus,positive
"mudah, nyaman",5,mudah nyaman,positive
"Tolong dong development KAI ACCSESS. Tolong maksimalkan semua fungsi menu yang di sediakan. PENGAJUAN PEMBATALAN Secara Online masa gk bisa. Kok ribet. Sudah di hubungi via e-mail pun respon tidak memberikan solusi. Tahun 2026 loh ini. Harusnya bukan hal ribet melakukan pembatalan online. Haduh. Tolonglah bekerja dengan baik. Kalau aplikasi bagus, pengguna jasa juga pasti setia. Maaf rat 1. Saya pengguna KAI dari 2019. Saya kecewa banget.",1,dong development kai accsess maksimal semua fungsi menu di sedia aju batal online masa gk kok ribet di hubung via email respon beri solusi tahun loh harus bukan ribet laku batal online haduh tolong kerja baik kalau aplikasi bagus guna jasa pasti setia maaf rat guna kai kecewa banget,negative
memberikan kemudahan dalam penggunaannya...,5,beri mudah guna,positive
akses susah sulit banget .. jadwal tidak kluar di aplikasi,1,akses susah sulit banget jadwal kluar aplikasi,negative
saya coba rubah tetap tidak bisa yang padahal keterangan selambat lambatnya 2 jam sebelum keberangkatan.,1,coba rubah tetap bisa padahal terang lambat lambat jam berangkat,negative
"Utk pengguna KA wajib pakai aplikasi ini, saran utk utk KAI agar biaya pembatalan maks 10%",5,utk guna ka wajib pakai aplikasi saran utk utk kai biaya batal maks,positive
cukup membantu,5,cukup bantu,positive
bagus,5,bagus,positive
"Pesen berulang gak bisa kya dlu, pasti dblokir dsruh nunggu, jadi gak bisa ikut ngewar tiket pas peak season, kalah ma agen2 tiket.",3,sen ulang gak kya dlu dblokir dsruh nunggu jadi gak ikut ngewar tiket pas peak season kalah ma agen tiket,neutral
"Kasih bintang 5 karena sejauh ini Access by KAI adalah aplikasi transportasi publik terbaik di Indonesia. Harapan saya ke depannya, semoga KAI terus konsisten meningkatkan layanan, baik dari segi fasilitas di gerbong maupun ketepatan waktu yang sudah sangat baik saat ini.",5,kasih bintang jauh access by kai aplikasi transportasi publik baik indonesia harap ke depan moga kai terus konsisten tingkat layan baik segi fasilitas gerbong maupun tepat waktu sudah sangat baik ini,positive
potongannya gede banget padahal masih 4 hari lagi,4,potong gede banget padahal hari,positive
APLIKASINYA TIAP HARI ERROR TERUS...GIMANA NIH ....MUSTI DELETE DULU INSTAL LAGI...BEGITU TERUS,5,aplikasi tiap hari error terusgimana nih musti delete dulu instal lagibegitu terus,positive
"kenapa menu jadwal sholat dihilangkan, padahal sangat membantu perjalanan jarak jauh kok malah mementingkan duniawi daripada ibadah",3,menu jadwal sholat hilang padahal sangat bantu jalan jarak jauh kok malah penting duniawi ibadah,neutral
susah untuk pencet tombol tambahkan sebagai penumpang nggak berfungsi ...😡😡😡😡😡,1,susah pencet tombol tambah tumpang fungsi,negative
mantaff,5,mantaff,positive
ok,5,,positive
terpercaya,5,percaya,positive
ok bgt kai skrg,5,bgt kai skrg,positive
maaf sementara reviewenya segini dulu karena saya selalu gagal download bukti bayar. kerepotan untuk bukti pembayaran ke kantor untuk perjalanan dinas.,3,maaf reviewenya gin dulu saya selalu gagal download bukti bayar kerepot bukti bayar kantor jalan dinas,neutral
mudah dan sangat membantu,5,mudah sangat bantu,positive
bagus,5,bagus,positive
"permudahkan aku isi saldo lewat retail ya, taktambahi bintang 5",5,mudah aku isi saldo lewat retail taktambahi bintang,positive
"saya pengguna aktif kai access, sekarang saya tidak bisa menggunakan kai access dikarenakan handphone tidak kompatible,apa iya harus ganti hp baru bs menggunakan aplikasi ini padahal ini aplikasi membantu sekali.. tolonglah kembalikan ke syarat minimal hp yg bs menggunakan aplikasi ini.",1,guna aktif kai access sekarang guna kai access karena handphone tidak kompatibleapa iya ganti hp baru bs guna aplikasi padahal aplikasi bantu sekali tolong kembali syarat minimal hp yg bs guna aplikasi,negative
mnurut sya sangat bagus dan membantu sih apk ini.. cuman belum boom aja aplikasinya.. supaya boom dan pengguna nya bisa lebih banyak perlu dipromosikan dan lebih ditingkatkan lagi fitur2 nya untuk kedepannya..,5,mnurut sya sangat bagus bantu sih apk cuman boom aja aplikasi boom guna nya lebih banyak perlu promosi lebih tingkat fitur nya depan,positive
"bagus, sangat membantu",5,bagus sangat bantu,positive
udah dupdate malah lemot gimana si,1,udah dupdate malah lot gimana si,negative
"""cannot booking more than 15 booking per day"" belum juga dapat tiket, berulang kali pemesanan kadaluarsa (gagal). di coba berulang2 terus muncul tulisan diatas. kecewa",1,cannot booking more than booking per day juga tiket ulang kali mesan kadaluarsa gagal coba ulang terus muncul tulis atas kecewa,negative
"kecewa pollll, gara² tulisan not available terus menerus jadi kehabisan tempat duduk terus sengaja nge war jam 12 malam tetep aja nggak kebagian tempat duduk",1,kecewa pollll gara tulis not available terus terus jadi habis tempat duduk terus sengaja nge war jam malam tetep aja bagi tempat duduk,negative
tidak melayani dengan baik aplikasi mu busuk,1,layan baik aplikasi mu busuk,negative
Loading terlalu lama membuat ketinggalan war tiket,1,loading terlalu lama buat tinggal war tiket,negative
"naik kereta api antar kota sangat menyenangkan pelayanan baik,perawatan bagus,perjalanan tepat waktu,pasilitas baik juga keren dah",5,naik kereta api antar kota sangat senang layan baikperawatan bagusperjalanan tepat waktupasilitas baik keren dah,positive
"Masa saya udah berkali kali mau ke member basic biar bisa pesen tiket ga bisa"" terus, udah capee makanya uninstal",2,masa udah kali kali mau member basic biar sen tiket ga terus udah capee makanya uninstal,negative
BODO SEKALI INI APLIKASI. SAYA TOP UP KAI PAY TAPU SETIAP TOP UP SELALU DI POTONG 2000.,1,bodo sekali aplikasi top up kai pay tapu top up selalu potong,negative
Pesan tiket lebih mudah dan aman,5,pesan tiket lebih mudah aman,positive
ok,5,,positive
timer aplikasi terlalu cepat,4,timer aplikasi terlalu cepat,positive
good job,5,good job,positive
TOP,5,top,positive
ok,5,,positive
semakin di update semakin repot,1,makin update makin repot,negative
"BIAYA ADMIN bisa LEBIH MAHAL LAGI ga. MISAL TF 10K, BIAYA ADMINNYA 7K.",1,biaya admin lebih mahal ga misal tf k biaya adminnya k,negative
"mantab,respon cepat,progres cepat",5,mantabrespon cepatprogres cepat,positive
sangat2 membantuuuuu👍👍👍👍👍👍,5,sangat membantuuuuu,positive
mantap,5,mantap,positive
lebih mudah menggunakan aplikasi.. 👍🏻👍🏻,5,lebih mudah guna aplikasi,positive
"Aplikasinya sering eror... Time out terus, harusnya bisa mempermudah tp kok malah bikin susah, tolong dong diperbaiki",5,aplikasi sering eror time out terus harus mudah tp kok malah bikin susah dong baik,positive
adminnya smpe 3 rb mahal bgttttt... isi 10 rb masuknya cm 7 rb ..gila ..kalah sm yg lain yg gada admin or cuma 1 rb,1,adminnya smpe rb mahal bgttttt isi rb masuk cm rb gila kalah sm yg yg gada admin or cuma rb,negative
trimakasih,4,trimakasih,positive
"Maaf, knapa Acces Kai ga bisa dibuka di hp saya ?",3,maaf knapa acces kai ga buka hp,neutral
tombol tambahkan sebagai penumpang nya di permudah,1,tombol tambah tumpang nya mudah,negative
Sipppzzzt🤩,5,sipppzzzt,positive
sangat mengecewakan perubahan jadwal tidak ada pengembalian dana selisih!,1,sangat kecewa ubah jadwal ada kembali dana selisih,negative
mantep,5,mantep,positive
alat tranportasi terbaik.murah nyaman,5,alat tranportasi terbaikmurah nyaman,positive
ok,5,,positive
"tolong ini kenapa tiba tiba gabisa dibuka, saya mau cetak e boarding pass dibilang aplikasi tidak kompatibel, ini gimana setengah jam lagi berangkat",1,tiba tiba gabisa buka mau cetak e boarding pass bilang aplikasi kompatibel ini gimana tengah jam berangkat,negative
sangat membantu sekali keren Access,5,sangat bantu sekali keren access,positive
baik',5,baik,positive
puas,5,puas,positive
sangat baik dan ok,5,sangat baik ok,positive
minimal versi Android berapa sih . ko di versi Android 12 gak bisa,1,minimal versi android berapa sih ko versi android gak,negative
"Satu kekurangan, kenapa dalam 1 device atau 1 akun kai access dalam pembelian tiket KA lokal hanya bisa 4 penumpang saja bagaimana jika ada penumpang membawa 1 keluarga yang beranggotakan 6 orang tetapi hanya mempunyai 1 device/hp berarti 2 orang harus beli tiket secara offline begitu ? tolong kembalikan lagi fitur yang dimana 1 hp itu bisa membeli lebih dari 4 penumpang dalam 1 kali pembelian",4,satu kurang device akun kai access beli tiket ka lokal bisa tumpang bagaimana ada tumpang bawa keluarga anggota orang hanya punya devicehp arti orang beli tiket offline kembali fitur mana hp bisa beli lebih tumpang dalam kali beli,positive
"bagus, memudahkan memesan tiket",5,bagus mudah mes tiket,positive
gabisa login padahal email sama pswd udah bener,4,gabisa login padahal email sama pswd udah bener,positive
aplikasi eror apa gimana? masa gak ada muncul tujuan kereta h-2 hari pesan. mahal mahal pula 400k ke atas,1,aplikasi eror apa gimana masa gak muncul tuju kereta h hari pesan mahal mahal k atas,negative
Bintang 3 buat customer service nya dalam antrean mulu padahal udah nunggu 3 jam,3,bintang buat customer service nya antre mulu padahal udah nunggu jam,neutral
sangat bagus,5,sangat bagus,positive
tolong dperbaiki di fitur transfer tiket tidak bisa terhubung dengan data penumpang lainnya,4,dperbaiki fitur transfer tiket bisa hubung data tumpang lain,positive
mudah bangetttt,5,mudah bangetttt,positive
jos,5,jos,positive
service baik,5,service baik,positive
KAI IS THE BEST,5,kai is the best,positive
"Negara hadir karna adanya masyarakat didalamnya,, buat terobosan KAI, tambah kereta saat mudik lebaran tambah gerbong, tambah jam pemberangkatan,, masuk system KAI aza gk bisa palagi dapat tiket lebaran, kecewa gw udah gAdang 2 mlem blesanya Kya gini, mikir KAI Mikir BUMN, apa sengaja d setting ini hah buat golongan tertentu yg bisa acces bisa beli,, tak mengedepankan KEBERADILAN.",3,negara hadir karna ada masyarakat dalam buat terobos kai tambah kereta mudik lebaran tambah gerbong tambah jam berangkat masuk system kai aza gk palagi tiket lebaran kecewa gw udah gadang mlem blesanya kya gin mikir kai mikir bumn apa sengaja d setting hah buat golong tentu yg acces beli tak depan adil,neutral
puas,5,puas,positive
terbaik,3,baik,neutral
"sering error dan harus uninstall terus""an dan terlalu sering update, dan apk tidak bisa digunakan jika belum update jika keadaan genting itu sangat merepotkan",1,sering error harus uninstall terus terlalu sering update apk bisa guna belum update ada genting sangat repot,negative
"Aplikasinya tiba-tiba tidak dapat berfungsi dan force close terus menerus, setelah diliat ternyata aplikasinya malah tidak mendukung perangkat saya, padahal hp saya terbilang baru dengan versi android 13. Tolong berbenah lagi, padahal seminggu yang lalu aplikasinya masih bisa saya buka 👎🏻",1,aplikasi tibatiba dapat fungsi force close terus terus liat nyata aplikasi malah dukung perangkat padahal hp bilang baru versi android benah padahal minggu lalu aplikasi bisa buka,negative
bagus banget ngebantu buat pesen tiket gampang banget dipake bisa direfund juga semisal ga jadi berangkat walaupun ga kembali 100% uangnya kalo direfund tapi it's okay good,5,bagus banget ngebantu buat sen tiket gampang banget dipake direfund misal ga jadi berangkat walaupun ga uang kalo direfund its okay good,positive
perjalanan menyenangkan,5,jalan senang,positive
"perangkat tidak kompatibel dengan android 12,kecewa gak segera update, padahal sudah booking jadwal keberangkatan tapi harus tanya ke admin cs untuk comuter lokal",1,perangkat kompatibel android kecewa gak segera update padahal booking jadwal berangkat harus tanya admin cs comuter lokal,negative
lumyan baik,2,lumyan baik,negative
keren...,5,keren,positive
Agak error kalau pesan app,3,error kalau pesan app,neutral
baik,5,baik,positive
"masih ada bug ini masa tiket tidak ada sih, pas saya pake fitur lihat tiket kosong juga gk muncul, tolong di perbaiki lagi aplikasinya",1,ada bug masa tiket ada sih pas pake fitur lihat tiket kosong gk muncul di baik aplikasi,negative
mantap,4,mantap,positive
"Aplikasi terbaik dari pesan tiket, reschedule tiket, refund tiket semuanya sudah saya coba dan aman tidak ada banyak drama nya... Semoga selalu seperti ini pelayana digital PT. KAI",5,aplikasi baik pesan tiket reschedule tiket refund tiket semua saya coba aman ada banyak drama nya moga selalu ini pelayana digital pt kai,positive
"Terima kasih KAI,selalu puas pakai KAI ,",5,terima kasih kaiselalu puas pakai kai,positive
kenapa tidak berfungsi di redmi note 12 4g nfc?,3,tidak fungsi redmi note g nfc,neutral
"Mohon nomor kursi otomatis dihilangkan (nomor 1). Dalam kondisi buru-buru, pernah satu kali dapat nomor kursi 1. Untuk pindah nomor kursi, kena biaya admin 25% harga tiket. Padahal kursi masih banyak kosong.",4,mohon nomor kursi otomatis hilang nomor kondisi buruburu pernah satu kali nomor kursi pindah nomor kursi kena biaya admin harga tiket padahal kursi banyak kosong,positive
Alhamdulillah aplikasi yang sangat membantu untuk mempermudah pembelian tiket.....👍,5,alhamdulillah aplikasi sangat bantu mudah beli tiket,positive
membantu dengan aplikasi ini,5,bantu aplikasi,positive
ok.. mantap,5,mantap,positive
sangat puas,5,sangat puas,positive
gak bisa instal,5,gak instal,positive
Kereta adalah alat transportasi paling favorit....kereen dan mantap...sudah ga pernah bawa mobil lagi kemanapun bye KAI,5,kereta alat transportasi paling favoritkereen mantapsudah ga pernah bawa mobil mana bye kai,positive
saya berharap untuk metode pembayaran e-wallet bisa di tambah lagi seperti contoh dana dll,3,harap metode bayar ewallet di tambah seperti contoh dana,neutral
"nyaman, aman, tepat waktu ...",5,nyaman aman tepat waktu,positive
sangat mudah pemesanan nya,5,sangat mudah mesan nya,positive
aplikasinya sngt membantu,5,aplikasi sngt bantu,positive
oke,5,oke,positive
Baik,5,baik,positive
sering eror,4,sering eror,positive
terbaik,5,baik,positive
amazin,5,amazin,positive
oke bngt,5,oke bngt,positive
sangat bagus layanan untuk memesan tiket kereta terimakasih access by KAI,5,sangat bagus layan mes tiket kereta terimakasih access by kai,positive
Ok Banget,5,banget,positive
oke,5,oke,positive
"Terima kasih, KAI benar - benar hebat layanan nya Cepat dan mudah",5,terima kasih kai benar benar hebat layan nya cepat mudah,positive
bagus,5,bagus,positive
jelek harus di update terus,2,jelek di update terus,negative
"Aplikasinya bagus sekali, sukses KAI",5,aplikasi bagus sekali sukses kai,positive
sangat nyaman,5,sangat nyaman,positive
baik,5,baik,positive
pokok'Ok,5,pokokok,positive
Aplikasinya keren dan mudah digunakan.,5,aplikasi keren mudah guna,positive
ok baik,5,baik,positive
SERING MINTA UPDATE,3,sering minta update,neutral
bagus,4,bagus,positive
aplikasi keren dan sangat membantu dalam perjalanan dan simpel dalam penggunaan.,5,aplikasi keren sangat bantu jalan simpel guna,positive
"pas mau diupdate kok malah prangkatnya tidak kompatibel, sayang sekali padahal dulu bisa pakai semua perangkat sekarang tidak bisa lagi",1,pas mau diupdate kok malah prangkatnya kompatibel sayang sekali padahal dulu pakai semua perangkat sekarang bisa,negative
tolong perbaiki aplikasinya gampang nge bug saat pemesanan tiket,3,baik aplikasi gampang nge bug mesan tiket,neutral
Baik,5,baik,positive
"Kami berdua awal bulan Juli 2024 naik kereta api dari Jkt ke Semarang , dalam perjalanan suami merasa nggak enak badan , badan panas , menggigil , waktu itu juga team kesehatan gerak cepat diambilkan tambahan selimut , sampai di stasiun cirebon ada team Dr yg ngecek dan langsung dapat obat sehingga Puji Tuhan sampai di Semarang sudah sehat kembali , terima kasih atas perhatiannya 🙏",5,dua awal bulan juli naik kereta api jkt semarang jalan suami rasa enak badan badan panas gigil waktu juga team sehat gerak cepat ambil tambah selimut di stasiun cirebon team dr yg ngecek langsung obat puji tuhan di semarang sehat terima kasih atas perhati,positive
pelayanan nya bagus,5,layan nya bagus,positive
"selama menggunakan apk ini baguss banyak promo, namun tdi siang saat saya mau buka apk nya, tidak bisa selalu keluar dan ada notifikasi jika apk berbahaya dan harus dinonaktifkan lalu saya nonaktifkan, setelah itu masih tidak bisa di buka lalu saya cb uninstal niatnya biar saya instal lagi kalu aja bisa, tapi ternyata tampilannya tidak dapat di instal, kira kira kenapa ya KAI?? 😔",4,lama guna apk baguss banyak promo tdi siang mau buka apk nya selalu keluar ada notifikasi apk bahaya harus nonaktif lalu nonaktif itu buka lalu cb uninstal niat biar saya instal kalu aja bisa tapi nyata tampil tidak dapat di instal kira kira ya kai,positive
sangt membantu buat sya yg sering ke luar kota,5,sangt bantu buat sya yg sering luar kota,positive
"aplikasi ga jelas, disuruh jd member basic biar bisa pesan tiket di aplikasi. sudah isi data, verifikasi otp ke email jg sudah berhasil, balik ke profil lagi malah ga berubah, malah disuruh jdi member basic lagi dan gagal terus",1,aplikasi ga jelas suruh jd member basic biar pesan tiket aplikasi isi data verifikasi otp email jg hasil balik profil malah ga ubah malah suruh jdi member basic dan gagal terus,negative
"susah buat masuk ,pdhal dh didownload dn akunnya dh bener,,tp knpa yh,,agk ribet buat orng awam sprti sya,dh keluar masuk ttp GK bisa ,pdhal mau psen",2,susah buat masuk pdhal dh didownload dn akun dh benertp knpa yhagk ribet buat orng awam sprti syadh keluar masuk ttp gk pdhal mau psen,negative
sangat membantu perjalanan. namun.! saat saya melakukan refond tiket kereta sangatlah lama untuk di lakukan pencairan. di koreksi lagi agar lebih bagus lagi kualitas layanan online nya.,5,sangat bantu jalan saat laku refond tiket kereta sangat lama laku cair di koreksi agar lebih bagus kualitas layan online nya,positive
sangat membantu,5,sangat bantu,positive
"pelayan semakin mudah, bagus dan memuaskan",5,layan makin mudah bagus muas,positive
Mantap,5,mantap,positive
mantap,5,mantap,positive
"sangat bagus, mempermudah transaksi",5,sangat bagus mudah transaksi,positive
ribet....gak flexsibel..pendaftaran penumoang anak2 kalo mendadak ribet..,1,ribetgak flexsibelpendaftaran penumoang anak kalo dadak ribet,negative
"KAI mantap, dngn Apk ini jadi memudahkan trànsaksi",5,kai mantap dngn apk jadi mudah tr nsaksi,positive
semakin melayani,5,makin layan,positive
"Setiap mau upgrade ke member BASIC,kendalanya selalu stuck saat setelah memasukan kode verif dari gmail. mohon update Bug tersebut... karena gk bisa upgrade ke member BASIC...",1,mau upgrade member basickendalanya selalu stuck telah pasu kode verif gmail mohon update bug sebut gk upgrade member basic,negative
aplikasi nya sangat membantu untuk memudahkan pelanggan dalam menempuh perjalanan jauh... terimakasih KAI,5,aplikasi nya sangat bantu mudah langgan tempuh jalan jauh terimakasih kai,positive
Mantap,5,mantap,positive
rekomendet sangat,5,rekomendet sangat,positive
ok,5,,positive
👍🏽,5,,positive
oke,5,oke,positive
"waktu perjalanan kebanyakan berhenti jadi sampenya telat,",3,waktu jalan banyak henti jadi sampenya telat,neutral
😭🐢🐢🐢🐢😭,4,,positive
banyakin promo yaa,5,banyakin promo yaa,positive
"sngt manfaat karena lebih ekonomis untuk biaya perjalanan, kereta nya bersih dan nyaman",5,sngt manfaat lebih ekonomis biaya jalan kereta nya bersih nyaman,positive
baik,5,baik,positive
mantap,5,mantap,positive
sangat membantu banget. jadi mempermudah dalam pembelian tiket. tapi kenapa sering beberapa kali tidak bisa di akses?,4,sangat bantu banget jadi mudah beli tiket kenapa sering beberapa kali bisa akses,positive
bagus,5,bagus,positive
"aneh banget nih aplikasi, kemarin bisa dibuka sekarang pembaharuan malah enggak bisa dibuka, bukannya makin Bagus malah makin jelek aja, padahal saya butuh banget Tiket KA dlm waktu dekat, tolong diganti Karyawan bagian IT, lulusan mana sih itu",1,aneh banget nih aplikasi kemarin buka sekarang baharu malah enggak buka bukan makin bagus malah makin jelek aja padahal butuh banget tiket ka dlm waktu dekat ganti karyawan bagi it lulus mana sih,negative
mantab,5,mantab,positive
Mantap 👍,5,mantap,positive
tidak bisa pakek apk aneh,1,bisa pakek apk aneh,negative
gercep,5,gercep,positive
ok,5,,positive
tidak bisa memesan tiket.. kocak,1,bisa mes tiket kocak,negative
"Aku sudah bayar pembelian tiket melalui qris, waktu masuk lagi ke aplikasi kai access malah dianggap belom bayar, dan masih ada di kolom menunggu, padahal sudah jelas di akun bca ku udah terbayar lunas sesuai harga tiket,dan sekarang uang aku udah hangus karena tiketnya belom muncul sampe sekarang, TOLONG SOLUSINYA!",5,aku bayar beli tiket lalu qris waktu masuk ke aplikasi kai access malah anggap bom bayar masih kolom tunggu padahal jelas di akun bca ku udah bayar lunas sesuai harga tiketdan sekarang uang aku udah hangus tiket bom muncul sampe sekarang solusi,positive
apk taik gak bisa lihat keberangkatan di sekitar padang,1,apk taik gak lihat berangkat sekitar padang,negative
the best,5,the best,positive
ok,5,,positive
bagus,5,bagus,positive
👍👍,5,,positive
pelayanan sangat cepat dan baik,5,layan sangat cepat baik,positive
potongan admin untuk top up nya terlalu gede,5,potong admin top up nya terlalu gede,positive
"overall bagusan app yg sebelum update, yg setelah update banyak kendala.. tiket 30 menit sebelum jadwal keberangkatan suka gak ada, plus mau liat kereta yg udah soldout tiketnya juga kadang error (kaga bisa dilihat😌)",1,overall bagus app yg update yg update banyak kendala tiket menit jadwal berangkat suka gak plus mau liat kereta yg udah soldout tiket kadang error kaga lihat,negative
tooop,5,tooop,positive
kok ngga kompatibel padahal android 12,1,kok ngga kompatibel padahal android,negative
aplikasi tidak bisa buat pembatalan disaat genting.,3,aplikasi bisa buat batal saat genting,neutral
baik,4,baik,positive
Banyak bgt bugnya min... Tolong diperbaiki lagi verifikasi OTP loading terus,1,banyak bgt bugnya min baik verifikasi otp loading terus,negative
👍👍👍,5,,positive
nyaman dan cepat,5,nyaman cepat,positive
aneh sekali.padahal belum pernah masuk apk ini begitu coba mendaftar jadi member malah ngak bisa karena id ada yang pakai ....kok bisa ya id ada yang pakai padahal belum sama sekali masuk apk ini,1,aneh sekalipadahal pernah masuk apk begitu coba daftar jadi member malah ngak karena id yang pakai kok ya id yang pakai padahal sama sekali masuk apk,negative
bagus keren pertahankan,5,bagus keren tahan,positive
"keren,sangat mudah",5,kerensangat mudah,positive
ok,5,,positive
aku nggak bisa dowload apk ini gimna donggg,5,aku bisa dowload apk gimna donggg,positive
bagus,5,bagus,positive
"ini gimana gw udh mau dftr ke basic udh isi data trs krim kode otp ke email mlh gagal terus kocakk ,eror apa ada buggg pdhl udh coba apus aplikasi nya lgi trs coba lgi sama aja",1,gimana gw udh mau dftr basic udh isi data trs krim kode otp email mlh gagal terus kocakk eror apa buggg pdhl udh coba apus aplikasi nya lgi trs coba lgi sama aja,negative
kebanyakan update aplikasi,3,banyak update aplikasi,neutral
"sebener bagus, dan harga jg bagus, namun apk nya tdk bagus sering lag dan hilang koneksi, sekelas KAI aplikasi nya kalah sama game online yg jarang sekali lag,",2,sebener bagus harga jg bagus apk nya tdk bagus sering lag hilang koneksi kelas kai aplikasi nya kalah sama game online yg jarang sekali lag,negative
"kenapa proses pembatalan tiket tidak tersedia dimenu tiket saya, setelah up date.",3,proses batal tiket sedia menu tiket telah up date,neutral
"tolong dong pihak KAI, Untuk tiket lebaran di buka transparan via aplikasi KAI ACCES, jangan main lempar ke pihak agen travel, masa di aplikasi kai belum di buka tapi di pihak agen travel udah bisa di beli, semoga pihak kai menindak para tim kai yang nakal 👎👎👎👎",1,dong pihak kai tiket lebaran buka transparan via aplikasi kai acces jangan main lempar pihak agen travel masa aplikasi kai di buka di pihak agen travel udah di beli moga pihak kai tindak tim kai nakal,negative
keren,5,keren,positive
top,5,top,positive
cepat n mudah,5,cepat n mudah,positive
memudahkan,5,mudah,positive
pelayanan ramah,5,layan ramah,positive
"saya pengguna kai by access sudah bertahun-tahun, kenapa ketika ada update harus update dulu baru bisa dibuka tetapi setelah sudah update ketika buka apk selalu nutup sendiri, saya ulang2 buka lagi selalu nutup sendiri, sudah saya uninstal dan download ulang tapi tetap saja ketika dibuka selalu langsung menutup sendiri, terus kita sebagai pengguna harus bagaimana?saran saya LEBIH BAIK TIDAK USAH ADA UPDATE DARIPADA MALAH MENYUSAHKAN PENGGUNA terus mau minta rating berapa untuk kasus seperti ini?",1,guna kai by access bertahuntahun update update dulu baru buka telah update ketika buka apk selalu nutup sendiri ulang buka selalu nutup sendiri uninstal download ulang tetap ketika buka selalu langsung tutup sendiri terus bagai guna bagaimanasaran saya lebih baik usah update malah susah guna terus mau minta rating berapa kasus ini,negative
sagat membantu,1,sagat bantu,negative
bagus,4,bagus,positive
bagus,5,bagus,positive
mau update kok ga bisa yaaaa ??,1,mau update kok ga yaaaa,negative
"potongan pembatalan terlalu mahal,masa sampe 25% gilaaa2",2,potong batal terlalu mahalmasa sampe gilaaa,negative
sangat bermanfaat dan simpel,5,sangat manfaat simpel,positive
"sesi terlalu cepat,, pesanan belum selesai sesi sudah habis",3,sesi terlalu cepat pesan selesai sesi habis,neutral
bagus,5,bagus,positive
mempermudah pesen tiket KAI,5,mudah sen tiket kai,positive
mantap,5,mantap,positive
mantap,5,mantap,positive
aplikasi yg sangat membantu kemudahan membeli tiket. mudah cepat dan praktis,5,aplikasi yg sangat bantu mudah beli tiket mudah cepat praktis,positive
"tolong dong di perbaiki lagi sistem nya,masa top up kartu di kai acess,saldo udh ke potong,tapi saldo GK ada masuk ke kartu nya,terpaksa nyampe stasiun ngisi lagi",1,dong baik sistem nyamasa top up kartu kai acesssaldo udh potongtapi saldo gk masuk kartu nyaterpaksa nyampe stasiun ngisi,negative
murah meriah bisa ngajak tetangga 1RT,5,murah riah ngajak tetangga rt,positive
aplikasi terlalu kemot,3,aplikasi terlalu kemot,neutral
baik,5,baik,positive
sangat membutuhkan,4,sangat butuh,positive
Applikasi yang sangat baik utk rencana perjalanan dgn kereta api. ❤️❤️,5,applikasi sangat baik utk rencana jalan dgn kereta api,positive
"mohon di bantu pada waktu memasukan kode otp, member basic loading terus tidak sukses,🙏. trimakasih",2,mohon bantu waktu pasu kode otp member basic loading terus sukses trimakasih,negative
otp nya susah sekali buat jadi member basic acsess😾👎,1,otp nya susah sekali buat jadi member basic acsess,negative
aplikasi ga jelas UI membingungkan,1,aplikasi ga jelas ui bingung,negative
bagimana cr untuk aplikasi ini bisa berfungsi kembali krena mau donlod dlm hp gk bisa perqngkt hpnya,4,bagimana cr aplikasi fungsi krena mau donlod dlm hp gk bisa perqngkt hpnya,positive
sangat membantu...,5,sangat bantu,positive
"aplikasinya belakangan ini sering error ya, masa udah beli tiket gabisa ceta e-boarding pass.. selain itu di aplikasi tiket tersedia, pas input gagal terus",1,aplikasi belakang sering error masa udah beli tiket gabisa ceta eboarding pass itu aplikasi tiket sedia pas input gagal terus,negative
👍,4,,positive
aplikasi suka eror kalau lagi musim liburan dan tidak ada beli tiket di stasiun langsung kecuali untuk go show. semua lewat aplikasi tapi aplikasi susah untuk akses.,4,aplikasi suka eror kalau musim libur tidak beli tiket stasiun langsung go show semua lewat aplikasi aplikasi susah untuk akses,positive
harus ganti HP terbaru untuk mengunduh aplikasi ini,4,ganti hp baru unduh aplikasi,positive
Aplikasi setelah di update malah tidak dapat pilih kursi penumpang. Mohon segera diperbaiki.,5,aplikasi di update malah dapat pilih kursi tumpang mohon segera baik,positive
Good aplication service,5,good aplication service,positive
"Bagus aplikasi nya bisa telpon tanpa pulsa langsung, dan membantu saya dihubungkan dengan kondekturnya yang ramah dan bisa berbicara dengan anak saya.",5,bagus aplikasi nya telpon pulsa langsung bantu hubung kondektur ramah bisa bicara anak,positive
payah kali buat daftar nya. asik ngulang ngulang aja. macam ngutang awak mau naek kreta api,1,payah kali buat daftar nya asik ngulang ngulang aja macam ngutang awak mau naek kreta api,negative
buset jelek banget pelayanan nya isi saldo ke potong iya ke kmt ga masuk dontol dontol. chat cs nunggu nya harus se abad,1,buset jelek banget layan nya isi saldo potong iya kmt ga masuk dontol dontol chat cs nunggu nya se abad,negative
"sumpahhh aplikasi ini bikin gampang buat pesen tiket, ga kayak dulu yang harus antre di stasiun buat beli tiket, sekarang bisa lewat rumah, pokoknya buat mudahh, kalian harus download sihh",5,sumpahhh aplikasi bikin gampang buat sen tiket ga kayak dulu antre stasiun buat beli tiket sekarang lewat rumah pokok buat mudahh kalian harus download sihh,positive
good,5,good,positive
good,5,good,positive
semoga lebih baik lagi pelayanannya,5,moga lebih baik layan,positive
"perbaiki pelayanan pengaduan dan sistem pemesanan tiket yang makin lama sering eror, mesen tiket yang masih banyak kursi nya tapi sistem nyuruh nunggu dan gabisa bisa, perbaiki segera.",2,baik layan adu sistem mesan tiket makin lama sering eror mesen tiket masih banyak kursi nya sistem nyuruh nunggu gabisa baik segera,negative
Aplikasi Ini Bagus Banget !,5,aplikasi bagus banget,positive
oke sip 👍,5,oke sip,positive
aplikasinya ga bisa dipakai di hp jadul. padahal bertahun2 pakai ini. kalau bisa diturunkan spec nya biar pemakaian lebih luas. kan bisa beli tiket murah juga.,5,aplikasi ga pakai hp jadul padahal tahun pakai kalau turun spec nya biar pakai lebih luas kan beli tiket murah,positive
"aplikasi tidak bisa dibuka, kenapa ?",4,aplikasi bisa buka,positive
bagus,5,bagus,positive
keren fitur rail point bisa baik kreta gratis,5,keren fitur rail point baik kreta gratis,positive
Pembatalan nya Ribet mau batalin aja susah bener Lewat Offline juga ribet birokrasi nya sangat ribet,1,batal nya ribet mau batalin aja susah bener lewat offline ribet birokrasi nya sangat ribet,negative
bagus,5,bagus,positive
"luar biasa.. tidak bertele"""".. langsung",5,luar biasa tele langsung,positive
apk ga ga jelas masa kode otp udah ada tapi mau di kirm ga bisa masuk loding padahal sinyal bagus apk ga jelass tolong perbaiki,1,apk ga ga jelas masa kode otp udah tapi mau kirm ga masuk loding padahal sinyal bagus apk ga jelass baik,negative
"bagus keretanya nyaman generasi terbaru. 😍🥰😘 salah satu pilihanku selalu kereta jaka Tingkir. aman, nyaman, buat bepergian sendiri atau bareng kelurahan.",5,bagus kereta nyaman generasi baru salah satu pilih selalu kereta jaka tingkir aman nyaman buat pergi sendiri bareng lurah,positive
"Susah upgrade ke member basic, chat respon whatsapp lama",1,susah upgrade member basic chat respon whatsapp lama,negative
beli tiket lewat access by KAI lebih mudah,5,beli tiket lewat access by kai lebih mudah,positive
mantaf,5,mantaf,positive
Kenapa gak bisa melakukan transaksi pembayaran menggunakan qris,5,gak laku transaksi bayar guna qris,positive
"kenapa sekarang 3 Jan 2026 ngga bisa dibuka padahal hari kemarin 2 Jan 2026 masih bisa buat pesan tiket, data yg masuk ke email hanya kereta antar kota, sedangkan sy pesan juga yg kereta lokal, tp ngga masuk ke email, bagaimana sy bisa mengaksesnya lagi....😥",2,sekarang jan ngga buka padahal hari kemarin jan buat pesan tiket data yg masuk email kereta antar kota sy pesan yg kereta lokal tp ngga masuk email bagaimana sy bisa akses lagi,negative
apk buruk sekali eror eror eror terus,1,apk buruk sekali eror eror eror terus,negative
baguss,5,baguss,positive
bagus banget,5,bagus banget,positive
bagis,5,bagis,positive
"tolong ini knp aktivasi kai pay nya lama bangett loading nya, udah di coba 2 kali sampai di uinstall trus ganti jaringan tpi tetap aja loading lama banget, tolong ini kenapa yak",1,ini knp aktivasi kai pay nya lama bangett loading nya udah coba kali di uinstall trus ganti jaring tpi tetap aja loading lama banget ini yak,negative
ok,5,,positive
bagus,5,bagus,positive
"saran saja, untuk kedepannya tolong adakan fitur download tiket. pengalaman sudah mau tunjukan tiket tapi tampilan aplikasi malah putih, dan juga nggak semua orang punya jaringan internet yang bagus",3,saran untuk depan adakan fitur download tiket alam mau tunjuk tiket tampil aplikasi malah putih juga semua orang punya jaring internet bagus,neutral
"aplikasi KAI Acces tidak bisa di update di hape Samsung Galaxi A02s, kenapa bisa gitu?",1,aplikasi kai acces bisa update hape samsung galaxi as bisa gitu,negative
bagus,5,bagus,positive
refund aja Ribet,1,refund aja ribet,negative
TOLONG DONG ITU FITUR REFUND TIKET BISA LEWAT E WALLET LAGI. MALAH DI HAPUS KOCAK. GAJELAS KAI MALAH DI ILANGIN!!,1,dong fitur refund tiket lewat e wallet malah hapus kocak gajelas kai malah ilangin,negative
kenapa update terbaru tidak bisa diperangkat sm a02s,4,update baru bisa perangkat sm as,positive
keren dn mudah,5,keren dn mudah,positive
"aplikasi nya sangat berguna, dan memudahkan para pemakainya👍",5,aplikasi nya sangat guna mudah maka,positive
senang jalan jalan bawa keluarga naik kereta,5,senang jalan jalan bawa keluarga naik kereta,positive
mempermudah,5,mudah,positive
Sangat mudah pesan tiket KAI,5,sangat mudah pesan tiket kai,positive
bagus,5,bagus,positive
tidak jelas,1,jelas,negative
good,5,good,positive
sangat menyenangkan,4,sangat senang,positive
"Jujur kenapa yah aplikasinya udah ga bisa di instal di android 5,6,7 lah kalo hp masih di bawah os 8 harus gimana coba pesan tiket nya kalo ga bisa instal apk nya yg terbaru",1,jujur yah aplikasi udah ga instal di android lah kalo hp di bawah os gimana coba pesan tiket nya kalo ga instal apk nya yg baru,negative
mantap,5,mantap,positive
a good 👍🏻,5,a good,positive
good,5,good,positive
kenapa sh harus kode otp nya di akun google knpa ga di nmr hp aja sh biar enak ga bulak balik liat ini liat itu dulu bikin pusing aja,1,sh kode otp nya akun google knpa ga nmr hp aja sh biar enak ga bulak balik liat liat dulu bikin pusing aja,negative
ok,5,,positive
ini knp ga bisa di update,1,knp ga di update,negative
mantap,5,mantap,positive
Kenapa makin lama makin susah buap pemesanan padahal dulu mudah.jangan di persulit lah untuk pemesananya,5,makin lama makin susah buap mesan padahal dulu mudahjangan sulit lah sana,positive
mau update..malah aplikasiny udh g kompatibel d hp..,1,mau updatemalah aplikasiny udh g kompatibel d hp,negative
oke mantab,5,oke mantab,positive
"cuma ada 1 minus. sehari cuma dibatesi 6 booking. kalo dibatesi 6 booking yg sukses & terbayar okelah masuk akal. booking cuma sebatas lihat kursi yg kosong aja udah dihitung 1x booking. kalo udah 6x lihat kursi kosong gabisa booking lagi. tidak semua yg pesan tiket itu langsung oke, bagi kaum mendang-mending itu banyak pertimbangannya, jadi sering coba2 booking buat dibandingin antara harga, jam, & posisi kursi yg didapat",1,cuma minus hari cuma dibatesi booking kalo dibatesi booking yg sukses bayar oke masuk akal booking cuma batas lihat kursi yg kosong aja udah hitung x booking kalo udah x lihat kursi kosong gabisa booking tidak semua yg pesan tiket langsung oke kaum mendangmending banyak timbang jadi sering coba booking buat dibandingin harga jam posisi kursi yg dapat,negative
sangat membantu dalam mencari tiket perjalanan,5,sangat bantu cari tiket jalan,positive
acces kai memudahkan,5,acces kai mudah,positive
agak susah top up dari atm,4,susah top up atm,positive
Akun Access by KAI aplikasi yang sangat efisien untuk mencari sarana Transportasi kereta api. sangat rekomendet untuk di jadikan sarana Transportasi favorit masyarakat Indonesia,5,akun access by kai aplikasi sangat efisien cari sarana transportasi kereta api sangat rekomendet di jadi sarana transportasi favorit masyarakat indonesia,positive
"Server jelek, nyari jadwal kereta udah kek nunggu bansos. lebih cepat akses jadwal tiket pake aplikasi ke-3.",3,server jelek nyari jadwal kereta udah kek nunggu bansos lebih cepat akses jadwal tiket pake aplikasi,neutral
"Aplikasi yang sangat membantu untuk memesan tiket kereta api jarak jauh. Selain beli tiket, kita juga bisa pesan makanan saat di kereta dan diantarkan langsung ke kursi kita. Ada juga realtime tracking perjalanan, jadi kita tau kita sedang ada di stasiun mana. Selalu improve KAI 🔥",5,aplikasi sangat bantu mes tiket kereta api jarak jauh beli tiket pesan makan di kereta antar langsung kursi juga realtime tracking jalan jadi tau sedang ada di stasiun mana selalu improve kai,positive
bagus,5,bagus,positive
mantap KAI,5,mantap kai,positive
min tolong tambahin metode pembayaran melalui dana dong kami yg tidak mempunyai aplikasi ovo dan shopeepay agak sulit untuk membayar pesanan tiket,4,min tambahin metode bayar lalu dana dong yg punya aplikasi ovo shopeepay sulit bayar pesan tiket,positive
mayan,5,mayan,positive
tidak banyak membantu,1,banyak bantu,negative
bener2 tup up admin nya sampe 2900 gila mahal amat,1,bener tup up admin nya sampe gila mahal,negative
ok,5,,positive
"pembayaran tidak beragam, kebanyakan update tapi tidak mau kerjasama dengan dompet digital lain",3,bayar agam banyak update tidak mau kerjasama dompet digital,neutral
nice,5,nice,positive
Memudahkan untuk melihat jadwal pemberangkatan dan sisa kursi yg tersedia,5,mudah lihat jadwal berangkat sisa kursi yg sedia,positive
kenapa pilihan kolom untuk bayi tidak tersedia ya min? padahal kami ada bayi yg mau ikut juga 😌,3,pilih kolom bayi sedia min padahal ada bayi yg mau ikut,neutral
"Sebaiknya Sistem di perbaiki! KALO MISALKAN SUDAH PESAN TIKET TERUS penumpang TERLAMBAT SEHARUSNYA TIKET JANGAN HANGUS! TAPI ADA SISTEM PENGEMBALIAN DANA, KALO SEPERTI ITU SEPERTI SISTEM KERETA API INDONESIA BURUK! atau tidak Anda mengambil keuntungan dari yang terlambat(Oknum Korup)",1,baik sistem baik kalo misal pesan tiket terus tumpang lambat tiket jangan hangus ada sistem kembali dana kalo itu sistem kereta api indonesia buruk tidak ambil untung yang terlambatoknum korup,negative
"udah bagus sihh, tapi terlalu sering buat update aplikasinya :)",5,udah bagus sihh terlalu sering buat update aplikasi,positive
sangat membantu untuk pesan tiket kereta,4,sangat bantu pesan tiket kereta,positive
oke,5,oke,positive
tertolong aplikasi ini sangat membantu,5,tolong aplikasi sangat bantu,positive
tolol error mulu,1,tolol error mulu,negative
bagus,5,bagus,positive
kebiasaan bener abis upadate pasti data penumpang ilang. mana maksimal pesen 4. hamdeeeehh pake pc bisa pesen 5 tapi list penumpang gak muncul. ayolah min. sedih bener disuruh nanggung utang woosh jadi kusut gini,2,biasa bener abis upadate data tumpang ilang mana maksimal sen hamdeeeehh pake pc sen list tumpang gak muncul ayo min sedih bener suruh nanggung utang woosh jadi kusut gin,negative
sangat membantu dan mudah,5,sangat bantu mudah,positive
"mantap, tapi harusnya untuk pembatalan tiket penumpang selain pemilik akun, harusnya bisa dibuat",5,mantap harus batal tiket tumpang milik akun harus buat,positive
"aplikasinya hanya untuk hp terbaru, yang lama2 harap pakai gerobag aja ya gaess😇😇",2,aplikasi untuk hp baru lama harap pakai gerobag aja gaess,negative
mohon infonya aplikasi gak bisa di buka dan di dowload kembali aplikasi tidak di dukung di hp sya knp ya?,5,mohon info aplikasi gak buka di dowload aplikasi di dukung di hp sya knp,positive
sangat baik,5,sangat baik,positive
"kebanyakan kadaluarsa kadaluarsa!!!! keluar sendiri, aplikasi nya bikin kesel",1,banyak kadaluarsa kadaluarsa keluar sendiri aplikasi nya bikin kesel,negative
"apps ini notif di hp ku tdk kompatibel ,padahal hp ku android 12 yg dibutukan android 8 ke atas😵‍💫",3,apps notif hp ku tdk kompatibel padahal hp ku android yg dibutukan android atas,neutral
"aplikasi apaan lemot nya minta ampun, cetak eboarding gak kebuka muluu",1,aplikasi apa lot nya minta ampun cetak eboarding gak buka muluu,negative
"aplikasi nya lama² ga jelas, subuh² mau pesen tiket malah loading nya lama banget, ujung² nya malah ga kebagian tiket lagi. udah gtu uang yg di bayar karna gagal pemesanan tiket tpi uang sudah masuk, ga ada inisiatif refund otomatis, di cuekin aja sampe sekarang, lapor ke loket suruh nunggu nanti ada refund otomatis, di tunggu sampe sekarang, ga ada info pengembalian dana dari KAI Acces",1,aplikasi nya lama ga jelas subuh mau sen tiket malah loading nya lama banget ujung nya malah ga bagi tiket udah gtu uang yg bayar karna gagal mesan tiket tpi uang masuk ga inisiatif refund otomatis cuekin aja sampe sekarang lapor loket suruh nunggu refund otomatis tunggu sampe sekarang ga ada info kembali dana kai acces,negative
eror kenapa yah,1,eror yah,negative
failed request data mulu,1,failed request data mulu,negative
tidak bisa login akun,1,bisa login akun,negative
mau beli tiket ga bisa di acses,1,mau beli tiket ga di acses,negative
Aplikasi sedang pemeliharaan tapi di sistem stasiun gaada datanya masa? alhasil tiket hangus dan beli tiket lagi,1,aplikasi sedang pelihara di sistem stasiun gaada data masa alhasil tiket hangus beli tiket,negative
"pagi ini sy akan brkt kerja naik kereta pagi. koq bisa aplikasi dilakukan maintenance pagi2 begini, akhirnya sy tdk bs buka aplikasi dan tdk bs scan tiket. pdhl semua hal dilakukan melalui aplikasi. sy yg sudh byar akhirnya rugi !!!!! sangat mengecewakan KAI kali ini",1,pagi sy brkt kerja naik kereta pagi koq aplikasi laku maintenance pagi begini akhir sy tdk bs buka aplikasi tdk bs scan tiket pdhl semua laku lalu aplikasi sy yg sudh byar akhir rugi sangat kecewa kai kali,negative
aplikasi di perbaharui malah ngebut ngga bisa liat tiket. di uninstall malah ngga bisa masuk akun kai access gimana ini?! bentar lagi mana mau berangkat,2,aplikasi baharu malah ngebut ngga liat tiket uninstall malah ngga masuk akun kai access gimana bentar mana mau berangkat,negative
apk nya akses nya sudah cukup puas cuma yg jdi ribetnya klo mu msuk suka susah,3,apk nya akses nya cukup puas cuma yg jdi ribetnya klo mu msuk suka susah,neutral
setelah diupdate ga bisa masuk akun,1,diupdate ga masuk akun,negative
"Lama banget sih, topupnya. Udh 15 menit tidak masuk "" . Woy perbaiki ini kendala kenapa hari ini tiba tiba error aplikasinya woy",2,lama banget sih topupnya udh menit masuk woy baik kendala hari tiba tiba error aplikasi woy,negative
naik kreta sangat membantu perjalanan dan menyenangkan hidup KAI,5,naik kreta sangat bantu jalan senang hidup kai,positive
banyak bugnya,1,banyak bugnya,negative
"aplikasi bikin gua ke tinggalan kereta, pihak stasiun juga tai, GK boleh masuk, ngebug doang aplikasi nya, bikin benci naik kereta lagi,",1,aplikasi bikin gua tinggal kereta pihak stasiun tai gk masuk ngebug doang aplikasi nya bikin benci naik kereta,negative
okehhh,5,okehhh,positive
pelayanan ok keretanya bersih nyaman ada bagian penyimpanan dibelakang kursi yang hilang entah sudah rusak atau sengaja dirusak sama penumpang yang gak bertanggung jawab mohon diawasi sama cctv,5,layan kereta bersih nyaman bagi simpan belakang kursi hilang entah rusak sengaja rusak sama tumpang gak tanggung jawab mohon awas sama cctv,positive
baik,3,baik,neutral
"padahal hp saya android 11, tapi keterangannya perangkat tidak kompatibel. sedangkan di deskripsi minimal android 8",3,padahal hp android terang perangkat kompatibel di deskripsi minimal android,neutral
tolong di perbarui lagi ya kai,1,di baru ya kai,negative
"aplikasi ga guna, mau aktifin akses bayar aja susah lol",1,aplikasi ga mau aktifin akses bayar aja susah lol,negative
mantep,4,mantep,positive
mantap,5,mantap,positive
lebih mudah,5,lebih mudah,positive
"pas mau aktifin member basic gabisa krna email salah katanya padahal udah bener mana email nya kan otomatis dimasukin aplikasi gabisa di ubah atau di ketik sama kita. giliran chat cs malah disuruh nunggu, kita bersedia nunggu atau engga dibales iya malah terus kirim pesan otomatis sampe satu jam lebih",1,pas mau aktifin member basic gabisa krna email salah kata padahal udah bener mana email nya kan otomatis dimasukin aplikasi gabisa ubah di ketik sama gilir chat cs malah suruh nunggu sedia nunggu engga dibales iya malah terus kirim pesan otomatis sampe satu jam lebih,negative
baik,5,baik,positive
lumayan perlu ditingkatkan lagi,4,lumayan perlu tingkat,positive
sangat bagus dan mudah untuk memesan tiket dan melihat jadwal kereta,5,sangat bagus mudah mes tiket lihat jadwal kereta,positive
hoiii lai kenapa seh susah banget boking tiket,4,hoiii lai seh susah banget boking tiket,positive
"Setelah minta update, Kok tiba-tiba aplikasinya jadi gak kompetibel sama hp saya? tolong perbaiki...",2,minta update kok tibatiba aplikasi jadi gak kompetibel sama hp tolong baik,negative
sangat terpercaya cepat dan baik dalam semua hal penanganan,5,sangat percaya cepat baik semua tangan,positive
sangat mempermudah,5,sangat mudah,positive
"Semoga di awal tahun 2026 ini, aplikasi lebih efektif. Akses yg lebih privasi/sidik jari dan kuota pembaruan yg ringan. (satu ⭐ menunggu)",4,moga awal tahun aplikasi lebih efektif akses yg lebih privasisidik jari kuota baru yg ringan satu tunggu,positive
oke banget,5,oke banget,positive
mantap sangat membantu dalam perjalan,5,mantap sangat bantu jalan,positive
"Good, sangat membantu & bermanfaat",5,good sangat bantu manfaat,positive
membantu memudahkan,5,bantu mudah,positive
sangat membantu tapi sering ada kendala,4,sangat bantu sering kendala,positive
mantap,5,mantap,positive
pelayanannya bagus,5,layan bagus,positive
mantap,5,mantap,positive
YANG BIKIN KESAL KERETA KE PARIAMAN-PADANG-PARIAMAN.. klw menurut saya klw tiket berdiri jangan d jual lah.. kadang orang2 gak tau..ahh,2,bikin kesal kereta pariamanpadangpariaman klw saya klw tiket diri jangan d jual lah kadang orang gak tauahh,negative
bagus,5,bagus,positive
ok,5,,positive
lumayan lah...,4,lumayan lah,positive
nyaman dan aman perjalanan saya dengan KAI kemanapun dimanapun terpercaya.,5,nyaman aman jalan dengan kai mana mana percaya,positive
"menyimpan saldo, malah jadi berkurang. top-up 10K sampai di apk jadi 8k. apk tidak bisa trf ke rek.bank atau ke ol. shop.",1,simpan saldo malah jadi kurang topup k di apk jadi k apk bisa trf rekbank ke ol shop,negative
baik,5,baik,positive
ok,5,,positive
app suruh update terooozzz Gak ada perubahan sama sekali,2,app suruh update terooozzz gak ubah sama sekali,negative
puas dgn KAI..👍👍👍,5,puas dgn kai,positive
tertibkan lagi para penumpang KRL Palur - Yogyakarta.. saya bawa istri dan anak 2 masih kecil tidak mendapat tempat duduk dan yang muda2 dibiarkan dapat tempat duduk oleh security nya.. serta ada lansia berdiri dibiarkan saja tidak dicarikan tempat duduk oleh securitynya.. security ada tapi hanya melihat dan diam.. harusnya lebih tegas agar generasi2 yg muda yg masih kuat SADAR akan kepedulian dan membangun MORAL yg lebih baik..,1,tertib para tumpang krl palur yogyakarta bawa istri anak kecil dapat tempat duduk yang muda biar tempat duduk security nya lansia diri biar tidak cari tempat duduk securitynya security ada tapi lihat diam harus lebih tegas generasi yg muda yg kuat sadar peduli bangun moral yg lebih baik,negative
"kecewa bgttt, mau daftar member basic tapi pas udah selesai tiba2 logout dan pas login lagi belum jadi kedaftar member basic, udh coba ngehubungin tapi ribet bgtt gada respon yg baik samsek",1,kecewa bgttt mau daftar member basic pas udah selesai tiba logout pas login belum jadi daftar member basic udh coba ngehubungin ribet bgtt gada respon yg baik samsek,negative
"Setelah diupdate malah gak bisa buat pesan tiket, mohon ditingkatkan yang lebih baik lagi. Terimakasih",1,diupdate malah gak buat pesan tiket mohon tingkat lebih baik terimakasih,negative
a nice,5,a nice,positive
UPDATE UPDATE UPDATE TEROSSSS SMPE MAMPOS!!!,1,update update update terossss smpe mampos,negative
Aplikasi mudah digunakan... terimakasih KAI,5,aplikasi mudah guna terimakasih kai,positive
ini kenapa ya tiba tiba kga bsa update atau download ulang kai acces ya.. mohon ksih petunjuk..,2,kenapa tiba tiba kga bsa update download ulang kai acces mohon ksih tunjuk,negative
semoga krl bisa sampe cikampek,5,moga krl sampe cikampek,positive
"Tolong di hapuskan tiket ""tanpa kursi"". Kalau sudah habis kursi ya sudah. tidak etis penumpang berdiri di dekat toilet dengan bayar harga tiket yg sama. Apalagi jika itu anak2 dan lansia. Hanya karena mau cari untung pihak KAI tidak mengkaji lebih dalam tentang kemanusiaan.",3,hapus tiket kursi kalau habis kursi sudah etis tumpang diri di dekat toilet bayar harga tiket yg sama jika anak lansia karena mau cari untung pihak kai kaji lebih tentang manusia,neutral
"Tolong di perbaiki lagi, aplikasi pemerintah tapi login aja susah..",3,di baik aplikasi perintah login aja susah,neutral
bagusdd,5,bagusdd,positive
semakin mudah dan cepat,5,makin mudah cepat,positive
Oke,5,oke,positive
dengan aplikasi access KAI sangat terbantu skali,5,aplikasi access kai sangat bantu skali,positive
"WAJIB DIPERBAIKI.! ketika membuka aplikasi diharuskan pakai sinyal seluler itu harus diubah bisa menggunakan sinyal WiFi, masa iya aplikasi pemerintah gak bisa dibuka pake jaringan wifi",2,wajib baik buka aplikasi harus pakai sinyal seluler harus ubah guna sinyal wifi masa iya aplikasi perintah gak buka pake jaring wifi,negative
bagus weh,5,bagus weh,positive
"lambat respont di ig gua udah chat, di wa juga nggak jelas balasnya, gue mau batalin tiket antar kota gue malah nggak bisa, tulisannya maaf proses pembatalan gagal dikarnakan tidak ada satu pun nama penumpang atas pemilik user, gue bingung deh padahal jelas² tiket nya ada masak iya harus pakai nama akunnya juga ngebatalin, kalau kita pesan tikat 2 gimana tu, fitur nya perbaiki lagi deh dan layanannya tonlong cepat respon, sekelas kai indonesia lo ko layananya lama bangettt.",3,lambat respont ig gua udah chat wa jelas balas gue mau batalin tiket antar kota gue malah nggak bisa tulis maaf proses batal gagal dikarnakan satu nama tumpang atas milik user gue bingung deh padahal jelas tiket nya ada masak iya pakai nama akun ngebatalin kalau pesan tikat gimana tu fitur nya baik deh layan tonlong cepat respon kelas kai indonesia lo ko layananya lama bangettt,neutral
oke,5,oke,positive
layanan konsumen u pembatalan tiket sangat responsip,5,layan konsumen u batal tiket sangat responsip,positive
sangat bagus,4,sangat bagus,positive
ok,5,,positive
ok,4,,positive
"bagus tapi udah tidak kompatibel lagi 😭😭😭, plis beri tau cara beli tiket kai lokal selain apk dimana",5,bagus udah kompatibel plis beri tau cara beli tiket kai lokal apk,positive
"kenapa gak bisa di upgrade aplikasinya?? alasannya tdk kompatibel, padahal hp saya termasuk android yg terbaru. tolong diperbaiki lg karena susah kalau mau pesen tiket kehabisan terus kalau offline!!",1,gak di upgrade aplikasi alas tdk kompatibel padahal hp masuk android yg baru baik lg susah kalau mau sen tiket habis terus kalau offline,negative
"sangat membantu,",5,sangat bantu,positive
tankyou KAI accces,5,tankyou kai accces,positive
Aplikasi ini sangat bagus dan penting karena kita bisa memesan tiket kereta api dengan gampang dan mudah,5,aplikasi sangat bagus penting kita mes tiket kereta api gampang mudah,positive
"mantap pokoknya , semoga kedepanya semakin inovatif",5,mantap pokok moga depa makin inovatif,positive
"beli tiket bisa atas nama orang, batalin tiket ga bisa, blm rekeningnya jg harus atas nama orang tsb. gw beliin tiket buat ortu yg lg di luar kota jd harus kirim tiket dulu ke akun sana. untung ada kerabat yg ga gaptek bantuin. ribet bgt",1,beli tiket atas nama orang batalin tiket ga blm rekening jg atas nama orang tsb gw beliin tiket buat ortu yg lg luar kota jd kirim tiket dulu akun sana untung kerabat yg ga gaptek bantuin ribet bgt,negative
kenapa di hp saya tiba tiba gak bisa di gunakan,2,di hp tiba tiba gak di guna,negative
masa dah 11x saya masuk kaga bisa terus eror trus,1,masa dah x masuk kaga terus eror trus,negative
ok,5,,positive
fiturnya utk beli tiket bagian utk kita sendiri utk beli susah di geser kadang tanggal utk pilih tanggal tdk bisa dipakai,2,fiturnya utk beli tiket bagi utk sendiri utk beli susah geser kadang tanggal utk pilih tanggal tdk pakai,negative
semoga kedepan ada perbedaan warna sesuai jenis kelamin saat pemilihan kursi. untuk meningkatkan kenyamanan,4,moga depan beda warna sesuai jenis kelamin pilih kursi tingkat nyaman,positive
kenapa di android 9 gak bisa dipakai lagi?,3,di android gak pakai,neutral
sangat membantu,5,sangat bantu,positive
Sedih sih sekarang gada nmr kursinya. penurunan kualitas,1,sedih sih sekarang gada nmr kursi turun kualitas,negative
Alhamdulillah,4,alhamdulillah,positive
mantap,5,mantap,positive
terimakasih access by KAI,5,terimakasih access by kai,positive
KAI T0 L0L. uda beli tiket online malah disuruh beli tiket di loket. Gajelas semua,1,kai t ll uda beli tiket online malah suruh beli tiket loket gajelas semua,negative
sangat ok,5,sangat,positive
Pelayanan yang bagus,5,layan bagus,positive
Bagus banget aplikasi ini (⁠≧⁠▽⁠≦⁠) 👍🏻✨✨,5,bagus banget aplikasi,positive
semakin okey,5,makin okey,positive
mantul,5,mantul,positive
"Saran yaa ,Klo ada semacam fitur pengingat ini bakal jadi best aplikasi sih. Dari pengalamanku krn telalu sibuk dan gk double check juga tiketnya hangus. Yg harusnya naik kereta dini hari dari tgl malahan dateng esok harinya baru aku ke stasiun, saat itu udah gk ada jadwal kereta lgi dr Yogyakarta karena pas momen libur panjang juga, dan baru ada lagi 3 hari kemudian. Iya memang ini kesalahan pribadi krn tidak teliti, tapi ada baiknya ditambah fitur pengingat 3-5 jam sblm keberangkatan #sankyu",4,saran yaa klo macam fitur ingat bakal jadi best aplikasi sih alam krn talu sibuk gk double check tiket hangus yg harus naik kereta dini hari tgl malah dateng esok hari baru aku stasiun itu udah gk jadwal kereta lgi dr yogyakarta pas momen libur panjang dan baru lagi hari kemudian iya memang salah pribadi krn teliti ada baik tambah fitur ingat jam sblm berangkat sankyu,positive
"Tolong bgt ya KAI mau mengaktifkan KAI pay gabisa-bisa padahal kodenya sudah bener, loadingnya lama bgt mau pesen kereta kehabisan duluan jadinya. udah dicoba berkali2 dg jeda waktu sehari-sehari tetap gabisa mohon bantuannya KAI.",1,bgt kai mau aktif kai pay gabisabisa padahal kode bener loadingnya lama bgt mau sen kereta habis duluan jadi udah coba kali dg jeda waktu seharisehari tetap gabisa mohon bantu kai,negative
"KAI semakin dihati, nyaman harga terjangkau, on time",5,kai makin hati nyaman harga jangkau on time,positive
bagus,5,bagus,positive
sangat mudah dan cepat,5,sangat mudah cepat,positive
👍🏻,5,,positive
"Setelah update jadi gak bisa dibuka alasannya rooted device, padahal hp gak diutak-atik sama sekali",1,update jadi gak buka alas rooted device padahal hp gak diutakatik sama sekali,negative
mantap dan mudah dan harga mantul,5,mantap mudah harga mantul,positive
mantap,1,mantap,negative
mantap,5,mantap,positive
aplikasi sudah bagus tapi live tracking nya kadang bener kadang engga,3,aplikasi bagus live tracking nya kadang bener kadang engga,neutral
layanan lebih cepat dan praktis,5,layan lebih cepat praktis,positive
tiba² tidak bisa di download lagi di hp,1,tiba bisa download di hp,negative
proses pambatalan tiket yang menurut saya terlalu ribet. kita memesan tiket untuk orang tua tetapi pembatalan tidak bisa masuk ke rekening kita. harus ke rekening otang tua dan harus orang tua juga yang membatalkan menurut saya harusnya akun yang mesan yang dapat membatalkan juga dan rekening pengembalian juga dapat kembali ke kita. mohon usulan ini dapat di jadikan masukan untuk kedepannya memudahkan semua orang yang ingin membatalkan tiket. untuk bintang akan saya kembalikan ke 5,3,proses pambatalan tiket terlalu ribet mes tiket orang tua batal bisa masuk rekening harus rekening otang tua harus orang tua batal turut saya harus akun mesan dapat batal dan rekening kembali dapat mohon usul dapat jadi masuk depan mudah semua orang yang ingin batal tiket bintang saya kembali ke,neutral
kenapa Sekarang kok susah daftarnya,4,sekarang kok susah daftar,positive
ribet bgt mau ke pusat bantuan kai,1,ribet bgt mau pusat bantu kai,negative
"aplikasi gak jelas... muter2 suruh jadi member, dadi member gagal terus... payah",1,aplikasi gak jelas muter suruh jadi member dadi member gagal terus payah,negative
aplikasi payah gak guna. setiap mau updrage akun member pas klik tombol setelah masukkan kode otp loading terus,1,aplikasi payah gak tiap mau updrage akun member pas klik tombol masuk kode otp loading terus,negative
"Halo kai mau tanya tiket dari stasiun baturaja ke tanjung karang belakangan ini cepet habis , trus yang jadi pertanyaan jam 00.05 pesen tiket status tiket habis trus padalan sehari 3 kali keberangkatan gimana solusi dan tidakan nya itu pak salam hormat terimakasih.",3,halo kai mau tanya tiket stasiun baturaja tanjung karang belakang cepet habis trus jadi tanya jam sen tiket status tiket habis trus padalan hari kali berangkat gimana solusi tidak nya pak salam hormat terimakasih,neutral
sering kendala,1,sering kendala,negative
punya saya di tab xiomi knp TDK bisa?,1,punya di tab xiomi knp tdk,negative
bagus dan tederpan,5,bagus tederpan,positive
mudah dakses,5,mudah dakses,positive
"sangat membantu, cepat ruar biasa.",5,sangat bantu cepat ruar biasa,positive
gbs daftar member. loading pas di otp,1,gbs daftar member loading pas otp,negative
sangat nyaman dan tepat waktu...,5,sangat nyaman tepat waktu,positive
aplikasi mudah di aces,5,aplikasi mudah aces,positive
memuaskan,5,muas,positive
Saya selalu gagal untuk memesan tiket karena gangguan app. ( JavaScript bla bla) mohon untuk solusi dan perbaikan teknis.,3,selalu gagal mes tiket ganggu app javascript bla bla mohon solusi baik teknis,neutral
mantabbbbbbbb konfirmasi ke email klo aktifasi kai pay klian gaesss,5,mantabbbbbbbb konfirmasi email klo aktifasi kai pay klian gaesss,positive
eror buat pesan makanan minuman,1,eror buat pesan makan minum,negative
Dari virtual account M bangking biaya 2.900 top up kartu 1.500 dompet digital cuman ada ovo yg shopeepay eror mulu haduh gila bnget,1,virtual account m bangking biaya top up kartu dompet digital cuman ovo yg shopeepay eror mulu haduh gila bnget,negative
proses cepat dan mudah,5,proses cepat mudah,positive
tambahin dong jurusan Jember Jakarta dan Jber Yogyakarta dengan KA ekonomi,4,tambahin dong jurus jember jakarta jber yogyakarta ka ekonomi,positive
cepat dan mudah di pahami,5,cepat mudah paham,positive
"kenapa setiap pindah aplikasi selalu dianggap keluar jd harus daftar dr awal. sangat merepotkan, baiknya kasih jeda waktu karena tidak semua calon penumpang sudah terdaftar.",4,tiap pindah aplikasi selalu anggap keluar jd daftar dr awal sangat repot baik kasih jeda waktu tidak semua calon tumpang daftar,positive
ok,5,,positive
mudah & cepat,5,mudah cepat,positive
saat pembatalan tiket uang tidak dikembalikan 100% ada potongan biaya 25%,2,batal tiket uang kembali potong biaya,negative
mantap,1,mantap,negative
"ribet, jd lama , mau cek jadwal kreta. kebanyakan ga bisa nya di akses. mending yg lama. gampang. ini ribet bgt",1,ribet jd lama mau cek jadwal kreta banyak ga nya akses mending yg lama gampang ribet bgt,negative
bagus,5,bagus,positive
"Dengan adanya KAI Access, pembelian/ perubahan jadwal tiket jadi lebih mudah. Keuntungan mendapatkan point dan yang pasti sering mengadakan diskon yang menguntungkan customer. Sukses selalu buat KAI!😊👏",5,ada kai access beli ubah jadwal tiket jadi lebih mudah untung dapat point sering ada diskon yang untung customer sukses selalu buat kai,positive
membantu beli tiket lebih mudah.,5,bantu beli tiket lebih mudah,positive
kenapa gak bisa2 order tiket disini ihh kesel pas buka apk malah tak tersedia tiket pdhl order dr jauh2 hari 😬,1,gak order tiket sini ihh kesel pas buka apk malah tak sedia tiket pdhl order dr jauh hari,negative
respon cepat mudah,5,respon cepat mudah,positive
sangat membantu dalam pemesanan tiket kereta,5,sangat bantu mesan tiket kereta,positive
lemot,5,lot,positive
ok,5,,positive
"saya baru donlod, terus mau isi data, tapi dibagian ID bisa dipilih (KTP) tp klik SIMPAN nya tidak bisa. itu bagaimana?",3,baru donlod terus mau isi data bagi id pilih ktp tp klik simpan nya bisa bagaimana,neutral
perjalanan tepat waktu,5,jalan tepat waktu,positive
kenapa sekarang gak bisa akses di os yg dulu tipenya bisa pake apk KAI sekarang malah gak kompatibel.. jadi gk bisa buka apk KAI bagaimana bisa saya memesan tiket KAI kalau begini.. pembaruan apknya malah mempersulit pengguna. gk mungkin saya beli hp lagi untuk penginstalan kai saja gara² tipe untuk OS nya harus yg terbaru padahal sebelum sebelumnya aman saja...,1,sekarang gak akses os yg dulu tipe pake apk kai sekarang malah gak kompatibel jadi gk buka apk kai bagaimana mes tiket kai kalau begini baru apknya malah sulit guna gk mungkin saya beli hp penginstalan kai gara tipe untuk os nya yg baru padahal belum aman,negative
ok,5,,positive
bagus,5,bagus,positive
good,5,good,positive
Bagus,5,bagus,positive
sayang sekali ewaletnya hanya ovo dan shoppe padahal gopay milik anak bangsa,1,sayang sekali ewaletnya ovo shoppe padahal gopay milik anak bangsa,negative
sangat membantu,5,sangat bantu,positive
sangat baik,4,sangat baik,positive
mantap,5,mantap,positive
pelayanan nya cepat dan bagus 👍,5,layan nya cepat bagus,positive
bagus,5,bagus,positive
sudah bagus,4,bagus,positive
"mudah, praktis, membantu",5,mudah praktis bantu,positive
KAI LAGI ERROR?,5,kai error,positive
"tolong donk pembagian class nya diperjelas.. dikasih rincian gtu.. yg harga segini dalem gerbongnya begini,, masa beli yg harga 200an sama yg harga 74 di gerbong yang sama, tolong diperjelas pembagian class dan harga nya, jangan harga beda tapi pas naek malah di satu gerbong yg sama..",3,donk bagi class nya jelas kasih rincian gtu yg harga gin dalem gerbong begini masa beli yg harga an sama yg harga gerbong sama jelas bagi class harga nya jangan harga beda pas naek malah satu gerbong yg sama,neutral
"samsung A13 kok gag kompatible, padahal pakai android 14..",1,samsung a kok gag kompatible padahal pakai android,negative
sangat bagus pelayanannya,5,sangat bagus layan,positive
"sangat membantu, kurangnya itu, sangat ribet harus butuh 2 hp dan hafal nomer ktp. jd pemesanan ulang lagi. dan sudah diketik digeser dikit kebawah hilang semua, diketik ulang lagi.",1,sangat bantu kurang sangat ribet butuh hp hafal nomer ktp jd mesan ulang dan ketik geser dikit bawah hilang semua ketik ulang,negative
bagus,4,bagus,positive
bgmana updatenya jika app tidak kompatible dengan perangkat.!! sedangkan perangkatnya bukan perangkat lama? tolong di review versi app kompatibelnya....,2,bgmana updatenya app kompatible perangkat perangkat bukan perangkat lama di review versi app kompatibel,negative
Bagus,5,bagus,positive
Mayan lah,4,mayan lah,positive
Di aplikasi KA lokal jam 16:30 tujuan cikampek dr cikarang tp pas nyampe di stasiun cikarang KA lokal nya udh jalan. sungguh nyusahin para pengguna KRL bisa ngga sama gitu jadwal kereta nya..,1,aplikasi ka lokal jam tuju cikampek dr cikarang tp pas nyampe stasiun cikarang ka lokal nya udh jalan sungguh nyusahin guna krl ngga sama gitu jadwal kereta nya,negative
live tracking dan pemesanan railfood lewat app skrg gk bisa.,1,live tracking mesan railfood lewat app skrg gk,negative
astaga udpate an langsung ga kompartible di android 10 .... terbilang terlalu cepat untuk system perangkat konsumen yg kebanyakan masih menggunakan android 10,4,astaga udpate an langsung ga kompartible android bilang terlalu cepat system perangkat konsumen yg banyak guna android,positive
memudahkan,5,mudah,positive
mudah²lancar,5,mudah lancar,positive
ok,5,,positive
"Sampe saat ini bagus, cuma waktunya ada di waktu petang tujuan Cikarang-Garut, coba ditingkatkan lagi bisa di waktu siang tuk keberangkatannya",4,sampe ini bagus cuma waktu waktu petang tuju cikaranggarut coba tingkat bisa di waktu siang tuk berangkat,positive
baguss,5,baguss,positive
keren sekali b¹erkelas erua,5,keren sekali b erkelas erua,positive
ribet baru mau bikin akun tapi di suruh ke sandi.... anehnya pilihan tulis kata sandi gak ada terus mau nulis dimana?,1,ribet baru mau bikin akun di suruh sandi aneh pilih tulis kata sandi gak terus mau nulis,negative
ok bagus,5,bagus,positive
"Bikin gak repot hrs ke stasiun, cukup dari rumah sdh bisa bei tiket k.a.",5,bikin gak repot hrs stasiun cukup rumah sdh bei tiket ka,positive
pelayanan yg baik dan tepat waktu,5,layan yg baik tepat waktu,positive
moda transportasi darat paling nyaman di indonesia,5,moda transportasi darat paling nyaman indonesia,positive
sangat membantu,5,sangat bantu,positive
saya blm pernah menerima diskon inii,5,blm pernah terima diskon ini,positive
lemot,5,lot,positive
good,5,good,positive
gw railfans min,5,gw railfans min,positive
tolong untuk developer aplikasinya kompatibelkan dengan all device,1,untuk developer aplikasi kompatibel all device,negative
Maksa,1,maksa,negative
apk kalau bisa jangan selalu diperbaharui soalnya gak semua orang punya hp mahal yg memorinya besar,2,apk kalau jangan selalu baharu soal gak semua orang punya hp mahal yg memori besar,negative
Alhamdulillah membantu banget apa lagi dgn adanya St k bandara sgt membantu sekali dan tidak macet,5,alhamdulillah bantu banget apa dgn ada st k bandara sgt bantu sekali tidak macet,positive
sangat membantu saya untuk beli tiket kereta dan mengecek jadwal dan harga tiket kereta api.terutama bila ada promo dari kami.semoga pelayanan yg ada di aplikasi ini lebih baik,5,sangat bantu untuk beli tiket kereta ecek jadwal harga tiket kereta apiterutama bila promo kamisemoga layan yg di aplikasi lebih baik,positive
"saya mau beli tiket untuk kerja krna merantau,tp pas sya pesan masih ada 9 tiket tersedia susah skli tiba2 trouble,pdhl sya sangat membutuhkan untuk alasan pekerjaan saya.",1,mau beli tiket kerja krna merantautp pas sya pesan ada tiket sedia susah skli tiba troublepdhl sya sangat butuh alas kerja,negative
Akan ku jalani selama masih ada KAI,5,ku jalan lama ada kai,positive
bagus,5,bagus,positive
kenapa mesti bolak balik update.,4,mesti bolak balik update,positive
Sangat terbantu sekali ada aplikasi KAI... KAI is the best,5,sangat bantu sekali aplikasi kai kai is the best,positive
okkkkk,5,okkkkk,positive
"Ini kenapa aplikasinya aktivasi trus ya,",5,kenapa aplikasi aktivasi trus,positive
bagus nyaman,5,bagus nyaman,positive
Sangat puas memakai aplikasi ini,5,sangat puas pakai aplikasi,positive
samsung a02s tidak suppor sekarang,1,samsung as suppor sekarang,negative
okee,5,okee,positive
ok,5,,positive
good,5,good,positive
cukup baik.,3,cukup baik,neutral
"asuransi refund 100%, nyatanya tetap dipotong 25%.",1,asuransi refund nyata tetap potong,negative
sangat membantu,5,sangat bantu,positive
"tidak recommended, Beli pulsa listrik, tapi tidak keluar token, uang terpotong, minta refund, sampai saat ini uang tidak kembali, proses refund ribet dan tidak ada hasil, lah itu uang kemana? beli token listrik bermasalah, dana terpotong, minta refund tidak ada hasil sama sekali,,, hadehhh, pelayanan masyarakat tidak maksimal, KECEWA.!!!!",1,recommended beli pulsa listrik keluar token uang potong minta refund saat uang kembali proses refund ribet hasil lah uang beli token listrik masalah dana potong minta refund tidak ada hasil sama sekali hadehhh layan masyarakat tidak maksimal kecewa,negative
kereeen makin mantab pelayanan nya,5,kereeen makin mantab layan nya,positive
"Aplikasi error, apalah mau pesan tiket malah error servernya",1,aplikasi error apa mau pesan tiket malah error servernya,negative
bagus cepat,5,bagus cepat,positive
Kenapa tidak bisa diinstal di hp samsung pdhl versi Android 12 . mohon penjelasanya,1,tidak diinstal hp samsung pdhl versi android mohon jasa,negative
good,5,good,positive
"suka error, saat verifikasi otp padahal kode otp udh masuk ke Gmail dan udh ada kode nya, udah sesuai nomor kode otpnya waktu mau dilanjutin loadingnya lama banget setngh jam ada lah ujung ujungnya error. udah saya coba lebih dari 5 kali pakai akun yang sama tetep aja masih loading, paa di coba disemua akun sama aja loading",5,suka error verifikasi otp padahal kode otp udh masuk gmail udh kode nya udah sesuai nomor kode otpnya waktu mau dilanjutin loadingnya lama banget setngh jam lah ujung ujung error udah coba lebih kali pakai akun sama tetep aja loading paa coba semua akun sama aja loading,positive
"Jujur ini kenapa ya KAI Access kurang mumpuni padahal tiket nya udah tenggat habis, padahal udah jauh hari sebelum pesan tiket selama seminggu, tolong KAI Access diperbarui lagi untuk mengoptimalkan aplikasinya, dan pembayaran dulu lebih mudah lewat toko seperti Indomaret & semua M-banking kasihan mereka yang tidak punya aplikasi atau hp lainnya",1,jujur kenapa kai access kurang mumpuni padahal tiket nya udah tenggat habis padahal udah jauh hari pesan tiket lama minggu kai access baru untuk optimal aplikasi bayar dulu lebih mudah lewat toko indomaret semua mbanking kasihan yang punya aplikasi hp lain,negative
tolong jangan batasi pembelian tiket antar kota cuma 4 orang saja. agar mempermudah bagi keluarga dengan anak lebih dari 2 dan masih kecil-kecil.,2,jangan batas beli tiket antar kota cuma orang agar mudah keluarga anak lebih masih kecilkecil,negative
okei,5,oke,positive
"respon sangat lambat, pendaftaran untuk akun yg hilang sangat sulit",1,respon sangat lambat daftar akun yg hilang sangat sulit,negative
baik sekali,5,baik sekali,positive
kenapa saya udah masukin kode otp tepi belom bisa msuk,3,saya udah masukin kode otp tepi bom msuk,neutral
mantap enak naik kereta tanpa macet,5,mantap enak naik kereta macet,positive
metode pembayarannya tolong di bayakin,4,metode bayar di bayakin,positive
ok,5,,positive
Bagus,5,bagus,positive
👍,5,,positive
tambah lagi kereta di bandung min dimasa liburan ini,5,tambah kereta bandung min masa libur,positive
bagus,5,bagus,positive
keren bgt,5,keren bgt,positive
keren,5,keren,positive
Aplikasi mempersulit masyarakat yg ingin memakai jasa transportasi Kereta Api. Aplikasi Banyak Drama !,1,aplikasi sulit masyarakat yg pakai jasa transportasi kereta api aplikasi banyak drama,negative
oke,5,oke,positive
"kai tolong tiketing di bagian goshow bekasi ga bisa pake cc, sdh berapa kali beli tiket disana cm bisa cash dan debit, alasannya alatnya ga bs, sy ga ngerti maksud mrk tp KAI sdh update tolong yg ini juga update, tq",3,kai tiketing bagi goshow bekas ga pake cc sdh berapa kali beli tiket sana cm cash debit alas alat ga bs sy ga ngerti maksud mrk tp kai sdh update yg juga update tq,neutral
so far so good so easy,5,so far so good so easy,positive
mantap,5,mantap,positive
makin ga jelas aplikasi nya masa baru jam 5 pagi tiket dari jam 5 sampe malem pada sold out,1,makin ga jelas aplikasi nya masa baru jam pagi tiket jam sampe malem sold out,negative
mau rubah jadwal ternyata tidak bisa dan anehnya tidak bisa di batalkan,1,mau rubah jadwal nyata bisa aneh bisa batal,negative
ok,5,,positive
"ini makin hari kok makin aneh. baru pilih nama penumpang, udah muncul keterangan no seat available (ka Penataran), padahal H-7. tiket berangkat bisa, tapi tiket baliknya gk bisa pesan",3,makin hari kok makin aneh baru pilih nama tumpang udah muncul terang no seat available ka natar padahal h tiket berangkat tapi tiket balik gk pesan,neutral
Pilihan KursiNya Gak bisa dirubah lagi. sudah otomatis bikin kesel deh... atur lagi donggg,4,pilih kursi gak rubah sudah otomatis bikin kesel deh atur donggg,positive
"padahal baru di buka 1 menit pembeliannya masa iya udah habis tiket kereta nya, di depan tertulis masih tersedia pas mau booking malah no seat available, coba ganti rute mana pun sama aja eror gitu",1,padahal baru buka menit beli masa iya udah habis tiket kereta nya depan tulis sedia pas mau booking malah no seat available coba ganti rute mana sama aja eror gitu,negative
"delayyyyy mulu, cape deh",1,delayyyyy mulu cape deh,negative
komunikasi penjadwalan jelek ga update. keberangkatan terlambat hampir 1 jam.,1,komunikasi jadwal jelek ga update berangkat lambat hampir jam,negative
"Coba ditambah fitur rekues transfer tiket, kalau misalkan tiket kita dibeliin orang lain",5,coba tambah fitur rekues transfer tiket kalau misal tiket dibeliin orang,positive
baik,3,baik,neutral
sangat membantu 🙏,5,sangat bantu,positive
"saya udh bayar dgn metode Qris shopeepay, sudah berhasil tpi keterangannya belum bayar dn akhirnya tiket hangus. sdh ke layanan pengaduan dn responnya cukup lama udh gtu refund dana 2 minggu (tdk termasuk weekend dan hari libur nasional) bener² lama bgt buset",2,udh bayar dgn metode qris shopeepay hasil tpi terang bayar dn akhir tiket hangus sdh layan adu dn responnya cukup lama udh gtu refund dana minggu tdk masuk weekend hari libur nasional bener lama bgt buset,negative
good,5,good,positive
admin naik euy...dr Rp 800 ke Rp 2.700...brp persen yah 🤔🤔🤔,4,admin naik euydr rp rp brp persen yah,positive
terlalu banyak potongan biaya admin,1,terlalu banyak potong biaya admin,negative
aplikasi yg membagongkan...tidak membantu sama sekali....,1,aplikasi yg membagongkantidak bantu sama sekali,negative
keberangkatan tidak sesuai dengan jadwal,1,berangkat sesuai jadwal,negative
oke best nyaman menggunakan kai,5,oke best nyaman guna kai,positive
booking failed trusssss ini aplikasi bener berfungsi nggak???,1,booking failed trusssss aplikasi bener fungsi,negative
aplikasi nya oke banget! mempermudah akses pembelian tiket.... cuman aplikasi nya sering kali bug dan lemot huhuhuhu yang bikin proses login jadi lama. aku harap kai access di tahun depan bisa lebih oke lagi yaa... thankies!!,4,aplikasi nya oke banget mudah akses beli tiket cuman aplikasi nya sering kali bug lot huhuhuhu bikin proses login jadi lama aku harap kai access tahun depan lebih oke yaa thankies,positive
"tolong sistemnya diperbaiki, untuk proses refund dan reschedule sangat tidak memuaskan",1,sistem baik proses refund reschedule sangat muas,negative
aplikasi rusak dikit dikit eror ga guna.,1,aplikasi rusak dikit dikit eror ga,negative
"Bagian pelayanan atau bantuan di perbaiki masak WA isinya BOT, Email g ada balasan, tlpn CS antri",1,bagi layan bantu baik masak wa isi bot email g balas tlpn cs antri,negative
"memudahkan untuk memesan tiket, kereta api sekarang nyaman dan aman, aplikasinya dan PT KAI terus berkembang",5,mudah mes tiket kereta api sekarang nyaman aman aplikasi pt kai terus kembang,positive
"refund di jogja kok dipersulit, orang yang bersangkutan sakit, susah buat jalan makannya pulang dipercepat, orangnya juga didalam stasiun, saya mintakan tanda tangan gak boleh, kalau sakit harus jalan ke customer service gak sembuh tambah parah, apalagi ini nataru banyak orang, kalau gak boleh saya yang mintakan tanda tangan harusnya ada karyawannya lo datangi buat minta tanda tangan kan masih di wilayah dalam stasiun juga, sakit sama gak sakit kok prosedurnya sama, aneh. Sangat mengecewakan",1,refund jogja kok sulit orang sangkut sakit susah buat jalan makan pulang cepat orang dalam stasiun minta tanda tangan gak kalau sakit jalan customer service gak sembuh tambah parah ini nataru banyak orang kalau gak saya minta tanda tangan harus karyawannya lo datang buat minta tanda tangan kan di wilayah stasiun sakit sama gak sakit kok prosedur sama aneh sangat kecewa,negative
ok,5,,positive
"saya sudah topup 2 kali pakai aplikasi ini hari ini, tp saldo di kartu gk nambah² juga, mohon tolong dengan sangat kepada pihak yang punya aplikasi ini mohon diperbaiki, sudah banyak keluhan yang saya dengar tentang aplikasi ini.",1,topup kali pakai aplikasi hari tp saldo kartu gk nambah mohon dengan sangat pihak punya aplikasi mohon baik sudah banyak keluh saya dengar aplikasi,negative
membantu memesan tiket kereta dengan mudah,5,bantu mes tiket kereta mudah,positive
Lumayan bingung,4,lumayan bingung,positive
jossss,5,jossss,positive
top,5,top,positive
kereeen,5,kereeen,positive
selalu crash,1,selalu crash,negative
"tanya donk.. untuk KAI PAY (Kaspro) untuk pelayanan KAI sumatra gak bisa dipakai kah untuk pembayaran tiket? sama cek donk, kereta Lampung - Sumsel agak anej tiket selalu ludess (tiket sudah bisa dipesan H-7, tpi pas buka jam 00.05 busett udah ludes... yakin??)",2,tanya donk kai pay kaspro layan kai sumatra gak pakai untuk bayar tiket sama cek donk kereta lampung sumsel anej tiket selalu ludess tiket bisa pes h tpi pas buka jam busett udah ludes yakin,negative
"minta tolong ditingkatkan lagi pelayanannya, saya menyampaikan keluhan via WhatsApp dari jam 20:00 baru bisa terhubung 00:30",4,minta tingkat layan sampai keluh via whatsapp jam baru hubung,positive
baik dan tepat,5,baik tepat,positive
bagus,5,bagus,positive
oke,5,oke,positive
"mudah di gunakan, akses cepat",5,mudah guna akses cepat,positive
Cukup Menarik,5,cukup tarik,positive
Harus dicoba nih,5,coba nih,positive
Perbaiki aplikasinya. mau booking selalu failed,1,baik aplikasi mau booking selalu failed,negative
Mantap,5,mantap,positive
ini kok di pilihan tanggal berangkatnya gak bisa di scroll ke atas ya jadi tanggalnya cuma mentok di minggu ke 4 jadi klo mau pesen di tanggal 29 atau 30 gak bisa,3,kok pilih tanggal berangkat gak scroll atas jadi tanggal cuma mentok minggu jadi klo mau sen di tanggal gak,neutral
semua jadwal kosong kenapa ya?,2,semua jadwal kosong ya,negative
amazing,5,amazing,positive
"beli asuransi pembatalan refund ,tetap saja di potong 25 persen",1,beli asuransi batal refund tetap di potong persen,negative
"kenapa semua harus pembelian online emangnya setiap hari KAI dari rangkasbitung ke merak selalu penuh,,,,sehingga beli tiket offline enggak bisa dibeli, mana cepat banget habisnya beli tiket kereta online...",1,semua beli online emang hari kai rangkasbitung merak selalu penuhsehingga beli tiket offline enggak beli mana cepat banget habis beli tiket kereta online,negative
ok,5,,positive
good,5,good,positive
memudahkan pemesanan tiket untuk perjalanan antar kota dengan kereta api,5,mudah mesan tiket jalan antar kota kereta api,positive
good,5,good,positive
aplikasi KAI acces tidak muncul di hp ku,1,aplikasi kai acces muncul hp ku,negative
semoga lancar,5,moga lancar,positive
bagus,5,bagus,positive
"Alur pemesanan sangat ribet, sering terinterupsi di tengah proses sehingga tidak nyaman... Untuk menu pemilihan tempat duduk juga kurang informatif sehingga ada potensi salah pilih tempat duduk... Mohon diperbaiki",2,alur mesan sangat ribet sering interupsi tengah proses tidak nyaman menu pilih tempat duduk kurang informatif ada potensi salah pilih tempat duduk mohon baik,negative
ok,5,,positive
"lebih efisien, indonesia mandir maju sejahtera",5,lebih efisien indonesia mandir maju sejahtera,positive
Pengalaman Terpahit.... Masa ongkos duduk dan berdiri itu sama. Kecewa jelas...,1,alam pahit masa ongkos duduk diri sama kecewa jelas,negative
keep always update,5,keep always update,positive
kenapa tbtb bngtt aplikasi nya tidak bisa dipake diperangkat anda di instal di hp seperti itu padahal hari ini mau kupake cetakk buat berangkat keluar kota:(,1,tbtb bngtt aplikasi nya bisa dipake perangkat instal di hp itu padahal hari mau kupake cetakk buat berangkat keluar kota,negative
"sangat menyenangkan jika naik kereta, rasanya ingin kemana mana naik kereta saja.",5,sangat senang naik kereta rasa mana mana naik kereta,positive
"Sebelum saya perbarui apk kai acces nya, saya masih bisa melakukan ubah jadwal tiket. Nah setelah saya perbarui apk nya saya tidak bisa melakukan ubah jadwal tiket. Alhasil saya harus membeli tiket lagi untuk keberangkatan dilain waktu. Kalau seandainya bisa di ubah jadwal kan rada membantu tanpa perlu melakukan pembatalan tiket sebelumnya. Tolong untuk diperbaiki kembali apk nya",1,baru apk kai acces nya masih laku ubah jadwal tiket nah baru apk nya saya tidak laku ubah jadwal tiket alhasil saya harus beli tiket untuk berangkat lain waktu kalau anda di ubah jadwal kan rada bantu perlu laku batal tiket belum untuk baik apk nya,negative
"pesan tiket susah sekali.. sya pesan di jam00:00 . jelas"" kursi masih tersedia, tpi begitu langkah selanjutnya sllu not seat avaible. di coba lagi dapet.. tpi kursinya mencar gk bisa milih.. aplikasi aneh.",1,pesan tiket susah sekali sya pesan jam jelas kursi sedia tpi langkah lanjut sllu not seat avaible coba dapet tpi kursi mencar gk milih aplikasi aneh,negative
lemoooottt.. benci aku..,1,lemoooottt benci aku,negative
kenapa aplikasinya tidak bisa diinstal di semua perangkat? seharusnya perangkat saya sudah memadai untuk aplikasi ini. mohon untuk bisa diselesaikan masalahnya,2,aplikasi bisa diinstal semua perangkat perangkat sudah pada aplikasi mohon bisa selesai masalah,negative
sangat membantu,5,sangat bantu,positive
"railfoodnya, kenapa belum dapat memesan terus",5,railfoodnya belum mes terus,positive
mantab,5,mantab,positive
baik,5,baik,positive
alhamdulillah mudah.. mantap KAI,5,alhamdulillah mudah mantap kai,positive
"sangat baik dan profesional, sangat direkomendasikan",5,sangat baik profesional sangat rekomendasi,positive
susah pisan mau daftar jadiember basicnya juga,1,susah pis mau daftar jadiember basicnya,negative
only lucky,5,only lucky,positive
siipppp,5,siipppp,positive
sangat puas,5,sangat puas,positive
"susah sekarang mau pesan railfood klo kereta lagi jalan, bukan krn jaringan, tapi notif yang muncul katanya blm di perjalanan, padahal sudah di perjalanan, beberapa jam malah",1,susah sekarang mau pesan railfood klo kereta jalan bukan krn jaring notif muncul kata blm jalan padahal di jalan beberapa jam malah,negative
ok,5,,positive
baik,5,baik,positive
good,5,good,positive
"keren aplikasinya,pembatalan diproses lgs,mudah 👍",5,keren aplikasinyapembatalan proses lgsmudah,positive
👍👍👍👍👍,5,,positive
praktis lebih di permudahkan drpd ribet datang ke stasiun,5,praktis lebih mudah drpd ribet datang stasiun,positive
saya suka,5,suka,positive
sangat membantu,4,sangat bantu,positive
bagus,5,bagus,positive
sisa kursi gak jelas,1,sisa kursi gak jelas,negative
Great,5,great,positive
"baru download & mau daftar aja lemotnya minta ampun, sampek OTP 4x belum bisa juga daftar",1,baru download mau daftar aja lot minta ampun sampek otp x bisa daftar,negative
pelayanan cepat,5,layan cepat,positive
ntap KAI,5,ntap kai,positive
pembelian tiket gampang dan mudah,5,beli tiket gampang mudah,positive
histori ga up to date. lelet. banyak kendala,1,histori ga up to date lelet banyak kendala,negative
sang at membanru sekali salam penesanan tiket,5,sang at membanru sekali salam penesanan tiket,positive
kode nya ga mau msuk ke aplikasi ini,2,kode nya ga mau msuk aplikasi,negative
sangat terjangkau dan nyaman,5,sangat jangkau nyaman,positive
ok,5,,positive
bagus,5,bagus,positive
mudah digunakan,5,mudah guna,positive
bagus,4,bagus,positive
memudahkan banget bs pesan iket dr manapun kapan pun,5,mudah banget bs pesan iket dr mana kapan,positive
bagus untuk digjnakan,5,bagus digjnakan,positive
mantapp,5,mantapp,positive
tolong di perbaiki lagi ya masak saya pesen di aplikasi ini seratus ribuan kalo saya beli di stasiun lebih murah,3,baik ya masak sen aplikasi ratus ribu kalo beli di stasiun lebih murah,neutral
memudahkan sekali,5,mudah sekali,positive
mantap akurat dan sesuai,5,mantap akurat sesuai,positive
DUA KALI PESAN TIKET GAGAL TAPI SALDO KEPOTONG.. HARI H KEBERANGKATAN TIKET GK MUNCUL.. KOMPLAIN KATANYA TIKET GAGAL.. KECEWA BANGET.. APLIKASI BURUKK.. MANA PENGEMBALIAN DANA LAMA HARUS NUNGGU 30 HARI KERJA.. SUMPAH YAA KECEWA BANGET.. PLIS PERBAIKIN AKUNNN!!!,1,kali pesan tiket gagal saldo potong hari h berangkat tiket gk muncul komplain kata tiket gagal kecewa banget aplikasi burukk mana kembali dana lama nunggu hari kerja sumpah yaa kecewa banget plis perbaikin akunnn,negative
murah efisien,5,murah efisien,positive
good,5,good,positive
"saya sudah bayar tapi sampai berhari-hari dn udah h-1 tiketnya ga muncul😭. udah konfirmasi ke wa juga tapi sistemnya kyaknya lagi eror deh soalnya yg mbalesin kan otomatis jadi isi pesannya tuh ditanyain mau nunggu/tidak karena masih dalam antrian, kemudian pas aku udah konfirmasi kalo mau nunggu malah si pean otomatis ini nanya""Mulu😭, mungkin kedepannya sistemnya bisa diperbaiki lagi yaa demi kenyamanan bersama. terimakasih🙏",2,sudah bayar sampai berharihari dn udah h tiket ga muncul udah konfirmasi wa tapi sistem kyaknya eror deh soal yg mbalesin kan otomatis jadi isi pesan tuh ditanyain mau nunggutidak masih antri kemudian pas aku udah konfirmasi kalo mau nunggu malah si pean otomatis nanyamulu mungkin depan sistem baik yaa nyaman sama terimakasih,negative
"suruh update member basic, setiap kali apdate minta otp dan hanya stak di situ"" aja. hadeh jdi gabisa pesan tiket. tolong ini aplikasi sangat tidak bisa membantu",1,suruh update member basic kali apdate minta otp hanya stak situ aja hadeh jdi gabisa pesan tiket ini aplikasi sangat bisa bantu,negative
apknya membantu cuman tolong buat depolevernya agar bisa di tambah lagi metode pembayarannya melalui apk dana 🙏🙏🙏,5,apknya bantu cuman buat depolevernya bisa tambah metode bayar lalu apk dana,positive
saya suka aplikasi kai access untuk pesan tiket ka ke jombang,5,suka aplikasi kai access pesan tiket ka jombang,positive
Aplikasi geje sudah bayar malah gagalnya pas pemberangkatan,1,aplikasi geje bayar malah gagal pas berangkat,negative
pelayanan yang sangat baik,5,layan sangat baik,positive
Lumayan ada perubahan,4,lumayan ubah,positive
bagus,3,bagus,neutral
Sangat informatif ❤️,5,sangat informatif,positive
👍👍👍,5,,positive
sangat membantu,5,sangat bantu,positive
sangat membatu,5,sangat batu,positive
"Beli pulsa di KAI ACCESS, saldo sudah kepotong tapi pulsa tidak masuk/di batalkan. dana juga tidak kembali...!",1,beli pulsa kai access saldo potong pulsa masukdi batal dana tidak,negative
mantap betul prikitiwww,5,mantap betul prikitiwww,positive
"lgi down apa gmna, gabisa pesen tiket trs drtdi",3,lgi down apa gmna gabisa sen tiket trs drtdi,neutral
sayang banget dihp saya ga mendukung aplikasinya padahal gak jadul banget kok hp keluaran tahun 2021 saya beli...bulan november masih bisa pesan tiket sekarang desember udah gak bisa...masa iya harus beli Hp baru buat pesan tiket 😏😏,2,sayang banget dihp ga dukung aplikasi padahal gak jadul banget kok hp keluar tahun belibulan november bisa pesan tiket sekarang desember udah gak bisamasa iya beli hp baru buat pesan tiket,negative
ok,5,,positive
baik,5,baik,positive
sangat cocok banget buat hemat biaya,5,sangat cocok banget buat hemat biaya,positive
ok sip,5,sip,positive
Pelayanan bantuan via WA resmi sudah berjam-jam menunggu belum juga terlayani.,2,layan bantu via wa resmi berjamjam tunggu juga layan,negative
baguss,4,baguss,positive
saya pakai asuransi refund 100% tapi pada saat mau refund tetap kena potongan 25% sampe 100.000 kena nya terus saya bayar asuransi refund 100% gunanya untuk apa? PEMERASAN!!!,1,pakai asuransi refund pada mau refund tetap kena potong sampe kena nya terus bayar asuransi refund guna apa peras,negative
Sangat bagus dan sangat membantu sekali,5,sangat bagus sangat bantu sekali,positive
yang ngebug aplikasinya yang di salahin yang daftar kan aneh... sudah daftar pp gk bisa refund .. dah lah.. cukup sekali aja naik k.a,1,ngebug aplikasi di salahin daftar kan aneh daftar pp gk refund dah lah cukup sekali aja naik ka,negative
saya sudah beli tiket dan tiketnya malah hilang ini gimana dari dulu kok gak ada perbaikan,1,sudah beli tiket tiket malah hilang gimana dulu kok gak baik,negative
"Sistem pembatalan yang membodohi pengguna, sangat merugikan.",1,sistem batal bodoh guna sangat rugi,negative
sangat puas dengan pelayanan darikai,5,sangat puas layan darikai,positive
"pelayanan cepat, ramah, efesiensi. pengembalian/pembatalan tiket lebih mudah",5,layan cepat ramah efesiensi pengembalianpembatalan tiket lebih mudah,positive
Sangat membantu,5,sangat bantu,positive
tolong yang bawa bayi untuk commuter line tolong disuruh digendong. kasian yang beli tiket. juga kalau bisa saya ingin ada fitur rating kereta atau masinis di aplikasi setelah kita selesai menaiki kereta. seperti gojek/grab,2,bawa bayi commuter line suruh gendong kasi yang beli tiket kalau saya ada fitur rating kereta masinis aplikasi kita selesai naik kereta gojekgrab,negative
"sudah bagus, cuman, fitur untuk metode pembayaran sangat minim. coba lah untuk menambahkan lebih banyak metode pembayaran.",5,bagus cuman fitur metode bayar sangat minim coba lah tambah lebih banyak metode bayar,positive
Mudah dan sangat membantu,5,mudah sangat bantu,positive
untuk tiket kereta api jaka lalana kok belum bisa ya,5,tiket kereta api jaka lalana kok bisa,positive
mohon kasih fitur pengembalian uang lewat e wallet,1,mohon kasih fitur kembali uang lewat e wallet,negative
jozz,5,jozz,positive
cukup baik,5,cukup baik,positive
sangat mudah membeli tiket nya puas bgt,5,sangat mudah beli tiket nya puas bgt,positive
mudah diakses..,5,mudah akses,positive
oke,4,oke,positive
good,5,good,positive
bagus,5,bagus,positive
"cacat aplikasinya, di pembelian tiket masih tersedia giliran pesen ga bisa, kursi penuh, padahal tulisannya masih tersedia, masih bagusan 1 tahun yang lalu ini aplikasi, tulisan sisa 1 kursi masih bisa di pesen dan kalo gagal dapet langsung hilang habis, ga kayak sekarang udah penuh tapi masih di tulis tersedia",1,cacat aplikasi beli tiket sedia gilir sen ga kursi penuh padahal tulis sedia bagus tahun lalu aplikasi tulis sisa kursi bisa sen kalo gagal dapet langsung hilang habis ga kayak sekarang udah penuh masih tulis sedia,negative
memudahkan semua,5,mudah semua,positive
"tingkatkan kemudahan pelayanan pemesanan tiket KA melalui aplikasi ini, krn agak ribet saya rasa.terimakasih",5,tingkat mudah layan mesan tiket ka lalu aplikasi krn ribet rasaterimakasih,positive
"Sumpah sekarang pembatalan tiket susah banget, udah beberapa kali begini terus.",1,sumpah sekarang batal tiket susah banget udah beberapa kali begini terus,negative
pelayanan kurang membantu.aflikasi terkadang sering error.,4,layan kurang membantuaflikasi terkadang sering error,positive
ok,5,,positive
ok,5,,positive
mantab,5,mantab,positive
"kenapa di HP saya tidak tersedia jdwal kereta nya, apa tidak kompatibel ya?",3,di hp sedia jdwal kereta nya apa tidak kompatibel,neutral
jadwal krl yg ada di aplikasi tidak sesuai dengan aslinya,1,jadwal krl yg di aplikasi sesuai asli,negative
Good,5,good,positive
aplikasi ini sangat membantu,5,aplikasi sangat bantu,positive
Transportasi jadi lebih mudah dengan Access by KAI,5,transportasi jadi lebih mudah access by kai,positive
ACCES KAI GILA. MINTA UPDATE PAS LAGI MAU TAP OUT DAN RUSH HOURS. GUE UDAH NGANTRI UDH WAKTUNYA TAP KLUAR KLUAR MLU. GILAAAAA. UDAH MNTA TOLONG SATPAM DISURUH KE LOKET. TERUS KELOKET DISURUUH KESATPAM YANG JAGA. LEMPAR2AN. TERUS GUE HARUS ANTRI ULANG. GILAAAAAAAAA KESEL BANGET. GUA LG NGEJAR KERETA LOKAL JUGA. UNTUNG GA KETINGGALAN COBA KETINGGALAN KESEL BANGET GUA. Cikarang tuh,1,acces kai gila minta update pas mau tap out rush hours gue udah ngantri udh waktu tap kluar kluar mlu gilaaaaa udah mnta satpam suruh loket terus loket disuruuh satpam jaga lempar terus gue antri ulang gilaaaaaaaaa kesel banget gua lg ngejar kereta lokal untung ga tinggal coba tinggal kesel banget gua cikarang tuh,negative
apk sering keluar sendiri,4,apk sering keluar sendiri,positive
Thankyou KAI,5,thankyou kai,positive
kereta petani pedagang jadi Kapan d luncurkan,4,kereta tani dagang jadi kapan d luncur,positive
alhmdlillah...memudahkan pemesanan tiket kereta,5,alhmdlillahmemudahkan mesan tiket kereta,positive
keren,5,keren,positive
i love KAI,5,i love kai,positive
bagus aplikasinya,5,bagus aplikasi,positive
loding lama🤦,3,loding lama,neutral
sangat membantu dan memudahkan penumpang,5,sangat bantu mudah tumpang,positive
lemot apk jelek,1,lot apk jelek,negative
"bikin akun sudah, mau pesan tiket ndak bisa harus daftar member basic tapi gak bisa ntah apalah apalah ribet bangetttttttt. dicoba berkali kali keterangan tetap ndak bisa. kalo ribet2 ndak usah bikin aplikasi",1,bikin akun mau pesan tiket ndak harus daftar member basic gak ntah apa apa ribet bangetttttttt coba kali kali terang tetap ndak kalo ribet ndak usah bikin aplikasi,negative
keren,5,keren,positive
"jadwal commuter sering gak sesuai, perbaiki lah jam keberangkatan nya, ngapain udah ada jadwal kalo masih gak sesuai,",2,jadwal commuter sering gak sesuai baik lah jam berangkat nya ngapain udah jadwal kalo gak sesuai,negative
terima kasi,5,terima kasi,positive
Cepat dan mudah,5,cepat mudah,positive
ok,5,,positive
ok,5,,positive
sangat ok untuk pesanan tiket kereta,5,sangat untuk pesan tiket kereta,positive
top,5,top,positive
dulu bisa pesan tiket sampai 10 orang kenapa sekarang cuma 4 kita yang mau beli 1 kluarga ga bisa tolong di perbaiki,2,dulu pesan tiket orang sekarang cuma yang mau beli kluarga ga tolong baik,negative
"Sangat membantu dan fitur sudah sesuai, tidak perlu upgrade lagi",5,sangat bantu fitur sesuai perlu upgrade,positive
Ok,5,,positive
mudah dan transparan,5,mudah transparan,positive
ok,5,,positive
"sayang sekali di opsi tiket lokal yang telah dibeli tidak ada opsi refund tiket atau mengganti jadwal tiket, padahal di daerahku stasiun kereta apinya udah enggak ada loket buat jual tiket dan melayani untuk membantu mengganti hari tiket lagi",3,sayang sekali opsi tiket lokal telah beli opsi refund tiket ganti jadwal tiket padahal daerah stasiun kereta api udah enggak ada loket buat jual tiket layan bantu ganti hari tiket,neutral
i like it,5,i like it,positive
always oke,5,always oke,positive
andaikan saja ada pembayaran tunai pada aplikasi ini tentu nya lebih mudah dalam pelayanan,5,andai ada bayar tunai aplikasi tentu nya lebih mudah layan,positive
"ini gimana, saya baru beli ticket nya tadi sore. tiba tiba dapet notif kalo aplikasi nya bermasalah, gabisa dibuka sama sekali. tolong banget diperbaiki, beli ticket udah lumayan malah aplikasi gabisa dipakai. gimana sih?",1,gimana baru beli ticket nya tadi sore tiba tiba dapet notif kalo aplikasi nya masalah gabisa buka sama sekali banget baik beli ticket udah lumayan malah aplikasi gabisa pakai gimana sih,negative
mantul pisan,5,mantul pis,positive
"mengajukan pembatalan+ganti jadwal loading trus... dri pake signal data, ampe k wifi.. sama bae, sengaja biar angus tiket e meren.??? akhirnye, hangus jg... ,... hadewh..",1,aju pembatalanganti jadwal loading trus dri pake signal data ampe k wifi sama bae sengaja biar angus tiket e meren akhirnye hangus jg hadewh,negative
bagus,5,bagus,positive
Tidak di bisa di buka.. Ada apa KAI??,4,di di buka apa kai,positive
sangat bagus,5,sangat bagus,positive
"mark up harga gila gilaan di hari besar, kek kon",1,mark up harga gila gila hari besar kek kon,negative
kai akses kenapa tidak ada di tab android lagi😭😭😭😭 padahal dulu ada😭,5,kai akses tidak di tab android lagi padahal dulu ada,positive
Selama saya menggunakan yeah g masalah..,4,lama guna yeah g masalah,positive
terimakasih atas kenyamanan layanannya mantap,5,terimakasih atas nyaman layan mantap,positive
Respon cepat,5,respon cepat,positive
info di gugel ktanya minimal android 8 tapi knp di hp qw android 11 gk bisa diakses bhkan gk bisa di download ulang?? udh di restart bolak-balik ttep aj gk bisa di download aplikasi nya,1,info gugel ktanya minimal android knp hp qw android gk akses bhkan gk download ulang udh di restart bolakbalik ttep aj gk di download aplikasi nya,negative
Ini kenapa udah pembayaran berhasil tapi tiketnya tidak ada ? tidak ada refund atau notifikasi. hanya uang aja ketarik....,1,kenapa udah bayar hasil tiket ada ada refund notifikasi uang aja tarik,negative
aplikasi ini sangat membantu pesan tiket termasuk cara bayar mudah. terima kasih KAI,5,aplikasi sangat bantu pesan tiket masuk cara bayar mudah terima kasih kai,positive
sangat mantap...,5,sangat mantap,positive
cukup memuaskan mudah sangat membantu,4,cukup muas mudah sangat bantu,positive
mantap,5,mantap,positive
Gak bisa dibuka!,1,gak buka,negative
"acces by kai lagi error ya , gak bisa di buka",2,acces by kai error gak di buka,negative
Pelayanan Mudah,5,layan mudah,positive
kadang tiba² tidak bisa dibuka dan harus di install ulang... mohon perbaiki lagi🙏🏻,2,kadang tiba bisa buka harus install ulang mohon baik lagi,negative
sangat memudahkan saya.,5,sangat mudah,positive
"Bagus pelayanannya, dan semoga semakin ditingkatkan",5,bagus layan moga makin tingkat,positive
Makin nyaman bersama KAI,5,makin nyaman sama kai,positive
peningkatan layanan aplikasi dan metode pembayaran makin memudahkan dan sangat membantu,5,tingkat layan aplikasi metode bayar makin mudah sangat bantu,positive
semakin memudahkan pengguna/penumpang KAI,5,makin mudah penggunapenumpang kai,positive
mudah dan praktis,5,mudah praktis,positive
jozz dan memudahkan,5,jozz mudah,positive
aplikasi nya bagus saat pesan tiket dan lain lain tapi mohon maaf fitur untuk pembayaran belum lengkap apalagi pembayaran dari bank mohon untuk ditambahkan dan diperbanyak fitur pembayaran nya oke,5,aplikasi nya bagus pesan tiket lain tapi mohon maaf fitur bayar lengkap bayar bank mohon tambah banyak fitur bayar nya oke,positive
ok,5,,positive
mantab👍,5,mantab,positive
lumayan,5,lumayan,positive
sangat membantu proses pesan tiket,5,sangat bantu proses pesan tiket,positive
lebih mudah u pesan tiket,5,lebih mudah u pesan tiket,positive
sangat membantu,5,sangat bantu,positive
mantab dalam perjalanan😍👍,5,mantab jalan,positive
sangat berarti karena saya selalu menggunakan ka,5,sangat arti saya selalu guna ka,positive
keren,5,keren,positive
"Payah sekali! Pembatalan tiket yang dibeli lewat aplikasi dan ingin dibatalkan lewat aplikasi juga tidak bisa dengan keterangan kode OTP failed, aplikasi sudah dihapus dan diinstall ulang tetap tidak bisa, dan hal tersebut berlangsung selama 3 hari, terus ganti HP yang satunya juga sama tidak bisa, pengalaman yang sangat buruk. Tolong diperbaiki sitemnya aplikasinya, sia-sia, lenyap uang saya.",1,payah sekali batal tiket beli lewat aplikasi ingin batal lewat aplikasi dengan terang kode otp failed aplikasi hapus diinstall ulang tetap bisa hal sebut langsung lama hari terus ganti hp satu sama tidak bisa alam sangat buruk baik sitemnya aplikasi siasia lenyap uang,negative
ko puya saya gak bisa di buka buka yah,4,ko puya gak di buka buka yah,positive
mantappp,5,mantappp,positive
Mantap,5,mantap,positive
Oke,5,oke,positive
"memudahkan untuk mmbeli tiket,,tp sekarang sy downlo lgi kok g bisa",5,mudah mmbeli tikettp sekarang sy downlo lgi kok g,positive
woke,5,woke,positive
"ga bisa di buka, entah lah bikin bt padahal harus cepet2 cari 4 tiket pulang pergi 😔",2,ga di buka entah lah bikin bt padahal cepet cari tiket pulang pergi,negative
bagus,5,bagus,positive
mantab,5,mantab,positive
ini gimna ga bisa masuk padahal udah no otp nya,1,gimna ga masuk padahal udah no otp nya,negative
sangat membantu terimakasih pt kai indonesia,5,sangat bantu terimakasih pt kai indonesia,positive
Ok...,5,,positive
Bagus dan praktis.,5,bagus praktis,positive
"aplikasinya sudah berfungsi seperti membeli tiket hanya saja saya heran mengapa saya ingin beli tiket via OVO gak bisa terus saat saya ingin masuk kedalam aplikasinya malah close close mulu aneh heran ini pengembang beneran serius gak sih ngembangin aplikasi ini perasaan dari dulu banyak bug kayak gak bisa beli tiket, crash dan sekarang gak bisa Beli via OVO dan masalah masuk",3,aplikasi fungsi beli tiket saja heran saya beli tiket via ovo gak terus saya masuk dalam aplikasi malah close close mulu aneh heran kembang beneran serius gak sih ngembangin aplikasi asa dulu banyak bug kayak gak beli tiket crash sekarang gak beli via ovo masalah masuk,neutral
aplikasi buruk dan sering eror. bug nya banyak banget,1,aplikasi buruk sering eror bug nya banyak banget,negative
aplikasi nya kenapa gk bisa di buka dari kemarin padahal udh di unistal terus dowload lagi tetep aja gk bisa di buka malah langsung force close mohon untuk di benerin secepat nya biar bisa di buka lagi 🙏,1,aplikasi nya gk buka kemarin padahal udh di unistal terus dowload tetep aja gk di buka malah langsung force close mohon di benerin cepat nya biar di buka,negative
recomond,5,recomond,positive
baik,5,baik,positive
kenapa ga bisa di download apk nya,2,ga di download apk nya,negative
"sering gangguan, tiket di batas 4 balikin ke 10 lagi jangan kaya pemerintah selalu mempersulit sistem dibuat simple seperti sebelumnya",1,sering ganggu tiket batas balikin jangan kaya perintah selalu sulit sistem buat simple belum,negative
ok,5,,positive
mantap,5,mantap,positive
recomended,5,recomended,positive
"Kenapa Access 1-2 bulan terakhir jadi sering force close apps nya ya, dibuka langsung nutup. Di restart sama saja, sebelum2nya tidak pernah ada hambatan. Terpaksa uninstall dan install kembali baru bisa, dan terus berulang. Agar ada perbaikan serius ttg isu ini.",2,access bulan akhir jadi sering force close apps nya buka langsung nutup restart sama belum pernah hambat paksa uninstall install baru dan terus ulang ada baik serius ttg isu,negative
baik pokok PLP,5,baik pokok plp,positive
"Sangat membantu, terima kasih",5,sangat bantu terima kasih,positive
ok dan mudah,5,dan mudah,positive
sangat membantu info dan pemesanan tiket,5,sangat bantu info mesan tiket,positive
mkin nyaman dan mkin mudah mengakses aplikasinya,5,mkin nyaman mkin mudah akses aplikasi,positive
sangat membantu,5,sangat bantu,positive
pelayanan bagus,5,layan bagus,positive
puas,5,puas,positive
aplikasi sering eror pas jam 00:00 sampai jam 2 pagi,1,aplikasi sering eror pas jam jam pagi,negative
skg sudah lebih cepat top up pakai m banking,5,skg lebih cepat top up pakai m banking,positive
Bagus cepat. agak eror ini tadi.,5,bagus cepat eror tadi,positive
server ampas🤣 kena rame dikit overload 🤣🤣🤣,3,server ampas kena rame dikit overload,neutral
tolong segera di perbaiki lagi..Masi ada bug aplikasi nya .. !!! terimakasih 👍,3,segera baik lagimasi bug aplikasi nya terimakasih,neutral
"tiket lokal sering error,tampilan jadwal kosong,tampilan muncul tp jadwal tidak tersedia.sdh hpus data, uninstal, ganti sinyal,msh aja sering muncul.apalagi di jam2 malam.sdh pernah chat cs jg, tp hasilnya te2p",1,tiket lokal sering errortampilan jadwal kosongtampilan muncul tp jadwal tersediasdh hpus data uninstal ganti sinyalmsh aja sering munculapalagi jam malamsdh pernah chat cs jg tp hasil tep,negative
mau booking tiket malah ga bisa bayar 🙄🙄🙄🙄,3,mau booking tiket malah ga bayar,neutral
tiba² mw pesan sudah full padahal ditunggu jam 12 malam kl g gt aplikasi eror...tiba2 g bs dibuka...aplikasi kai aneh,1,tiba mw pesan full padahal tunggu jam malam kl g gt aplikasi erortiba g bs dibukaaplikasi kai aneh,negative
"servernya sangat sangat sangat buruk, tlg diperbaiki, masak war tiket jam 12 malam sampai jam 1 muter terus padahal pake data wifi supercepat, alokasikan dana buat server,itu penting, jangan buat bangun stasiun² yg gak penting",1,servernya sangat sangat sangat buruk tlg baik masak war tiket jam malam jam muter terus padahal pake data wifi supercepat alokasi dana buat serveritu penting jangan buat bangun stasiun yg gak penting,negative
pembelian tiket selalu error2,1,beli tiket selalu error,negative
Kerennnn,5,kerennnn,positive
"Saya membeli token listrik di sini,Tapi status gagal dan uang di kembalikan ke metode pembayaran terakhir, Tapi sampai saat ini tidak ada pengembalian dana, saya sudah menghubungi cs di wa dan Akun Ig KAI 121 namun tidak ada kejelasan sama sekali Sangat di sayangkan Sekelas KAI pelayanan sangat buruk Hati hati bila membeli token listrik disini",1,beli token listrik sinitapi status gagal uang kembali metode bayar akhir sampai ini kembali dana sudah hubung cs wa akun ig kai tidak ada jelas sama sekali sangat sayang kelas kai layan sangat buruk hati hati bila beli token listrik sini,negative
mengapa aplikasi KAI by access tidak bisa dibuka. Waktu beli bisa kemudian mau check tiket tidak bisa dibuka 2 hari ini.,3,aplikasi kai by access buka waktu beli bisa kemudian mau check tiket bisa buka hari,neutral
"kok apk nya jd gini bro, kalo udah pesen tiket malah gabisa dibuka apk nya, pdhl kan nanti mau scan",1,kok apk nya jd gin bro kalo udah sen tiket malah gabisa buka apk nya pdhl kan mau scan,negative
seru harga terjangkau,5,seru harga jangkau,positive
Aman dan amanah 🤝,5,aman amanah,positive
"ntah kenapa, di versi terbaru ini sering keluar sendiri dari aplikasinya",3,ntah di versi baru sering keluar sendiri aplikasi,neutral
"aplikasi nya bener - bener ga bisa di buka aku harus uninstall dulu trs dondwold lagi ,terus muter"" seperti itu tolong bisa di perbaiki supaya maksimal",2,aplikasi nya bener bener ga buka aku uninstall dulu trs dondwold terus muter itu bisa di baik maksimal,negative
kok di buka mental?,1,kok buka mental,negative
bagus sekali,5,bagus sekali,positive
baik,5,baik,positive
"pqyah banget KAIPay, bayar tiket transaksi ga kleuar tp saldo kepotong, mana biaya top mahal pula. Yang blm terjlanjur gausah pake KAIPay, pilih pembayaran lain deh",1,pqyah banget kaipay bayar tiket transaksi ga kleuar tp saldo potong mana biaya top mahal yang blm terjlanjur gausah pake kaipay pilih bayar deh,negative
bisa mempermudah pemesanan tiket,5,mudah mesan tiket,positive
tiba2 keuninstall sendiri alasan perangkat tidak kompatibel 😭 pdhal sering update klo ada pemberitahuan disuruh update 😭😭,2,tiba keuninstall sendiri alas perangkat kompatibel pdhal sering update klo pemberitahuan suruh update,negative
abis di update kok malah nambah kacau aplikasi nya sering bener gangguan,1,abis update kok malah nambah kacau aplikasi nya sering bener ganggu,negative
aplikasi Baik,5,aplikasi baik,positive
inj kenapa kok ga bisa dipakai. Force close terus,1,inj kok ga pakai force close terus,negative
terima kasih sudah bantu perjalanan bagi orang gak mampu s merasa ringan perjalanan jauh,5,terima kasih bantu jalan orang gak mampu s rasa ringan jalan jauh,positive
oke sangat membantu akses transportasi kereta dll,5,oke sangat bantu akses transportasi kereta,positive
Pengguna Sudah Lama Harganya Lumayan Tinggi Di Banding Memakai Armada Bus Hanya Fasilitas Lumayan Dan Nyaman,5,guna lama harga lumayan tinggi banding pakai armada bus fasilitas lumayan nyaman,positive
tolong kasih ubah email via aplikasi,4,kasih ubah email via aplikasi,positive
masih mu rah,5,mu rah,positive
potongan adminya terlalu mahal,3,potong adminya terlalu mahal,neutral
"maap ini aplikasi nya klo dibuka koq langsung nutup ( closed), dg sendirinya, dicoba berkali2 tetep sj gagal..jd gak bisa2 pesen tiket ini..",4,maap aplikasi nya klo buka koq langsung nutup closed dg sendiri coba kali tetep sj gagaljd gak sen tiket,positive
membntu,5,membntu,positive
mudah praktis,5,mudah praktis,positive
"kurang muasin, antara ribet sama ngeselin kode otp buat bayarnya ngga muncul² toh udah pake data dan coba yg lain' kagak muncul², mau di sambungin juga ada kode otp dan waktu pemesanan tiketnya cuma sejam lagi *otp nya* yg lama keburu ngga jadi",3,kurang muasin ribet sama ngeselin kode otp buat bayar ngga muncul udah pake data coba yg kagak muncul mau sambungin ada kode otp waktu mesan tiket cuma jam otp nya yg lama keburu ngga jadi,neutral
mudah mengakses nya... terimakasih KAI... andalan transportasi umum...,5,mudah akses nya terimakasih kai andal transportasi umum,positive
kenapa gak bisa dibuka?,3,gak buka,neutral
bagus,5,bagus,positive
ok,5,,positive
Apalah kemek fitur kurang & nyusahin.,1,apa mek fitur kurang nyusahin,negative
aplikasinya sangat membantu,5,aplikasi sangat bantu,positive
semoga lah yaah,5,moga lah yaah,positive
cepat dan mudah,5,cepat mudah,positive
mantappp cepat dalam pembatalan,5,mantappp cepat batal,positive
aplikasi sangat membantu untuk cek tiket kereta,4,aplikasi sangat bantu cek tiket kereta,positive
"pelyanan cepat, refund jug sesuai hari kerja",5,pelyanan cepat refund jug sesuai hari kerja,positive
bagus banget,5,bagus banget,positive
tiket langsung ludes,3,tiket langsung ludes,neutral
"susahnya memesan kereta Kuala stabas sudah begadang jam 12 masih gk bisa pesen tiket, padahal keterangan detail kursi masih tersedia, tolong dong dibenahi gimana ini..",1,susah mes kereta kuala stabas begadang jam gk sen tiket padahal terang detail kursi sedia dong benah gimana,negative
kadang² suka eror,3,kadang suka eror,neutral
"pleaseee kai aplikasinya sebelumnya udh diinstal tapi gabisa dibuka soalnya ga kompatibel dengan perangkat padahal udh lama lo pake kai access baru sekarang gabisa dibuka padahal mau cek tiket, nangis banget",4,pleaseee kai aplikasi belum udh diinstal gabisa buka soal ga kompatibel perangkat padahal udh lama lo pake kai access baru sekarang gabisa buka padahal mau cek tiket nang banget,positive
"maaf mau tanya , ko aplikasinya ga bisa di bukak ya",3,maaf mau tanya ko aplikasi ga di bukak,neutral
mohon maaf diperbaik i apk nya iyaa karena saya pesan tiket kereta api tidak ada jadwal nya sama sekali mohon di benerin iyaa🙏🙏,3,mohon maaf baik i apk nya iyaa saya pesan tiket kereta api ada jadwal nya sama sekali mohon benerin iyaa,neutral
bagus,5,bagus,positive
Good,5,good,positive
"aplikasi saat ini bermasalah, tidak bisa boking tiket",2,aplikasi ini masalah bisa boking tiket,negative
maaf apakah aplikasi ini sedang bermasalah ya? soalnya aplikasi saya tidak bisa dibuka,3,maaf aplikasi sedang masalah soal aplikasi tidak buka,neutral
bagus,5,bagus,positive
pesan tiket lebih efektif,5,pesan tiket lebih efektif,positive
sangat mudah sekali menggunakannya,5,sangat mudah sekali guna,positive
"awalnya aplikasi ini sangat membantu sekali, saya sudah daftar akun besic dan saya pergunakan beberapa kali tuk mesan tiket, tp skrng akun saya hilang dan daftar akun besicpun gak bisa.",1,awal aplikasi sangat bantu sekali sudah daftar akun besic guna beberapa kali tuk mesan tiket tp skrng akun saya hilang daftar akun besicpun gak,negative
"aplikasi nya sgt membantu bgt,mudah & nyaman",5,aplikasi nya sgt bantu bgtmudah nyaman,positive
"Aplikasi kok tdk bisa dibuka, langsung kembali. sudah d Unistall, dan install lagi tetap sama ngak bisa dibuka",3,aplikasi kok tdk buka langsung sudah d unistall install tetap sama ngak buka,neutral
easy,5,easy,positive
"jelek, susah daftar rudet pisan, padahal udah berusaha daftar malah di kunci 1 jam, sekiranya aplikasinya masih bug gausah suruh daftar lah ngeribetin orang aja",1,jelek susah daftar rudet pis padahal udah usaha daftar malah kunci jam sekira aplikasi bug gausah suruh daftar lah ngeribetin orang aja,negative
cuma bulan ini sering error,5,cuma bulan sering error,positive
"untuk sistem tiket nya gmn sih kok bisa aku udh booking kursi di kereta COMMUTER LINE SUPAS selalu kursiku di tempatin dan itu SELALU YAA, BUAT KALIAN YANG PAKE COMMUTER SUPAS JANGAN DUDUK DI KURSI ORANG, KALO MAU NAIK YA BELIII TIKETNYA, DUDUK DI TEMPAT KALIAN!! mana supas ini sering telat, pernah sampe sejam wkwkwk, commuter paling problematik ya supas ini😹",1,sistem tiket nya gmn sih kok aku udh booking kursi kereta commuter line supas selalu kursi tempatin itu selalu yaa buat kalian pake commuter supas jangan duduk kursi orang kalo mau naik beliii tiket duduk tempat kalian mana supas sering telat pernah sampe jam wkwkwk commuter paling problematik supas ini,negative
TOP-UP 100rb langsung kepotong saldo jadi 97.100 padahal belum ada transaksi. Gak Ikhlas,1,topup rb langsung potong saldo jadi padahal ada transaksi gak ikhlas,negative
"sangat"" membntu perjalanan",5,sangat membntu jalan,positive
pt KAI skr sdh jauh lebih baik,5,pt kai skr sdh jauh lebih baik,positive
Parah sih buat nyari stasiun Madiun aja ga bisa padahal dulu sebelum update mudah banget sekarang malah susah mohon bantuannya KAI supaya masyarakat lebih mudah mengakses apk KAI,5,parah sih buat nyari stasiun madiun aja ga padahal dulu update mudah banget sekarang malah susah mohon bantu kai masyarakat lebih mudah akses apk kai,positive
pesen tiket saldo sudah berkurang tapi tiketnya ga muncul udh laporan ke email gaada balesan,1,sen tiket saldo kurang tiket ga muncul udh lapor email gaada balesan,negative
sering error,1,sering error,negative
sangat memuaskan,5,sangat muas,positive
kenapa gak bisa di buka,5,gak di buka,positive
sering keluar sendiri dan gak bisa masuk lagi,1,sering keluar sendiri gak masuk,negative
mantap,5,mantap,positive
"saya mau perbaiki nomor yang salah saat memasukkan nomor di kai Access, lalu melakukan perbaiki lewat KAI121 WhatsApp suruh menunggu lama dan suruh mau menunggu atau tidak. niat kasih pelayanan ga?",2,mau baik nomor salah masuk nomor kai access lalu laku baik lewat kai whatsapp suruh tunggu lama suruh mau tunggu tidak niat kasih layan ga,negative
mantap,5,mantap,positive
mantap,5,mantap,positive
ko ga bisa di buka ya lagi ganguan atau gmn,5,ko ga di buka lagi ganguan gmn,positive
mudah dan terbaik,5,mudah baik,positive
"Aplikasinya amat memudahkan untuk lihat jadwal, cari tiket, dll. Tapi entah kenapa di hp saya aplikasinya gabisa dibuka keterangannya aplikasi terus berhenti jadi kalau mau buka harus uninstal dan download ulang jadi agak repot gitu kalo mau buka apk nya",4,aplikasi mudah lihat jadwal cari tiket tapi entah di hp aplikasi gabisa buka terang aplikasi terus henti jadi kalau mau buka uninstal download ulang jadi repot gitu kalo mau buka apk nya,positive
knp pas apps di klik keluar mluuuuu sihhhh smnjk updateeee,1,knp pas apps klik keluar mluuuuu sihhhh smnjk updateeee,negative
"ketika saya ingin meng upgrade ke premium suka ngestuck di saat memasukan kode verifikasi email, dan saya udah berulang kali mencoba, barangkali sinyal tapi hasilnya tetep saja sama. kira kira kenapa yaa? tolong dong pihak KAI terimakasih",1,saya meng upgrade premium suka ngestuck saat pasu kode verifikasi email saya udah ulang kali coba barangkali sinyal hasil tetep sama kira kira yaa dong pihak kai terimakasih,negative
"aplikasi dongo,udate kusri habis telat terus,di kterangan tersedia 2 kursi pdhal udh hbis,dongo",1,aplikasi dongoudate sri habis telat terusdi kterangan sedia kursi pdhal udh hbisdongo,negative
proses pembatalan mudah,5,proses batal mudah,positive
apk sering crash,1,apk sering crash,negative
lebih cepat,5,lebih cepat,positive
ok,5,,positive
okeh,5,okeh,positive
"mau up date susah sekali, mau ikut member ga bisa2, sy WA jg antrenya lama sekali, suruh nunggu lama polll.",3,mau up date susah sekali mau ikut member ga sy wa jg antre lama sekali suruh nunggu lama polll,neutral
maaf apa aplikasi kai sedang eror?,5,maaf apa aplikasi kai sedang eror,positive
kenapa sih belakangan ini nge bug terus? setelah lama ga buka palikasi sekalinya mau buka pasti nge bug? jadi harus uninstall trus install ulang? gitu terus udah beberapa hari,2,sih belakang nge bug terus lama ga buka palikasi sekali mau buka nge bug jadi uninstall trus install ulang gitu terus udah beberapa hari,negative
"sangat bagus , bisa cepat",5,sangat bagus cepat,positive
"Mudah , gampang di access sukses utk KAI",5,mudah gampang access sukses utk kai,positive
sering error,1,sering error,negative
setelah proses bayar lunas kenapa waktu mau buka aplikasi access kai tidak bisa selalu kembali ke menu hp.,4,proses bayar lunas waktu mau buka aplikasi access kai bisa selalu ke menu hp,positive
tolong perbaiki bug kursi dan bug pembayaran nya sering sekali pesan nya jam 00 banyak sekali bug yang terjadi seperti kendala tiket gak terproses pembayaran eror dan lain lain tolong perbaiki agar lebih mudah di akses,2,baik bug kursi bug bayar nya sering sekali pesan nya jam banyak sekali bug jadi kendala tiket gak proses bayar eror lain tolong baik lebih mudah akses,negative
ribet di hubungkan ke e wallet lain kalo dulu bisa bayar pake shopee pake ovo sekarang di hubungkan nya saja jadi susah ribet,2,ribet hubung e wallet kalo dulu bayar pake shopee pake ovo sekarang hubung nya jadi susah ribet,negative
"tolong lah masa sekelas KAI lama banget proses refund nya, uang 400 ribu udah 7 hari belum balik juga , itu uang saya jangan ngerampok",1,lah masa kelas kai lama banget proses refund nya uang ribu udah hari balik uang jangan ngerampok,negative
"tiket ghaib, mau pembayaran aja loading lama tiba² ulang lagi, riwayat transaksi aja tidak ada. developnya benerin...",1,tiket ghaib mau bayar aja loading lama tiba ulang riwayat transaksi aja ada developnya benerin,negative
mantap,5,mantap,positive
aplikasi rusak,1,aplikasi rusak,negative
SERING ERROR! Mau pesan ditinggal 30 dtk udah erorr. mulai dari awal lagi ga ada seat padahal masih ada tiket dan seatnya! buruk sekali,1,sering error mau pesan tinggal dtk udah erorr mulai awal ga seat padahal ada tiket seatnya buruk sekali,negative
Bisa gak diperbaiki selalu eror bila beli tiket selalu,2,gak baik selalu eror bila beli tiket selalu,negative
aplikasi bgsd kerjaan cuma http error mulu,1,aplikasi bgsd kerja cuma http error mulu,negative
mantap,5,mantap,positive
praktis mudah,5,praktis mudah,positive
sangat membantu,5,sangat bantu,positive
"kok jdi dibatasi max 4 penumpang dewasa doang yah ? sulit dong kami yg mau order tiket sekeluarga. mohon bisa seperti sebelumnya aja dong, ya setidaknya max 6 atau 7 orang lah.",1,kok jdi batas max tumpang dewasa doang yah sulit dong yg mau order tiket keluarga mohon seperti belum aja dong tidak max orang lah,negative
kebangetan KAI ...rute Cikarang dari kp bandan via Manggarai..sangat jarang di jam pulang kerja yg banyak Bekasi...selalu terjadi penumpukan di jalur enam bekasi sehingga begitu kereta datang jurusan Cikarang maka tak semua ke angkut... management KAI ga mikir mereka penumpang capai dan lelah juga mungkin lapar...harusnya selingan Bekasi -cikarang- Bekasi -cikarang-bekasi-cikarang...jgn Bekasi terus .. management payah..ini di jam 20:28 saya musti nunggu jam 21:00 baru ada,1,banget kai rute cikarang kp bandan via manggaraisangat jarang jam pulang kerja yg banyak bekasiselalu jadi tumpu jalur enam bekas begitu kereta datang jurus cikarang tak semua angkut management kai ga mikir tumpang capai lelah mungkin laparharusnya seling bekas cikarang bekas cikarangbekasicikarangjgn bekas terus management payahini jam musti nunggu jam baru,negative
terima kasih sangat mempermudah,5,terima kasih sangat mudah,positive
Sering nge bug force closed 👍 semoga segera diperbaiki,2,sering nge bug force closed moga segera baik,negative
gak bisa di buka,4,gak di buka,positive
bagus bgt tp kok ksng klo mau dibuka aplikasinya ngelag(ga bisa dibuka) dan kenapa skrng tiketnya cpt bgt habis apa kah ada calonya? dn ya saya prnh ditawarin beli tiket dicalo yg awal harga tiket itu 35/32 eh dijualnya 85 gong banget wkw,1,bagus bgt tp kok ksng klo mau buka aplikasi ngelagga buka kenapa skrng tiket cpt bgt habis apa ada calo dn saya prnh ditawarin beli tiket calo yg awal harga tiket eh jual gong banget wkw,negative
beberapa kali beli tiket dengan pembayaran qris pembayaran sukses tapi tiket tidak muncul di menu tiket saya RUGI DUIT RUGI WAKTU.. PARAH,1,beberapa kali beli tiket bayar qris bayar sukses tiket muncul menu tiket rugi duit rugi waktu parah,negative
apk nya ko ngebug ya klo mau masuk ke apk nya trus keluar keluar mohon di perbaiki yaaaa sementara saya kasi 4 setarrrr,4,apk nya ko ngebug klo mau masuk apk nya trus keluar keluar mohon baik yaaaa saya kasi setarrrr,positive
kenapa ada eror pada aplikasi saya saya sudah membayar pesanan tiket kereta Namun tiket tidak muncul di beranda tiket saya,1,ada eror aplikasi bayar pesan tiket kereta tiket muncul beranda tiket saya,negative
mudah di gunakan,5,mudah guna,positive
Baiklah,5,baik,positive
kenapa aplikasi kai access nya nge bug melulu ya mau buka apa nya mental lagi mental lagi,5,aplikasi kai access nya nge bug melulu mau buka apa nya mental mental,positive
saya udah bayar menggunakan kredivo di aplikasi kredivo berhasil. di kai acces malah dibatalkan seharusnya kalo dibatalkan otomatis uang saya kembali gaperlu nunggu waktu lama. seharusnya sistemnya di perbaikin lagi. kalo orang mau jalan2 dananya paspasan. tiba2 pembayarannya udah berhasil tapi tiketnya dibatalkan jadi gagal tuh orang jalan2 nya. sumpah kecewa banget sama sistem yang jelek kuno! CONTOH APLIKASI SHOPPE TIKTOK PEMBAYARAN DIBATALKAN OTOMATIS UANG KEMBALI LAGI. SUMPAH MENDING PERBAI,1,udah bayar guna kredivo aplikasi kredivo hasil kai acces malah batal kalo batal otomatis uang gaperlu nunggu waktu lama sistem perbaikin kalo orang mau jalan dana paspasan tiba bayar udah hasil tiket batal jadi gagal tuh orang jalan nya sumpah kecewa banget sama sistem jelek kuno contoh aplikasi shoppe tiktok bayar batal otomatis uang kembali lagi sumpah mending perbai,negative
saya udah pesen baru banget udah d bayar malah tapi ko ttp gada tiket yg sudah d belinya?,3,udah sen baru banget udah d bayar malah ko ttp gada tiket yg d beli,neutral
Guuut eplikesyeen,5,guuut eplikesyeen,positive
"mantab sy mo ke jakarta 22 Des 25, app ada erorkah ? berkali kal buka saat ini. tdk bisa.",5,mantab sy mo jakarta des app eror kali kal buka ini tdk,positive
mantap,5,mantap,positive
"gimana sih ini KAI, transaksi sudah berhasil, tapi tiket tidak ada/belum ada pembayaran. ngaco lama2 ini.",1,gimana sih kai transaksi hasil tiket adabelum bayar ngaco lama,negative
seru,5,seru,positive
bagus,5,bagus,positive
"aplikasi KAI Acces di hp saya selalu 'cut off' beberapa menit setelah selesai saya gunakan. Sehingga saya harus selalu menginstal ulang setiap kali akan menggunakan KAI Acces. Sudah melapor ke CS di stasiun Cirebon Prujakan dan stasiun Semarang Poncol, tetapi tetap tidak bisa menyelesaikan. Setiap kali butuh, harus uninstall, kemudian install lagi. Merepotkan, mengurangi kuota beberapa puluh MB. Adakah solusinya. HP saya Samsung A31, dan memory internalnya masih tersedia 68 GB.",3,aplikasi kai acces hp selalu cut off beberapa menit selesai guna selalu menginstal ulang kali guna kai acces lapor cs stasiun cirebon prujakan stasiun semarang poncol tetap bisa selesai kali butuh uninstall kemudian install repot kurang kuota beberapa puluh mb ada solusi hp saya samsung a memory internal sedia gb,neutral
"saat perubahan jadwal setelah memasukkan data penumpang untuk melanjutkan memilih kursi tidak bisa aplikasi loading saya tunggu hampir 5 menit loading terus , kami batalkan terus untuk mencoba beli tiket baru tanpa merubah jadwal lancar tanpa loading sama sekali.",2,ubah jadwal masuk data tumpang lanjut pilih kursi bisa aplikasi loading tunggu hampir menit loading terus batal terus coba beli tiket baru rubah jadwal lancar loading sama sekali,negative
Tidak bisa pesan tiket kereta karena belum update member basic. Setiap saya daftarkan dan saya masukkan kode dari email tidak bisa dilanjutkan karena stuck loading. Sudah saya coba setiap hari dan tetap tidak bisa. Ini bug permanen kalau aplikasi ini tidak di update lagi. Perbaiki!,1,bisa pesan tiket kereta belum update member basic saya daftar saya masuk kode email bisa lanjut stuck loading saya coba hari tetap bisa bug permanen kalau aplikasi tidak update baik,negative
pelayanan bagus goodd,4,layan bagus goodd,positive
"crash mulu ni aplikasi, mana kalo top up masuk saldonya lama",1,crash mulu ni aplikasi mana kalo top up masuk saldo lama,negative
mohon maaf refund tiket susah harus pakai no.rekening atas nama pribadi yg Batal berangkat sedang yang Batal belum punya rekening,3,mohon maaf refund tiket susah pakai norekening atas nama pribadi yg batal berangkat sedang batal punya rekening,neutral
ini kenapa ya ga bisa di buka terus padahal sudah instal ulang?,3,kenapa ga di buka terus padahal instal ulang,neutral
akses mudah layanan oke bangeet,5,akses mudah layan oke bangeet,positive
"mohon diperbaiki, aplikasi setela bisa dipakek gak lama gak bisa dipakek selalu aplikaai tertutup.",1,mohon baik aplikasi setela dipakek gak lama gak dipakek selalu aplikaai tutup,negative
"bbrp waktu ini saring crush, butuh perbaikan",5,bbrp waktu saring crush butuh baik,positive
mantap,5,mantap,positive
ok,5,,positive
"knp ya apk nya nggak bisa d buka , kendalanya ,tdk bs d buka ,",2,knp apk nya bisa d buka kendala tdk bs d buka,negative
"ribet makenya, verifikasi mulu pas mau mesen tiket, emang kita instal aplikasi ginian buat apaan? masa iya mesti verifikasi member basic mulu tiap mau mesen tiket?",5,ribet makenya verifikasi mulu pas mau mesen tiket emang instal aplikasi ginian buat apa masa iya mesti verifikasi member basic mulu tiap mau mesen tiket,positive
"positif nya aplikasi ini laporan cs ga pakai pulsa, jelek nya gada tindakan dr KAI nya. udh tiga kali ngalamin hilang barang, gada info / update kabar beritanya. setiap di konfirmasi susah banget , sekali nya bisa jawaban nya ga memuaskan. tolong buat KAI belajar dr negara luar, di bikin nya aplikasi ini supaya pengguna KRL / penumpang segala sesuatunya merasa di bantu dr aplikasi ini dan pihak KAI. org udh bikin laporan ya di tindak , jgn cuman buat nampung laporan doang TPI ga di tindak",2,positif nya aplikasi lapor cs ga pakai pulsa jelek nya gada tindak dr kai nya udh tiga kali ngalamin hilang barang gada info update kabar berita konfirmasi susah banget sekali nya jawab nya ga muas buat kai ajar dr negara luar bikin nya aplikasi supaya guna krl tumpang segala sesuatu rasa bantu dr aplikasi dan pihak kai org udh bikin lapor di tindak jgn cuman buat nampung lapor doang tpi ga di tindak,negative
saya tadi malam beli tiket ke malang.. masyaallah suliit sekali..dulu sekali aja udah dapet walau ada loading sedikit... saya sampai setengah jam baru bisa dapat. itu aja tempat duduknya udah habis yg kereta berangkat... apa karena pembaruan versi ya jdi lebih LEMOT DAN ERROR,1,tadi malam beli tiket malang masyaallah suliit sekalidulu sekali aja udah dapet ada loading sedikit sampai tengah jam baru dapat aja tempat duduk udah habis yg kereta berangkat apa baru versi jdi lebih lot error,negative
Keren semakin maju,5,keren makin maju,positive
"ngebut pagi2 dr rumah, naik krl dr jam 6.16, jalur 2 cikarang (18-12-2025). baru berangkat jam 6.40. tertahan lg d stasiun tambun.",1,ngebut pagi dr rumah naik krl dr jam jalur cikarang baru berangkat jam tahan lg d stasiun tambun,negative
mau reschedule aja susah 2 jam otak atik gak bisa bisa,2,mau reschedule aja susah jam otak atik gak bisa,negative
semakin baik,5,makin baik,positive
Bermanfaat,5,manfaat,positive
baik,5,baik,positive
agak bingung pertama kali pake tp lumayan lahhh....tp kalo bisa kalo ada yg pesan lebih itu lebih baik mereka duduknya dikasih yg bersamaan/bersampingan okk...itu aja saran saya mohon maaf dan terimakasih,5,bingung pertama kali pake tp lumayan lahhhtp kalo kalo yg pesan lebih lebih baik duduk kasih yg bersamaanbersampingan okkitu aja saran mohon maaf terimakasih,positive
1. Aplikasi sering keluar sendiri pada saat sudah dapat tiket dan melakukan pembayaran dan tiket akhirnya di cancel otomatis dr aplikasi. 2. Metode pembayaran juga sering trouble.,3,aplikasi sering keluar sendiri saat dapat tiket laku bayar tiket akhir cancel otomatis dr aplikasi metode bayar sering trouble,neutral
sering chrash butuh perbaikan,3,sering chrash butuh baik,neutral
saya 2 kali pesen tiket saldo saya berkurang tapi tiket tidak muncul,2,kali sen tiket saldo kurang tiket muncul,negative
"Live update available seatnya ga secara real time. udah gitu pembayaran melalui e-wallet berhasil, tapi pas di check di aplikasi tiket ga muncul. Maksudnya apa ya? TOLONG BENERIN DONG.",1,live update available seatnya ga real time udah gitu bayar lalu ewallet hasil pas check aplikasi tiket ga muncul maksud apa tolong benerin dong,negative
lebih mudah dan bagus,5,lebih mudah bagus,positive
"seringkali untuk rute arah sby blitar via malang ataupun kediri, baru juga jam 00.00 mau cari tiket, tulisannya tersedia tapi giliran sudah masukan data penumpang malah no seat. setengah jam kemudian bisa, tapi sudah tidak tersedia tempat duduk. dilanjutkan ke pembayaran malah barcode pembayaran tidak bisa terunduh. percuma booking pakai app.",1,seringkali rute arah sby blitar via malang atau diri baru jam mau cari tiket tulis sedia gilir masuk data tumpang malah no seat tengah jam kemudian tapi sedia tempat duduk lanjut bayar malah barcode bayar tidak bisa unduh percuma booking pakai app,negative
good,5,good,positive
stupid app,1,stupid app,negative
daftar penumpang dinaikkan min lebih dari 4 orang,5,daftar tumpang naik min lebih orang,positive
biaya pembatalan sebesar 25% terlalu besar,4,biaya batal besar terlalu besar,positive
"tolong aplikasinya sering error dan saat meverikasi kode otp sangat lama prosesnya,di mohon di perhatikan servernya petugas yg bertanggung jawap tolong",2,aplikasi sering error saat meverikasi kode otp sangat lama prosesnyadi mohon perhati servernya tugas yg tanggung jawap,negative
KAI mantap semoga makin maju dan sukses,5,kai mantap moga makin maju sukses,positive
good,5,good,positive
"sekarang aplikasi nya sering eror, sering Crack kaya gtuh... aneh....",2,sekarang aplikasi nya sering eror sering crack kaya gtuh aneh,negative
sangat memuaskan dan mudah,5,sangat muas mudah,positive
ini gimana ya min kok sudah dibayar tapi menunggu pembayaran trus waktu habis hangus,2,gimana min kok bayar tunggu bayar trus waktu habis hangus,negative
"saya lebih suka yang lama lebih mudah di pahami jujur, saya bingung pas pake aplikasi yang baru",2,lebih suka lama lebih mudah paham jujur bingung pas pake aplikasi baru,negative
oke banget,5,oke banget,positive
nice,5,nice,positive
bagus,4,bagus,positive
"aplikasii sering eror sudah dibayar tapi sering tidak muncul barcodenya, tolong diperbaiki lagi",2,aplikasi sering eror bayar sering muncul barcodenya baik,negative
jos banget,5,jos banget,positive
ok..sangat baik pelayanannya...,5,oksangat baik layan,positive
"lelet, perlu perbaikan aplikasisnya, qr ga keluar",4,lelet perlu baik aplikasisnya qr ga keluar,positive
mudah dan praktis,4,mudah praktis,positive
bagus,5,bagus,positive
"hadirkan pembelian lebih dari 4 lagi, keluarga banyak ini, kalo war jadi susah",5,hadir beli lebih keluarga banyak kalo war jadi susah,positive
bagus pelayanannya,5,bagus layan,positive
di penjadwalan ulang mau pilih kursi response dari server muter-muter !! harusnya kasih handling exeption biar jelas masalahnya dimana,1,jadwal ulang mau pilih kursi response server mutermuter harus kasih handling exeption biar jelas masalah,negative
kenapa kadang mau pesen error terus sedangkan di tulisannya masih sisa kursi beberapa,3,kadang mau sen error terus di tulis sisa kursi beberapa,neutral
"aplikasi nya sangat membantu untuk memesan tiket, tapi sering sekali terjadi delay atau buffering pada aplikasi, Dan sering juga terjadi error ketika memasukan otp padahal kode otp tersebut sudah sama dengan yang diberikan lewat email maupun wa/sms.",5,aplikasi nya sangat bantu mes tiket sering sekali jadi delay buffering aplikasi sering jadi error pasu otp padahal kode otp sebut sama yang beri lewat email maupun wasms,positive
access lebih mudah,5,access lebih mudah,positive
memudahkan,5,mudah,positive
"hallo, ini gimana pihak kai,, saya ada pesanan makanan, sudah syaa bayar melalui m-banking tpi pesanan saya tidak datang-datang sampai saya uda mau turun iniii",2,hallo gimana pihak kai ada pesan makan syaa bayar lalu mbanking tpi pesan tidak datangdatang saya uda mau turun iniii,negative
mantap,5,mantap,positive
waktu pendaftaran di perpanjang. jd ngulang2 terus capek ngeriknya,5,waktu daftar panjang jd ngulang terus capek ngeriknya,positive
"suka banget beli lewat apk ini, dlu biasanya pake Shopee, tp jjr lebih murah pake apk langsung dari kai nya🤣",5,suka banget beli lewat apk dlu biasa pake shopee tp jjr lebih murah pake apk langsung kai nya,positive
ok,5,,positive
Biaya admin top up kaspro mahal sekali biaya adminnya hampir 50%.,1,biaya admin top up kaspro mahal sekali biaya adminnya hampir,negative
selalu memudahkan perjalanan,5,selalu mudah jalan,positive
bagusss,5,bagusss,positive
aplikasi Acces by kai di hp saya mau lengkapin data udah di masukin kode otp mau login ko enggak masuk masuk kenpa ?,3,aplikasi acces by kai hp mau lengkapin data udah masukin kode otp mau login ko enggak masuk masuk kenpa,neutral
the best sih apknya. cmn knp kalau pesen tiket pas udh byar malah ngga keluar tiketnya udh pake wifi juga tetep aja.,5,the best sih apknya cmn knp kalau sen tiket pas udh byar malah ngga keluar tiket udh pake wifi tetep aja,positive
"responsifnya kurang, bagusan yang dulu, ada tombol yang ndak muncul jadi ndak bisa pesen tiket",4,responsif kurang bagus dulu tombol ndak muncul jadi ndak sen tiket,positive
pesan kereta gampang dirumah sambil ngopi,5,pesan kereta gampang rumah ngopi,positive
sangat membantu,5,sangat bantu,positive
bagus sekali,5,bagus sekali,positive
"aplikasinya rewel, sudah mau bayar berkali² malah dipersulit trs. mohon diperbaiki agar konsumen tidak kecewa.",1,aplikasi rewel mau bayar kali malah sulit trs mohon baik konsumen kecewa,negative
Aman,5,aman,positive
Mantap,5,mantap,positive
setelah di-update bukannya tambah enak eeh malah banyak bug. beli tiket bukannya masuk malah saldonya saja kepotong tiket nggak masuk. coba yang kedua kalinya sama begitu. maunya apa coba kai?,2,diupdate bukan tambah enak eeh malah banyak bug beli tiket bukan masuk malah saldo potong tiket masuk coba dua kali sama mau apa coba kai,negative
bukan kali pertama beli tiket bayar via ovo saldo terpotong tetapi tiket yang di beli tidak muncul atau tidak lunas padahal di aplikasi ovo keterangan transaksi selesai atau lunas dengan bukti saldo sudah terpotong,1,bukan kali pertama beli tiket bayar via ovo saldo potong tiket beli muncul tidak lunas padahal di aplikasi ovo terang transaksi selesai lunas bukti saldo potong,negative
sangat membantu,5,sangat bantu,positive
"mau pesen susah amat ,member basic itu apa woy Uda masukin data tetep gabisa pesen",1,mau sen susah member basic apa woy uda masukin data tetep gabisa sen,negative
ngisi saldo 30rb di potong 2ribu. aplikasi macam apa ini kak?? @PTKAI sangat di sayangkan,1,ngisi saldo rb potong ribu aplikasi macam apa kak ptkai sangat sayang,negative
sering error g sk,1,sering error g sk,negative
"gajelas gini sekarang top up saldo ga masuk2, sering eror juga buat metode pembayaran yg di ka bandaran kurang lengkap dan loading lama",2,gajelas gin sekarang top up saldo ga masuk sering eror buat metode bayar yg ka bandar kurang lengkap loading lama,negative
sangat aksesibel dan sangat mempermudah penyandang disabilitas,5,sangat aksesibel sangat mudah sandang disabilitas,positive
force close tiap d buka. d uninstall trus mau d instal lg malah gk bs,1,force close tiap d buka d uninstall trus mau d instal lg malah gk bs,negative
pesen tiket lebih mudah pakai Access KAI,5,sen tiket lebih mudah pakai access kai,positive
ok,5,,positive
TERBAIK,5,baik,positive
"tiba"" gabisa di buka padahal udh beli tiket",1,tiba gabisa buka padahal udh beli tiket,negative
"min, aplikasi KAI kenapa error:(",5,min aplikasi kai error,positive
sangat nyaman,5,sangat nyaman,positive
aplikasi force close,2,aplikasi force close,negative
"tiket yg udah dibeli beberapa hari lalu tiba"" ga ada, terus mau beli lagi di jadwal yg sama ga bisa, karena ada peringatan tidak bisa booking di jadwal yg sama, terus harus gimana ini, sedangkan jam kosong sya tinggal di satu kereta itu doang",1,tiket yg udah beli beberapa hari lalu tiba ga terus mau beli jadwal yg sama ga karena ingat bisa booking jadwal yg sama terus gimana sedang jam kosong sya tinggal di satu kereta doang,negative
"praktis, bisa beli tiket sambil lesehan",4,praktis beli tiket leseh,positive
HP saya kok gk bisa buat doanload amplikasi accsess by KAI..kenapa ya??,5,hp kok gk buat doanload amplikasi accsess by kaikenapa,positive
"ini gimana si, mau cek tiket tapi kok aplikasinya ngga bisa kebuka? berulang² nutup sendiri, trs tiketnya yg udh dibeli gimana??",1,gimana si mau cek tiket kok aplikasi ngga buka ulang nutup sendiri trs tiket yg udh beli gimana,negative
mantap,5,mantap,positive
"Proses pembatalan yg ribet. Karena harus sesuai nama tiket. Sedangkan saya pesan tiket untuk keluarga. Jadinya harus bikin akun dulu sesuai tiket untuk proses pembatalan. Telpon CS via aplikasi juga hp harus tidak boleh ke lock, kalau ke lock sambungan terputus. Ini agak merepotkan.",2,proses batal yg ribet sesuai nama tiket saya pesan tiket keluarga jadi bikin akun dulu sesuai tiket proses batal telpon cs via aplikasi hp harus tidak lock kalau ke lock sambung putus agak repot,negative
pelayanan bagus,5,layan bagus,positive
mantap,5,mantap,positive
"kenapa aplikasinya gak bisa di buka ya, admin kai kenapa ini tolong bantuannya",2,aplikasi gak di buka admin kai ini bantu,negative
lebih mudah pake aplikasi KAI,5,lebih mudah pake aplikasi kai,positive
"kalo bli tiket dr aplikasi minta bentuk tiket fisik nya atw di screenshot, jadi klo ada masalah sama aplikasi bisa ada bukti nya",1,kalo bli tiket dr aplikasi minta bentuk tiket fisik nya atw screenshot jadi klo masalah sama aplikasi ada bukti nya,negative
aplikasi penipuan,1,aplikasi tipu,negative
kok gak bisa masuk ya.. setiap kali masuk aplikasi trus keluar lagi dan ber ulang2 kali,3,kok gak masuk tiap kali masuk aplikasi trus keluar dan ber ulang kali,neutral
sangat membantu,5,sangat bantu,positive
aplikasi busuk. pembayaran eror mulu.,1,aplikasi busuk bayar eror mulu,negative
proses cepat dan jelas,5,proses cepat jelas,positive
bagus sekali,5,bagus sekali,positive
top 👍👍👌,5,top,positive
tidak profesional. udah tf tapi tiket gak keluar! udah lapor CS tapi no respon! rup korup,1,profesional udah tf tiket gak keluar udah lapor cs no respon rup korup,negative
"saat akan install ada pesan error ""aplikasi ini tidak compatible pada perangkat anda"" , saya menggunakan samsung galaxy a02s, versi android 12, mohon diperbaiki ya, krna aplikasi ini selalu sy gunakan pada device saya yg sebelumnya, trimakasih",2,akan install pesan error aplikasi tidak compatible perangkat guna samsung galaxy as versi android mohon baik krna aplikasi selalu sy guna device yg belum trimakasih,negative
"mohon untuk fitur antrian di tiadakan, sangat memperlambat proses pembelian tiket",3,mohon fitur antri tiada sangat lambat proses beli tiket,neutral
jos jis,5,jos jis,positive
good,5,good,positive
baik,5,baik,positive
mempermudah perjalanan 👍😀,5,mudah jalan,positive
maaf aph lagi gangguan KAi akses nya mau buka aplikasinya ko g bisa,4,maaf aph ganggu kai akses nya mau buka aplikasi ko g,positive
"sebenarnya aplikasi mudah digunakan, tp tentang kejelasan sisa saldo tidak transparan. tiba² saja hilang. kalau memang ada biaya admin harusnya ada rincian. sedangkan di form pembayaran keterangan nya tidak ada biaya layanan.",3,benar aplikasi mudah guna tp jelas sisa saldo transparan tiba hilang kalau memang biaya admin harus rincian di form bayar terang nya ada biaya layan,neutral
bagus,5,bagus,positive
pelayanan sdh semakin bagus,5,layan sdh makin bagus,positive
"gimana sih aplikasinya , udah beli tiket tapi barcode gak muncul ,",1,gimana sih aplikasi udah beli tiket barcode gak muncul,negative
aplikasi sangat membantu sayang nya sering ngelag gabisa dibuka aplikasi nha jadi harus uninstall dan download kembali saya udah ke 3kalinya,2,aplikasi sangat bantu sayang nya sering ngelag gabisa buka aplikasi nha jadi uninstall download saya udah kali,negative
"setiap mau lihat kode otp selalu mengulang dari tahap awal, harus menggunakan 2 gadget untuk aktivasi member basic, ini menyusahkan",1,mau lihat kode otp selalu ulang tahap awal guna gadget aktivasi member basic susah,negative
tiba2 account inactive tapi minta bantuan buat masuk susah. via chat wa ngalor ngidul,1,tiba account inactive minta bantu buat masuk susah via chat wa ngalor ngidul,negative
Good,5,good,positive
bagus,5,bagus,positive
Force close mulu di awal buka aplikasi. sudah mencoba install ulang tetap force close,1,force close mulu awal buka aplikasi coba install ulang tetap force close,negative
pembelian tiket medan ke tanjung balai asahan ga ada d kai,2,beli tiket medan tanjung balai asah ga d kai,negative
sekarang sering force close di android,2,sekarang sering force close android,negative
Aplikasinya bagus dan sangat membantu untuk perjalanan antarkota dengan mudah dan nyaman.,5,aplikasi bagus sangat bantu jalan antarkota mudah nyaman,positive
ok good,5,good,positive
mantap selalu menjadi pilihan mudik,5,mantap selalu jadi pilih mudik,positive
"min kalau bisa jika membeli tiket kai jangan dibatasi 4 orang , jadi kita pas mau beli untuk keluarga agak susah... tolong dipermudah kalau dengan 1 akun bisa beli tiket , lebih dari 4 orang dalam 1 hari transaksi, terima kasih.",5,min kalau jika beli tiket kai jangan batas orang jadi pas mau beli keluarga susah mudah kalau akun beli tiket lebih orang hari transaksi terima kasih,positive
lebih muda dan praktis.,5,lebih muda praktis,positive
lebih di tingkatkan lagi yang sudah baik pelayanan,5,lebih tingkat yang baik layan,positive
"sebelum pembaruan aplikasi bisa dibuka, setelah pembaruan udah coba install ulang tetap aja saat dibuka aplikasi keluar dengan sendirinya",1,baru aplikasi buka baru udah coba install ulang tetap aja buka aplikasi keluar sendiri,negative
nice,5,nice,positive
Tiap buka apk nya harus uninstall,1,tiap buka apk nya uninstall,negative
nge crash mulu,3,nge crash mulu,neutral
susah untuk menjadi member basic kode udah masuk tapi masih nunggu selanjutnya susah tolong dipermuda,1,susah jadi member basic kode udah masuk masih nunggu lanjut susah muda,negative
good,5,good,positive
aplikasi tidak bertanggung jawab atas kesalahan yang mereka lakukan,1,aplikasi tanggung jawab atas salah mereka laku,negative
ok banget,5,banget,positive
jelek. ngelag.bga bisa dibuka. harus diinstall ulang terus,1,jelek ngelagbga buka diinstall ulang terus,negative
Cepat amanah dan bagus sekali,5,cepat amanah bagus sekali,positive
oke,1,oke,negative
"aplikasinya cukup enak buat pesen tiket, sayangnya sejak desember apk ini sering crash terus menerus, padahal udah bolak-balik re-install tapi tetep crash. tolong lah diperbaiki, udah 7 kalian install uninstall tiap mau pake apk ini 😭",1,aplikasi cukup enak buat sen tiket sayang sejak desember apk sering crash terus terus padahal udah bolakbalik reinstall tetep crash lah baik udah kalian install uninstall tiap mau pake apk,negative
sangat membantu,5,sangat bantu,positive
"aplikasi yang sangat berguna, membantu masyarakat dalam membeli tiket kereta",5,aplikasi sangat guna bantu masyarakat beli tiket kereta,positive
tiket ku yang udah kebeli ilang,1,tiket ku udah kebel ilang,negative
