review,rating
koq tiba2 skrng HP sy tidak suport sih sm accesskai,5
"aplikasi ini sangat bagus, sangat membantu dalam layanan pemesanan ticket",5
"KAI TOLONG PERBAIKI SISTEM CIKARANG - BEKASI DAN SEBALIKNYA,KRL TERLALU KEBANYAKAN NAHAN TERLALU LAMA",1
"aplikasi bapuk, pas mau berangkat eh ada gangguan aplikasinya, bukan sinyal.",2
"Ko bisa tetiba ilang akun gw pas buka hrs bikin akun baru mksd ny apa.. ?? barusan gw beli tiket 3 bayar qris saldo rek udah kepotong 3x tp tiket yg ad cm 1 yg 2 g d tiket ny, tolong d apk adain reschadule buat tiket lokal, aduan konsumen buat komplain biar bs lgsg refund klo ad kendala di tiket klian yg eror kita yg rugi, apk buatan pemerintah payah",1
stasiun comal belum bisa di pesan lewat apk ini,1
bagus,5
kereta sri tanjung kurang nyaman terlalu tegap duduknya cepet capek,3
yang dari stasiun pelabuhan kok belum bisa diakses ya,5
"aplikasinya sering eror. mohon lebih ditingkatkan. gak jelas sekali. sangat merugikan. war tiket dibelain tengah malam bangun. sering ngebug ,,eh pas Sukses tuh tiket gak terbit. sekarang dibilang transaksi time out.. merugikan sekaliiii..mengecewakan.",1
Awalnya buka aplikasi cepet.. begitu upgrade lah malah muter2.. padahal OTP udah sesuai..,1
"kalau hari biasa dari stasiun KERTOSONO kenapa gak berhenti ya di stasiun Pemalang? begitu sebaliknya,harus dari stasiun Pekalongan .kecuali lebaran ada kereta tambahan baru bisa.",2
"aplikasi gabisa dipake,menyusahkan ! ,error terus",1
"jadwalnya kadang ada kadang hilang, sampah",1
aplikasi overal udah bagus tapi mohon untuk bisa compatibel di lebih banyak tipe android nya hehe ini saya android 7 ga bisa download,4
"gabisa log in ! sekalinya bisa lemot parah error terus ,tolong diperbaiki lagi jangan mempersulit harusnya kan memudahkan",1
ok,5
perangkat sy tidak kompatibel ini gimana versi aplikasinya mau update ga bisa karana tida kompatibel,1
tidak bisa di download udah di update di berishkn ttp tidak bisa,1
"aplikasinya susah untuk memesan tiket kereta lokal,bila mau pesan harus upgrade akun tapi ketika mau proses upgrade selalu gagal ketika otp dimasukkan,menyusahkan sekali ingin pesan tiket dipersulit,",2
sering gak ke bagian tiket tolong donk kai tambah lagi kereta buat ke kertapati lampung,5
Udah 2 jam perjalanan tetapi tidak bisa memesan makanan.,2
"ga bisa menambakan yiket yg dari travrloka, gimana nih",4
mantab,5
"Awalnya saya beri bintang 5 sekarang saya turunkan, sering eror di saat pembayaran,pembayaran tiket ka lokal lebih banyak dong pemilihan pembayarannya, jangan cuma link aja,ovo dan qris. sudah dibayar tapi kode tiket belum aktif dan akhirnya gagal,uang hangus dan pembatalan menunggu sampai 2 minggu juga tidak masuk ke saldo. Ayo perbaiki sistemnya perbanyak pilihan pembayaran di tiket ka lokal. Jangan sering eror. Thnks",4
"kenapa gak bisa login woi, ngeliat jadwal aja gak bisa kenapa Access ini dah lah. hayolah kenapa ini.....",1
"kenapa ya beli tiket udah ada transaksi nya di dana , tapi pas di cek di Kai access gaada tiketnya dan di cek gaada riwayat transaksi nya juga",2
lemottty,1
"kalau mau scrol tanggal dibawah 25 gak bisa, susah. jd gak pernah beli tiket diatas tgl 25",3
aplikasi lelet,1
"server sering eror, tapi pas ditinggal bentar dan kembali lagi saat sudah tidak eror tiket sudah habis, sudah email ke alamat pengaduan tapi tidak direspon",2
"Jujur, kecewa banget udh beberapa kali pemesanan tiket ga muncul trs saldo jadi berkurang refund ga ada. Nanya ke cs malah suruh nunggu 1 jam terus wkwk",1
lebih cepat prlayanannya,5
"Kenapa pesen tiket gk bisa terus ya, udh tinggal pembayaran malah eror, knp eror terus sii padahal sinyal bagus, tolong lebih ditingkatkan lagi dong biar oesen tiket lebih mudah.",1
mantap lah,5
"eror terus, giliran d chat d WA responya lama banget.",1
"kurang bngt ni app, qris ga muncul diliat dri proses menunggu pembayaran jga gaada nunggu waktu hbs. Ngebugg nya parahhh",2
sangat membantu untuk perjalanan,5
Bagus Bagus,5
Baik,5
mantap,5
tolong banget di benerin aplikasinya kayak tahun 2025 atau sebelum lebaran 2026 🙏🙏🙏🙏,1
memuaskan.,5
bagus,5
"gjls gbisa daftar trs udh ada ketentuannya maksimal pesan satu sampe acara saya harus diundur trs sampe sore, dr jam 11 sampe jam set 2 gbisa udh ganti kereta gt trs cs jg g membantu disuruh nunggu trs",1
saya mengalami erorr saat pembayaran.saldo berkurang namun tiket di aplikasi belum terbayar. padhal masih ada waktu masa pembayaran. namun hal yang bikin jengkel lagi pelayanannya cs yang lambat dan tidak gerak cepat. mohon ditingkatkan lagi. terimakasih,1
"aplikasi nya skrg malah amburadul gk kyk 2-3 thn yg lalu pesen tiket lbh mudah gak lelet kyk skrg, tampilan nya aja keren dalem nya busuk...... mau pesen tiket buat seminggu ke dpn sm kluarga udah dibelain utak utek dr jam 00.01 biar bs dpt tiket hasil nya nihil server lemot skrg skali online hrs order.... lha kita kan hrs dftar penumpang nya dl klo blm didaftarin ktika udh tinggal order malah ada warning ""cannot booking more than one at same schedule route""pdhl dulu gk kyk gini,jd btl pergi",1
"mohon bantuan perbaikan dalam server karena benar"" tidak sejalan, sudah pesan dengan menunggu waktu open persis tengah malam sudah mau bayar malah sistem dalam aplikasi down parah sehingga tiket hilang, kejadian lagi serupa sudah bayar pakai ovo malah tiket dalam aplikasi tidak terbayar ovo tetap terpotong.",1
"mau bayar tiket yg tertunda pembayarannya aja ribet banget,di cancel mau pesen ulang malah ga bisa🤦‍♂️",4
pembayaran pake Qris dana. beli tiket gagal saldo kepotong . Cs kai dan cs commer di hubungi gak bisa . akhirnya lapor dana nunggu 18hr kerja,1
"server busuk, masa udah gue bayar tapi tiket nya gak muncul sama sekali, malah di kata error lah, mau dibatalin juga gabisa, tolong perbaiki secepatnya, soalnya sebagai pengguna kai sejati merasa dkrugikan",1
"DUIT DI AMBIL TIKET GAADA, LAPOR CS SUSAH, GIMANA NIH? MAU TANGGUNGJAWAB KEMANA?",1
"kenapa sudah bayar tapi tiket gak muncul? ini bagaimana ya? mana udah 2kali penipuan kah aplikasi ini.... udah 2kali dana gak balik, kenapa? tolong jelas kan? biar gak ada salah paham ini mana dana gak balik",1
saya udh melakukan pembayaran tetapi tiket tidak muncul dalam aplikasi gimana coba ceritanya tolong di perbaiki saya 2x pembayaran tidak muncul tiket,3
sistem sedang error mohon diperbaiki. gak bisa book kereta,4
"apk nya kurang baguss, pas mau payment gabisaa trs pas waktu mau booking ulang jg gabisaa",3
"apaan ini KAI awalnya ku kasih bintang 5 sekarang bintang satu mengecewakan, habis update barusan aku pesen tiket di sesi pembayaran tiba² eror keluar ke home sendiri tak cari tiket di menu tiket buat mastiin pembayaran ulang malah tiket nya ga ada, mau pesen ulang tikenya malah ada notif bahwa udah pesen/boking tiket di jam kereta itu hadeh mana lagi ada kerjaan buru² pula,udah ganti ganti identitas buat bisa kebeli tiket tetep sama tiba² eror, chat dan telfon layanan 121 juga ga ada respon",1
terdapat bug yang mengecewakan ketika saya pesan kursi di hari dan jam yg sebelumnya sudah saya booking namun saat pembayaran tidak muncul halaman pembayaran. ketika saya pesan ulang malah tidak bisa dikarenakan sudah booking di hari dan jam yg sama ini bagaimana? masa harus booking di jam berbeda? saya ada perlu sehingga pesan di jam tersebut. sangat mengecewakan,1
"GMNA SIH PEMBAYARAN PKE QRIS AJA GK BISA, PEMBAYARAN GAGAL GK ADA PENGEMBALIAN DANA, DUIT HANGUS GITU AJA. YG BENER DONG KAI KLO BIKIN APK",1
"habis maintenance malah gajelas semua, pesan tiket error terus, katanya sudah ada tiket dengan tujuan yang sama padal belum beli, sampe tiket habis baru bisa lagi",1
aplikasi bumn paling waras tapi sekarang udah tertular. sama-sama bloon,1
"nge bug mulu perasaan, sering banget bikin pusing.",2
"GAJELAS SERING ERROR, SERING TIMEOUT, SERING MUNCUL CANNOT BOOKING AT THE SAME TIME, PADAHAL CUMA LIHAT TOK",1
kenapa syaa tidak bisa download access kai ini ya apa sebabnya,1
aneh banget pembayaran udah berhasil saldo dah berkurang tapi di apk nya pembayaran gagal. dan gitu cs nya lama bgt tanggapannya ngantri mulu. kecewa banget padahal dah beberapa kali beli disini aman. buat kali ini kecewa,1
"udah payment tiket nya gak di kasih, masih aja harus pembayaran, coba di benerin dong.",3
"sewaktu saya mau buat akun basic, loadingnya lama banget. Tolong diperbaiki agar lebih cepat",3
"sangat mengecewakan mau boking tidak bisa, notifnya sudah Ada boking, padahal belom pernah Dan gagal terussss, keweca",1
"suka nyangkut kalo gagal pesen tiket, udah tiket sisa 4 karna war tiket eh gara gara nyangkut malah gabisa pesen",2
🤙,5
"Pesan tiket kereta susah banget masa abis terus , padahal udah jauh dari hari keberangkatan",3
mudah & jelas,5
"aplikasi banyak bug, males",1
"lemot, sering lag, bug, perbaikin lagi!",1
"Sejak mulai update terbaru, sistem terasa berat dan lebih sering error. Orang membuat penilaian juga hanya formalitas, tidak ada tanggapan nyata.",2
tlong lah kursi KA Serayu disamakan dengan KA Cikuray.. Kursi serayu 'lutut ketemu lutut' jarak terlalu mepet dan Ac selalu bocor di perjalanan ganti ac central . serayu 60.000 ; cikuray 40.000 tlong fasilitas disamakan.,2
kenapaa ya apk ny pemeliharaan terus sampe tiket saya hangus,1
"aplikasi nya gangguan,gimana beli tiket nya 🤔",3
"26 April 26 benar"" bikin emosi. mulai dr jm 00.01 pesan tiket (lokal) gabbisa bisa..nsampe jm 00.30 tiba tiba kuota sudh penuh tanpa kursi.. aplikasi milik negara Lo ini.. pantesan jalann membludak banyak kndaran pribadi bermunculan. lha pelayanan publik negaranya sak kyk gini. sampe JM 08.01 ini sja Aya Masi blom bisa beli tiket (lokal) astaga tuhan Indonesia ku",1
"pemeliharaan ko di jam 7 pagi,gimana yg mau pesen tiket ini aneh",1
beberapa kali pembayaran pakai qris selalu gagal padahal saldo sudah terpotong,1
"barusan beli kan, nah pembayaran berhasil tapi tiketnya malah GK ada atau error, makin aneh aja",1
"Retina kasih layananya KAi, visa refund cepat via KAi access, semoga kai makin maju",5
aplikasi sampah,1
belum berhasil booking tapi ada notif sudah booking dan tidak bisa beli dengan rute yang sama,1
"kualitas jdi buruk bgt, pesen tiket cuma loading ga jelas akhirnya ga bisa pesen",1
error mulu kerjaan lu,1
"eror kok sering, bukan diperbaiki malah tambah parah",1
kenapa selalu eror waktu pemesanan tiket lokal sihhh🙁,1
"buruk, tidak bisa daftar kodenya gak buruan di kirim👎👎",1
aplikasi opo iki gk jelas.. dilihat masih tersedia bnyk kursi bgtu boking gk bs.. erorr trussss. gmn negara bs maju aplikasi kyk ngene.intie aplikasi gk guna belas eror trusss,1
setelah update malah lemot,1
"aplikasinya serinng gangguan 2 minggu terakhiri ini, pesan pukul 00.00 WIB langsung tanpa kursi, dan saat pengisian data penumpang dan dilanjutkan tidak bisa diminta batalkan pembelian. setelah selesai batal tetap tidak hilang dan susah pesan lagi. mohon diperbaiki sebelumnya sudah sangat baik padahal.",3
"makin buruk servernya, udah di belain begadang buat beli tiket udah lewat jam 00 malah error, ditunggu sampe jam 5 pagi masih gak bisa. sekalinya bisa sampe mau bayar barcode qrisnya gak muncul terus otomatis ke close masuk tiket saya gak ada opsi buat lanjutin pembayaran, terus gimana mau bayarnya. tolong diperbaiki servernya saya setiap minggu rutin pp luar kota naik kereta.",1
"aplikasi nya bagus tapi sering lemot padahal sinyal bagus kadang suka error akhirnya saya tidak bisa memesan tiket lagi, saya punya screenshot nya",1
bagus n rapih,5
"aplikasi rusak, tiap kali mau pesan malah tertera tidak bisa booking diwaktu yang sama. padahal baru buka aplikasinya",1
"jelek bgttt, gampang eror, down, lemot, gajelassss",1
Bagus banget jadi GK ngantri di loket semoga st Brebes Jawa Tengah menjadi st besar tambah kereta nya amin🙏 solnya setip mau berangkat pagi sore MLM siang susah .. solnya GK ada keberatan pagi MLM sore siang? Tolong dong stasiun Brebes tambah kereta lagi KA Majapahit sama ka Brawijaya kA Blambangan ekspres kA Gumarang KA pandalungan KA Argo Anjasmoro KA Argo Merbabu KA Argo Muria KA Sindoro bisa di perpanjang sape Brebes Amin 🙏🙏💪💪💪🥺🥺🥳🥳,5
"lemottttt, menyusahkan mau booking tiket berjam² gagal teruss",1
Duhh makin kesini makin banyak buh sama errornya.. Kenapa sih susah banget padahal sering kepake ni kai,2
"mudah digunakan, pada awalnya tapi sudah hampir seminggu aplikasi ini tidak bisa dibuka di HP saya mohon penjelasan nya",5
aplikasi error terus mau bayar gak bisa,1
"untuk proses pembayaran yang tiba tiba balik ke beranda/logout, terus tidak bisa melanjutkan pembayaran lagi tolong di perbaiki agar bisa melanjutkan pembayaran pak meskipun ke logout, masih dalam durasi",3
dpt susah tiket.sinyal full. aplikasi eror terus. bagain IT KAI perlu belajar app sebelah,1
invalid server respon... time out.. cannot boking... SEDANG GANGGUAN LAH... aplikasi buruk.. buat pesan tiket.... bisa masuk tau tau sudah hbis semua.....,1
"server lemot, gk jelas bnget proses pemesanan tiba"" erorr trus mau pesan tiket lagi sudah kosonh",1
"malah update, jadi ga kompatibel dengan hp saya",1
"saldo hilang sendiri tanpa sebab. beberapa hari kemudian coba boking lagi, eh pas mau bayar nominal 0 dan coba boking lagi malah muncul error terus",1
"bagus aplikasinya, hanya saja saya ketika pemesanan tiket udah tinggal payment ke back hal utama trus di cari ke menu payment lagi kode qris gak muncul, sampai waktu payment habis, harusnya kan udah otomatis tercancel tapi nyatanya saya gak bisa pesen lagi karena notifnya gak bisa pemesanan lagi dirute yang sama",4
"Min.. pelayanan kok makin lama ancur sistem ticketingnya. tiket bisa dipesan 6hr sblmnya tp sdh tungguin selalu stuck mau masuk jadwal tiket. setiap seminggu harus pesanin tiket istri malang surabaya dan srng banget tiba"" dah habis palagi bareng long week end. Ganti aja IT lu kalo gk sanggup atasin server stress kayak gitu, complain dah srng masih aja tetep masalahnya begitu trus",1
lama aksesnya eror terus,3
"aplikasi lemot, pembayaran via qris kode tidak muncul. bahkan setelah itu memesan rute yang sama tidak bisa. sistem mendeteksi kita telah memesan di rute tersebut. padahal tiket tidak muncul",1
Buka aplikasi dari jam 00.00 sampai dengan 02.06 baru bisa masuk dengan tiket keadaan habis. Adapun sisa tiket malam aplikasi no response. sulit banget,1
"kenapa susah banget beli tiket , bukanya gampang malah jadi ribet dikit2 trouble giliran bisa di buka tiket habis , paling kesel klo beli tiket buat acara penting pasti gabisa kebeli , ribet!! buang2 waktu buat istiarahat alhasil ZONK!!",1
sistem sangat lambat dan sering trouble,1
Aplikasi sering error setiap ingin membeli tiket selalu tidak bisa ini adalah versi yg paling buruk karna sekarang susah membeli tiket di kai acces,1
app mu lemottt kakean pembaruan. . . dan pembayran e bulettt,2
harus di perbaiki mau pesen tiket ngeleg gak masuk akal tolong KAI,2
sering eror saat pembelian lokal di hari sbtu/minggu.,1
"JELEK PARAH!!!!!!! udah standby dari jam 00.00 mau war tiket tpi jadwalnya ga muncul"" smpe close apps berkali"" ttp ga muncul. Muncul sesekali tp error, ga bisa isi data penumpang. giliran tiketnya udah habis, baru muncul semua jadwalnya ga ada error"".",1
aplikasi gak jelas banyak bug padahal udah nungguin sampai tengah malam malah eror pas di cek lagi tiket udah gak ada,1
jelek sering ngebug benerin lagi dong,1
"sistem selalu down , apk gk jelas. jangan mikirin untung trs tanpa memperhatikan kenyamanan nya.",1
"aplikasi sering eror.sering beli tiket lokal pas mau beli di jam 00.00 malam.selalu eror.setingkat perusahaan negara,aplikasinya seperti sampah.gak percaya silahkan coba dan buktikan.coba beli jalur Kertosono ke Surabaya,belinya di jam 00.00malam.atau Surabaya ke kertosono.di jam 00.00,kalau gak bikin emosi saja.halo ini udah tahun berapa,aplikasinya masih kayak jaman purba.lambat ,lelet.eror..buktikan kalau gak percaya",1
"GAJELAS DOWN MULU SERVERNYA, GA BECUS BENERIN SERVER GAUSAH BIKIN APK. ORANG UDH BEGADANG BUAT BELI TIKET MALAH DOWN MULU SERVERNYA, BENERIN TUH MASALAH DOWN SERVER DARI DULU GAADA IMROVISASI SAMA SEKALI.",1
sangat buruk,1
"aplikasi sebelumnya sudah bagus bgt, setelah update jadi sering error untuk ekonomi saat war jam 12 malem itu selalu aja aplikasi sedang dalam perbaikan ayoklah kai perbaiki lagi sistemnya tolong",1
sering error,1
aplikasi menyusahkan sangat lemot dan tidak ramah,1
"gak jelas dikit2 ngeleg , mau war tiket jam 00.00 ngeleg , pdhl jaringan stabil , muter2 terus , maintenance setiap hari buat apa kalau selalu ngeleg kaya gini? gaguna bet",2
"ada pemeliharaan pas di jam orang"" pada war tiket h+6, jdnya server lemot parah, gabisa dipencet apa"". sekalinya bisa dipencet lanjut pembayaran eh ga bisa diapa apain juga cuma bisa nunggu waktu abis, pas ngecek lagi tiket nya udah pada abis. ada fitur email harusnya pemesanan yang harus dilakuin pembayaran di kasih notifikasi ke email, kalo pake qris ya qris nya di kirim di email. paling ngeselin ya itu, pemeliharaan jam jam 00.20.",1
"sering eror, aneh bngt tiba² habis trs 2 jam kemudian ada lagi",1
sistem parah 1 jam yg sia sia,1
"dibelain begadang buat war tiket tp waktu jam 12 malem apk error stuck di isi penumpang, di refresh² gabisa sampe jam set1 malem tiba² jadwal yg mau dibeli udah abis, bener² kudu diperbaiki lagi sistemnya kai plisss biar ga buang² waktu istirahat di tengah malem kaya ginii",1
lemot parah kalo chekin lokal,1
"apk sampah,dibenerin dulu blok pesen susahnya minta ampun,sistem eror kalo apk banyak yang pake sampah banget wk",1
"aplikasi minus banyak bug pesen tiket h-6 malah eror najiss,udah di belain begadang war tiket malah gini kecewa",1
"tambah bikin ribet masa iya pesan tiket jam 00.00 yang harusnya udah keluar tiketnya tambah ini aplikasi lemot banget ga keluar"" jadwal pemberangkatannya nanti kalo udah jam 1.00 tiket udah habis semua,, tolong ya ini sistemnya di perbaiki lagi biar masyarakat ga kecewa sama sistem pesan online lewat kai acces",1
"susah bgt buat pesan saat jam tengah malam, loading nya lama bisa sampai set jam, pesan ataupun membatalkan pesanan tiket sama load nya lama",2
SUKA ERROR SENDIRI,1
buruk,1
"ya begitulah aplikasi pemerintah gk ada yang pokro gak jelas, lebih baik d hapus semakin tahun gk semakin bagus semakin jelek",1
aplikasi eror gampang lemot,1
"Tolong server nya ditambahin lagi ya KAI. di jam"" kritis misal barengan tiket mudik, saya beli tiket lokal tapi aplikasi nya error terus. isinya cuma muter"" di aplikasi nya dan muncul kode error tolong ditambahi lagi kekuatan server nya biar bisa di akses se jawa.",1
busuk banget server tiket KA Lokal pas war tiket jam 12 malem anj,1
"Aplikasi tidak jelas, perlu maintenance lagi.. udah milih kursi mau pembayaran ga bisa.. setiap pemesanan pasti error..",1
ERROR TERUS TIAP MAU PESEN TIKET ASTAGAAAA,1
"Tertulis tersedia, pas diklik gabisa. milih tanggal udah bener, pas masuk gak ada tiketnya alias blank. Nambah saldo kepotong administrasi, ada aja cacatnya. diupdate ga tambah mutakhir malah makin buruk.",2
"Mohon server lebih dioptimalkan lagi,agar tidak terjadi error saat pemesanan tiket KA lokal di tengah malam.",2
"makin kesini sistem aplikasi malah makin buruk, suka ngeblank juga",1
lemot,1
"aplikasi gampang eror, war tiket lokal susah banget",1
suka lag kalau di buat war tiket,1
ok banget,5
"udah login terus, ganti password udah tanya adminnya gagal login terus, masalahnya apa? jawaban dari admin juga nggak guna .. aplikasi dah bagus malah error !",1
sering error,1
"aplikasinya aneh, pas udah batal booking, trus pesan tiket ulang malah ada notif sudah booking. padahal udah batal dan ngga ada riwayat ada tiket yang belum dipesan. tolong di perbaharui fiturnya biar ngga lelet",1
"jelek, masih sering ngebug",3
aplikasi rusak error mulu,1
sangat membantu,5
"merasa dirugikan aja udah pendaftaran sampai pembayaran tp tiket ilang GK masuk . udh konfirmasi,tp sama uang GK kembali tiket ilang buat 6 orang pulang-pergi. jujur apk tersampah 👎👎👎",1
baik,5
otp nya loding nya lama,3
aplikasi tolol ngebug trus,1
upgrade ke basic masukin otp loading mulu,1
maintenance terus,1
padahal pakai android 13 tidak kompatibel 👎,1
"sayang banget ga bisa beli tiket hari itu juga 😥. Aplikasinya perlu perbaikan, banyak bugnya",1
susah untuk daftar baru,1
"tiket jember surabaya 24 april 2026 saya cek jam 3.45 sampai 4.25 gk muncul2 di aplikasinya, error kah?? duh kai tolong lah lebih cepat lg dlm penanganan IT nya krn potensi kehilangan omset",1
"Aplikasi ini kurang maksimal meskipun harga selisih lebih mahal dibanding beli langsung di stasiun. sehari sebelum keberangkatan tidak ditampilkan, padahal di situs komersil lain ada. biaya aplikasi & implementasi tidak sesuai",2
nice,5
"banyak bug nya, pemesanan tiket banyak erornya",1
"baik pelayanan dan ada fasilitas musholla juga tempat wudhu kaki, agar dijaga dan lebih ditingkatkan lagi pelayanannya..",4
oke,5
"keseringan gangguan, tidak berkualitas",1
Sangat berkesan menggunakan aplikasi ini,5
lancar dari Jakarta ke Bali aman dan nyaman,4
Tolong tambahankan pemesanan Porter di pemesanan tiket. kadang kita pesan tiket itu untuk orang tua. jadi bisa sekalian pesan porter untuk bawa barangnya. biar tidak cari² porter lagi. terimakasih,5
aplikasi nya mudah digunakan,5
tidak bisa upgrade member basic susah sekali tidak bisa parah gimana kai access,1
mantap,5
"mahal, gak ada subsidi dari cikampek karawang lawak. ditinggal kalah sama pesawat, bis dll",1
dapat dimengerti,3
android 10 tidak kompatibel :(,5
"mohon maaf saya lagi promil,saya kebetulan tidak dapet tiket dikereta lokal saya numpang ditempat duduk untuk lansia / untuk yg sedang hamil,dan sakit kenapa saya disuruh untuk pindah trs ya ,semoga ada kemajuan untuk kereta lokal ,dan saya baru pertama kali ini diperlakukan seperti ini,untuk kereta lokal commuter line penataran jombang ke surabaya",1
"gk bisa verifikasi otp pdhl udh bnr, dicoba selama 3 hari pun sama aja hasilnya.",1
membantu,5
"begadang jam 12 bela belain beli tiket aplikasi blank ga bisa beli tiket sampe jam 2, bangun bangun tiket sudah habis h-7",1
"penampilan aplikasi sudah lebih baik, namun untuk pengecekan tiket hanya bisa 3 kali dan lebih dari itu tidak tampil sama sekali tiket yang dicari walaupun tgl masih available. masih lebih baik aplikasi yang lamanya.",1
"aplikasi sampah, susah banget",1
"kadang jadwal yang dicari ga muncul dan lama banget. padahal tiket rute ini apalagi weekend selalu ramai. tolong diperbaiki. sudah 15 menit dicoba tetap ga keluar jadwalnya, terimakasih.",1
"tiap cek jadwal kereta lokal jam 00.00 pasti blank, nanti di cek jam 00.30 sudah banyak yg habis",1
"Sangat bagus, berkembang lebih baik ya",5
"aplikasi sering tidak dapat digunakan, sangat sering maintenance",1
bagus sangat bermanfaat👍👍,5
oke,5
add support android 14 dong,1
mantaappp,5
"lelet aplikasinya, kok tiketnya habis terus kalau mau pesan... tolong diperbaiki.....",3
daftar ke akun basic gk bisa anjiirrrr,2
bikin aplikasi bukan a makin mudah malah bikin dongkol data bener gak bisa masuk udh di coba 20x tetep aja gak bisa isi data,1
"kenapa sih hrs di buat aplikasi,gw jadi ketinggalan kereta sama belinya harus awal ga bisa di akhir niat ga sih bikin aplikasi",1
"Tolong untuk asuransi pembatalan tiketnya(qo**a) di tinjau kembali.. Bekerja samalah dengan asuransi yang amanah.. bukan yg ribet, sdh berbulan bulan klaim kita gak beres².. setiap di chat hanya di suruh menunggu. Heran koq bisa PT KAI bekerja sama dgn asuransi abal²..",2
siiippppp👍👍👍👍👍👍,5
KRL Tanah Abang ke Bekasi kok gak nyala sih ini AC nya,1
"Gimana si bkin akun basic gagal mulu, udh nyoba pke email dan nomer apapun gagal mulu dah .. payah bngt",1
kurang bagus,1
"klo uda ada kursi prioritas, ya jangan nyuruh orang yg duduk di tempat biasa berdiri dong, suru lah itu yg nempatin kursi prioritas berdiri (klo orang biasa). kenapa malah nyuruh orang di tempat biasa berdiri, trus fungsi kursi prio buuat apaan ???",1
Tidak bisa Ganti Data Penumpang.,1
"aplikasinya jeleg min masa udah disempatin bangun jm 12 MALAM tapi waktu mau milih no seat mulu dan LOADINGNYA LAMA kan ga make sense min, sering eror di pembayaran juga. Ngga cuma sekali dua kali min udah jadi penyakit tahunan nih kai kl menjelang libur pasti gini, kecewa si aku jadi tidak bisa pulang, tidak bertemu mamaku dirumah",1
"sistem sering error, lebih diperbaiki lagi kedepannya",1
ini lama² ga jls ya. masa berkali² pesen tiket ga bisa pdahal tiket masih ada,1
"apa si mesti error ga jelas,, tulisan masih tersedia tapi pas di pencet no seat available",1
gak bagus,1
"enak buat healing naik kereta api jadi GK ush ribet"" ngantri",5
kenapa setiap top up saldo berkurang ?,3
menambah pengalaman baru,5
handphone apa y yg bisa support?? apa harus keluaran terbaru..masa iya hp keluaran 2023 sudah tdk support dg kai acces..,2
mohon jam keberangkatan dan tiba di sesuaikan min,2
aplikasi access by KAI suka eror n tolong d perbaiki sistemnya n kualitas sistemnya,1
tolong untuk pembatalan tiket saya kok tidak ada menunya ya?,2
"kebanyakan eror ni apk, benerin dulu deh sistem apk nyaa",1
masih sering terjadi bug di pemesanan kereta antar kota,3
bagus,5
better,4
bagus .....,5
"kenapa malah jadi sering gak bisa di buka ya, hadeuuuhhhhh😴",1
aplikasi busuk,1
baik,5
udh topup kartu multi trip. saldo KALpay terpotong tapi saldo kartunya tidak masuk.,1
"informasi seat yang tersedia berubah-ubah setiap detiknya untuk kereta lokal, dan tidak bisa membatalkan secara online, dan juga tidak bisa memesan tiket lain lagi dengan 1 identitas yg sama",1
SARAN SAYA PERBAIKI LAGI!,3
"selalu in time, petugasnya ramah",5
kenapa ribet amat buat daftar aplikasi ini,1
Habis update aplikasi jalan ke serkothabis lagi terpaksa ke Rangkas ojek disamai harga tiket kai 100rebu pulang laper,5
tidak bisa di buka,1
kebanyakan disuruh update mulu tiap buka😑,2
"Versi sebelumnya sudah bagus, setelah diupdate malah engga bisa login. Disarankan sm cs bwt hapus cache & data sm aja, disarankan login pake perangkat lain akhirnya bisa masuk. Dicoba login kembali diperangkat awal, sampai skg tetap tidak bisa.",1
mengapa access by KAI skg cari kereta dari stasiun gubeng ke stasiun jogyakarta koq tidak bisa aplikasi saya???? apa ada perubahan????,5
baik,4
baik,5
oke oke oke oke pisan,5
ok,2
sangat membantu dan mempermudah dalam perjalanan,4
ok,5
apknya ga akurat sering bug ga muncul jadwal keberangkatan keretanya😡😡😡,1
mantbbb,5
lebih ditingkatkan lg dgn cepat,5
mantap,5
di kode otp suka eror benerin dulu,1
😊,5
Kai plis.. Saat pengiriman kode otp kenapa bisa 2 jam lebih bahka itu juga masih muter-muter. tolong di perbaiki apa server bermasalah? lag?..🙃,3
suruh update malah HP tidak kompatibel trs ini aplikasi cocoknya di hp apa bos apa hp yg mahal² aja yg bisa mengakses yg bisa booking tiket orang yg punya hp murah ga bisa akses 😡😡😡😡😡,1
aplikasi sampah kalau bayar minta cepet pas refund seminggu masih di potong pula,1
pelayanan yang luar biasa,5
tepat waktu dan nyaman,5
Bagus,5
good,5
"Tiket close 10 meniit sebelum pemberangkatan. Beli di loket langsung ga dilayani. Kalau mememang mau full sistem online ga usah di close lah. Batalin pesanan di KA Lokal juga ga bisa, Ribet.",1
aplikasi suka bug,1
oke mantap,5
"makin sampah aja ni aplikasi, bintang bagus cuman tembakan wkwkwk",1
PT KAI semakin maju,5
aplikasi terpercaya dan paling recommended buat perjalanan menggunakan kereta api,5
"kembalikan ke lebih awal aja, bagus pas awalan",1
KLO dari aplikasi KAI nya oke bgt sih mempermudah pemesanan.cuma partner asuransi dr MNC ny itu prosesnya lama bgt hampir 1 bulan ajukan klaim 4 klaim yg di ajukan baru dua yg sudah di trnsfer..,4
belum pernah naik kereta ini baru mau mencoba nggeh,5
keluar terus,1
luar biasa.,5
proses agak lambat,4
Alhamdulillah,5
banyakin promo min,4
sangat membantu,5
sangat membantu,5
puas,5
Saya Pengguna Exekutif- Perjalanan Surabaya Jakarta. Pembagian selemit bagus tapi tolong untuk layanan pengambilan selimut minimal d ambil jam 8 pagi karena kita sampai jakarta aja jam 09.20.... masak d ambil jam 06.30 yang bener aja. dalam kereta aja masih DINGIN.. dan orang tidur di bangunkan. Tidak ada ETIKA SAMA SEKALI.,1
bagus pelayanan nya...refund pembatalan perjalanan jg sangat mudah dan gk ribet,5
mudah dan simpel,5
proses pembayaran mudah,5
gampang caranya,5
keren,5
mudah cepat,5
sangat membantu dlm pesan tiket,4
"ngga bisa login,entah pakai paket data maupun wifi padahal buat main game dan lainya lancar, terus kok sulit untuk ngecek tiket",1
bagus pelayanan pesan tiket mudah,5
harus upgrade hp karna habis update udah tidak kompatibel lagi,1
pembayaran agak susah,4
sangat buruk,1
"okay, feedback metode pembayaran ditambahkan dengan aplikasi pembayaran yg lebih banyak pilihan, Apps ini make it simple, tracking and accessible",5
alhamdulillah tenkyu banyak2,5
sangat membantu,5
hp ku kok ga mendukung untuk update,3
ok,5
bagus cepat disconya juga sip,5
"H-7 PILIH TIKET JAM 12 malam, saat pilih tiket opsi ""tersedia"" tapi saat pilih kursi hanya ada opsi ""tanpa tempat duduk"" GAK JELAS",1
baik,5
punya saya kok jadwal tidak tersedia trus ya ini kenapa,4
"log out dulu, balik login lagi, full kebuka fiturnya",5
"bayar pake qris, gagal pula uang dah terpotong, tiket ga dapat aplikasi sialan",1
"Mudah, cepat, nyaman",5
"halo kak railmin, izin tanya apakah pemesanan tiket maksimal hanya 4 pelanggan dalam 1 akun? kenapa ga bisa diatas 4 pelanggan supaya kami yang suka trip menggunakan kereta api bisa pesan banyak untuk rombongan banyak dalam satu akun🙏🏻",5
perjalan nyaman dan aman hanya kereta api KAI mantap . Joss,5
top feh,5
layanan bagus,4
sangat membantu,5
❤️,5
sangat membantu sekali,5
kenapa Hp saya gak bisa Download nih...,5
"gak pernah dapet tiket kreta nya padahal tujuan lokal,,",1
"aplikasi asu ... aplikasi macan apa ini ?! login nggak bisa , padahal no . HP maupun email-nya sudah bener ... ehhh nggak bisa daftar member pula ... ya ampuuuun ... Hhhh one star to apk 👎👎👎",1
ok,5
mudah dan membantu,5
terus bekerja dengan baik,4
layanan yang sangat membatu sekali,5
terimakasih sangat membantu,5
bagus,5
cepat dan mudah,5
"Beli pulsa di kai access sebanyak 3 x transaksi, transaksi gagal tapi saldo sudah terpotong dan pulsa tidak masuk dan sudah buat laporan pengembalian dana tapi yang dikembalikan hanya 2 transaksi saja. Kasus dari Januari sampe april ini sudah kesana kemari buat laporan yang sisa 1 transaksi juga belum di kembalikan dananya sampe per april saat ini. Bener bener sistem bobrok!!!",1
"LEMOT PARAH. berkali-kali registrasi kenapa failed terus ya. bukan jaringan internet sini (milik saya) saya rasa.daftar aplikasi lain aman2 saja.lancar walhasil booking lewat Traveloka. ada aplikasi kai access saya kira memudahkan,sekedar untuk cek jadwal misal nya . malah tdk bisa masuk kode otp sdh di kirim,sudah di input juga.tp smpe time out masih muter2. berulang kali coba .gak bisa masuk sy registrasi aplikasi lain baik2 sjaa . apa saya yg tidak bisa atau kenapa lemot begini .",1
bagus,5
sangat dibutuhkan,5
"Ditingkatkan lagi untuk khusus kursi prioritas seharusnya diharuskan memang benar untuk prioritas jangan dipakai dengan orang orang sehat dan tidak ada sopan santun. sudah tau ada ibu hamil tetapi kakinya dengan enak masih di atas kursi, agar tulisan prioritas itu tidak hanya untuk pajangan saja, lebih baik dikosongkan dan benar untuk prioritas saja.",2
hadeeeuuhh... bayarnya berulang2,4
"hallo PT. KAI access.... aplikasi sudah bagus tapi tolong ya.... kayaknya perlu di hapus deh tiket berdiri.... karena ini saya tidak nyaman ... padahal memang sudah beli tiket 4.... kita cuma ber-3... tujuan kami beli tiket 4 ini buat jaga"" kalau anak saya yg baru 4 tahun tidur... dan bisa tidur lurus/selonjor di salah 1 bangku yg kami pesan... supaya anak bisa tidur dengan nyaman ... dan saya minta bangku yg sudah saya beli ini... malah saya yg disuruh pindah.. tolong demi kenyamanan penumpang",1
"Beware risk apk detected, maksudnya apa yah dari tadi gitu mulu di dalam apk nya",2
keren praktis,5
keren ... berubah bagus terus,5
KAI solusi bepergian yang nyaman 😊,5
"pembatalan tiket susah,berkali kali dicoba muncul tulisan ""account owner is not passenger"" lawak emg aplikasi ini,gamau rugi wkwk",1
kai mantap,5
"kai access wkt baru daftar lancar badai. kenapa sdh pembaruan aplikasi mau top up aja semua bank , semua kartu ga bisa. ada yg billang system tdk tersedia, ada yg bilang sdg maintenance. mana yg bener coba.",2
ruwet pengembalian dana,1
good,5
"tolong ini bug nya diperbaiki deh. saya udh beli tiket, udh bayar juga sampe kepotong beneran, lah waktu di cek lagi kaga ada tiketnya 😂 kebuang duitnya. mana petugas di stasiun ngerendahin bgt dikira saya ngeboong et dah. diperbaiki dah",2
sangat membantu,5
"sangat bermanfaat untuk kalangan kebawah dan mudah untuk akses pesanan. Pemesanan juga tidak sulit untuk di pesan,Area bersih & nyaman untuk manaiki KAI. pokoknya rekomendasi banget naik KAI,di jamin aman dan baik",5
tolong tambah fitur top upnya menggunakan dana dan gopay agar lebih mudah lagi,3
"Dengan ini saya melaporkan buruknya layanan KAI Access. Transaksi telah saya bayar lunas via QRIS, namun sistem KAI gagal menerbitkan e-tiket dan status masih ""Menunggu Pembayaran"". Saya dirugikan karena dana telah berkurang namun hak sebagai konsumen tidak terpenuhi.",1
"korup, masa gue tf dari bca ke kai pay 15.000 jadi 12.100",1
aplikasi nya sangat mudah and praktis,5
"apa sekarang udh gx bisa lagi, pesan taxi di KAI access?",5
"Sebel dah booking pilih bayar pake Qris. giliran tinggal nampilin barcode g muncul ... mau ganti metode pembayaran g bs, mau psn ulang harus nunggu beberapa menit. kan bikin emosi... ya kalau mmng lg g bs bayar pake qris ya jangan d tampilkan metode pembayaran pake Qris... bikin emosi",3
"Fitur aneh, pembayaran ada spay tapi eror bolak balik doang gajelas, mending gausah dikasih opsi itu klo gabisa dipake",1
very good,5
jangn update ga bisa login,2
"mantaf, sangat terbantu",5
"lama² kesal jadi nya,telat beli tiket karna aplikasi nya dikit² ""maaf layanan tidak tersedia karena proses pemeliharaan"" mau sampai kapannn? dikit² gk bisa diakses,dikit² error,jauh² hari beli tiket malah error,nanti pas dekat² hari hari baru bisa kursi udah habis,tolong diperbaiki lagi update an nya!!",1
sangat bagus pelayanan KA skrng,5
bagus banget jadi mudah beli tiket kapanpun,5
🅑🅐🅖🅤🅢,5
"nyaman naik kereta, jadwal pasti",5
kenapa susah d download,5
"ini kenapa harga kereta api lokal sama antarkotanya jadi sama? baru buka kai lagi, perasaan dulu ngga gini deh. ngebug kah ini?",2
aplikasi tidak seperti dulu. sekrang sering muncul aplikasi pemberharuan truss jadi ke ganggu mau pesan tikett,1
"Akhir akhir ini sering muncul bug ""sesi habis/ sesi pemesanan kereta telah berakhir"" ketika mau memilih kereta. padahal belum lama buka aplikasi",2
semudah itu untuk pemesanan tiket KAI,5
cepat mudah,5
kenapa mencetak tiket gk bisa keprosea ada bug app ini di hp samsung,1
pembayaran tidak ada admin tapi langsung kepotong 2500. ini sangat tidak fair karena penumpang terpaksa harus top up lagi dan terpotong 2500 lagi. kenapa sih gak kayak aplikasi lain yang jelas top up berapa isinya jelas berapa. kalau mau ada admin dari awal biar gak top up berulang seperti ini. bisa gak sih gak dzalim ke rakyat kecil. udah kayak penipuan aja top up 14.000 masuknya cuma 11.500,1
memuaskan,5
bagus,5
Kenapa selarang gak kompatible lagi dengan OPPO A60?,3
luar biasa,5
mantaaff,5
harga kalau lebih murah. mantap .. harga sama dengan swasta bus,3
mantul,5
pelayanan acceess kai memuaskan.,5
cuma bisa 6x transaksi dalam 1 hari,2
"kai pay ruwet, masa eror gak bisa bayar. jadinya bisa gak dapat tiket",1
Bravo jaya3 KAI,5
potongan pengembalian ticket terlalu besar,3
"Telatnya ga kira2.. sering telat 30 menit sampai 1 jam, panas2 di siang hari, waktu produktif terbuang sia2, Terus negara nekan pajak tinggi gitu ? Negara dgn BUMN spt ini tinggal nunggu hancur..",1
"pelayanan ok, bersih nyaman",5
susah sekali masuk,2
kai bagus sekali pelayanan ke konsumen,3
sangat membantu saya,5
tidak muncul jadwal keberangkatan,1
"jangan keseringan update dong, nyusahin yg storagenya penuh ini duh pusing",2
"sangat suka aplikasi nya, saya jadi sering pergi"", tiap buka apl nya.. 😍",5
"mau batalin tiket aja ribet nya banget, only bisa ke rekening pengembalian dananya, gak aplikasi pelajar able, susah pokoknya, udah ma ada potongan mau dibatalin tuh, mau di ganti ke tiket lain juga ada potongan, ribet",2
cepat gampang di akaes,5
Alhamdulillah puas,5
"untuk pelayanan booking kursi kereta jarak jauh sangat membantu sekali, Tapi tolong perhatikan rekanan kai pay perlu diperhatikan dan dipertimbangkan kembali. kalau saya lihat rekanan kai pay (kaspro) ratingnya sangatlah rendah. Sebab hal ini juga menjadi penilaian buruk buat app kai sendiri. Buat saya Access by KAI sangat bagus 💯",5
tdk bisa pesan online...sdh 2bln ini... knapa??? pdhal tdk ada kata update....,1
"Mau pesen di apps harus member basic, begitu daftar malah gak bisa, semua cs terlalu lelet untuk hapus akun, call melalui apps terputus mulubegitu udah bisa kereta yang di mau udah ga ada harus beli di jam keberangkatan berikutnya. nyusahin",1
mantap,5
sangat membantu dg adanya aplikasi ACCESS by KAI Terimakasih KAI sukses dan jaya selalu ❤️❤️❤️❤️❤️,5
untuk sementara ini sudah memberikan pelayanan terbaik.,4
lumayan,4
puas,5
Aplikasinya cepet serba digital sekarang makin mudah makasih banyak KAI,5
"Kepada PT KAI. Mohon diperhatikan keluhan pengguna aplikasi access, ternyata banyak yang mengeluhkan di rating. Saran/usul/komplain dari kami pengguna: Jika tidak darurat aplikasi jangan sering di up date/ganti versi! Saya up date aplikasi di hp jutru gagal total. Saya juga sudah mengunjungi Cs Stasiun Bekasi 13/4/26, dilayani dgn sangat baik, namun setelah cukup lama tetap gak bisa menyelesaikan masalah. Mohon maaf (*), ini demi kebaikan semuanya.",1
daftar susah akses sulit,1
ok sudah makin maju,5
mantap,5
bagus sekali,5
KAI top lah,5
keren... bagusssss,5
bagus,5
"Saya kasih bintang 3 dlu, karena apk nya sudah bagus. Akan tetapi ketika saya mau top up melalui BNI Mobile Banking mengapa nomor virtual account nya tidak tersedia ya??? padahal sudah mengikuti panduan nya dan memasukan nomor yang tertera. Tolong dong ini diperbaiki lagi, saya jadi susah buat beli tiket kereta nya. Kalau bisa tambah fitur melalui e-wallet yang lain (yang sering dipakai orang2)",3
"tidak puas, karna keseringan error, beli ke loket juga habis, terkadang harus minta tolong temen, jadi ngerepotin, bisa mah di permudah pembayaran nya lewat dompet digital atau by card reguler kai.. biar nggak war tiket...",1
gampang sih pake kai access ya gitu deh kalo pas di stasiunnya malah tiba tiba log out terus gmail pun gak nyambung sama nomer telepon jadi saran kalo udah beli tiket di ss supaya aman tidak ilang tiketnya,4
"ini aplikasi KAI kenapa Caya cari tiket ke ke Surabaya dari jakarta kok tidak ada satu pun ada, sementara di Traveloka ada tiket kereta, kenapa yahhh aneh sekali",1
dapat menukarkan railpoin,5
bagus,5
app nya okeee 👍,5
"punya saya tiba tiba keluar ada tulisannya akun di akses di hp lainn,gimana sih minn ga tau lagii udah beli tiket mahal mahall malahh hanguss fak emangg",1
oke Baik,5
gabisa,1
Terbaik 👏🏼,5
aplikasinya jelek ga rekomen banget,1
baik,5
"benerin noh sistem pembayarannya muter muter susah anjirr, Ampe satu jam kagak selesai cuma buat hubungkan akun shopeepay, muter muter ga jelas sialan",1
"saya ngisi saldo kartu MRT di aplikasi kai acces tpi di chek saldo ko belum nmbah ya,pmbyranya pakai shope pay",3
jadi lebih mudah kemana mana hampir setiap Minggu pakai kai mantap deh pokoknya semoga semakin sukses amanah dan semakin jaya buat masyarakat umum,5
Good,5
sll salam sapa senyum s3,5
nyaman dan bersih,5
cukup membantu saya juga,5
"sering ngebug, aplikasi lol",1
Baru buka aplikasi lagi sekarang jadi tahu siapa orang yang di sebelah kita,5
sangat membantu,5
"sangat cepat, luar biasa",5
tiba tibagak bisa pakai Krn spek hp harus naik jadi repot mau pesen tiket Krn blm bisa beli hp yg bisa apk kai,2
bagus,5
sangat membantu,5
sangat bagus,5
"jelek banget, dikit2 eror dikit2 eror, perbaiki napa sistemnya. Tiap mau booking harus aja tiket tidak tersedia, masa senin sampai minggu penuh terus",1
ok sih,5
lebih mudah dan nyaman untuk perjalanan,5
Bagus,5
puas,5
keren,5
refund tiket enak. walau di potong 25%,5
tadi nya bisa pakai aplikasi ini setelah di update malah hilang aplikasi nya ..di download ulang di play store malah kagak ada yg muncul malah aplikasi lain...payah dahhh ni app kai access ruwettt,1
👍🏻,5
baik,5
"syuliiittt banget pake apk iniii , sering banget harus di update , dan pas udh di update harus registrasi ulang , kesell bgt",1
terimakasih,5
mantab,5
"Halo kai sediain kereta yang lebih nyaman dong buat rute Kediri-Surabaya. Adain kereta eksekutifnya dong. Kereta commuter line pegel kursinya. Mau yang lebih nyaman soalnya tiap Minggu naik kereta terus. semoga diadakan ya kereta yang lebih nyaman, harga naik ga masalah asal nyaman.",4
assalamualaikum,5
bagus,4
membantu sekali,5
mantul,5
apk ini sangat membantu untuk dapat mengetahui rute kereta serta harga kereta antar kota. namun untuk metode pembayaran e-wallet tidak bisa,5
"asuransi pembatalan tiket karena alasan apapun yang dijual ketika membeli tiket. proses klaimnya susah utk dibayarkan, sampai sekarang setelah 30 hari kerja menunggu, klaimnya belum dibayar. Mohon dievaluasi kerjasama dengan pihak asuransinya. update: klaimnya per 13 April 2026 sudah cair, dari pengajuan klaim 11 Februari 2026",5
apa susahnya sih nyantumin foto bangku kereta ketika mau pesen online tiket,1
bagus dan cepat mudah,5
ok,5
good job,5
sering bgt perbaikan sampai gak bisa di akses. agak susah kalau mau pesen ngedadak krna suka tb tb error gajelas,4
bagus👍,5
sangat membantu,5
mudah dan menyenangkan,5
"gaenak banget yg sekarang. 1 bulan yg lalu beli tiket, sengaja bgt bangun jam 12 malem buat bisa pilih kursi. udah isi saldo banyak jg. udah pesen tiket udah pilih kursi udah selesai pembayaran. pagi dicek tiket gda sama sekali. padahal saldo udah berkurang. beli lagi udah gaada kursi. tapi langsung muncul pesanan tiket nya. trus gimana ini? tiket ku yg hilang gimana? udah susah² bangun jam 12 biar bisa pilih kursi juga. mana tiket buat4 orang jumlah nominal byk. bukti transaksi berhasil jg ada",1
keren banget dan bagus banget,5
"Aplikasinya sudah oke dan bagus sangat mudah tapi tolong sistem pemesanan tiket jangan di persulit terutama untuk kereta kelas ekonomi subsidi dari tadi coba cek aplikasi semua tanggal di bulan yang sama semua jadwal tidak ada bahkan coba cek untuk keberangkatan dari stasiun yang lain tapi tujuannya sama coba cek di tanggal yang sama dan berbeda tapi di bulan yang sama justru malah muncul untuk kelas eksekutif, ayolah kai kereta ekonomi subsidi itu jangan di persulit.",2
Untuk Daftar ke basic aja susahnya minta ampun..CS pun juga tidak bisa membantu dengan mudah terkait akun basicnya...kalau g guna hapus aja lah dari playstore...,1
Aman.,5
"minta update tp tidak bisa di update,,,, dihapus malah ga bisa install lagi",1
ok,5
good job,5
bagus,5
kok tau2 saya gak bs masuk aplikasi nya kan aneh,3
susah mengubah profil,4
"para petugas KAI Stasiun Bandung tolooong sekali, berikan info yang jelas dan detail ke pelanggan ketika kami bertanya, meskipun ada petunjuk tulisan terkadang tetep pusing, apalagi yang tidak ada petunjuk. saya sudah dua kali naik kereta api jarak jauh, hampir ketinggalan, karena info yang diberikan oleh petugas SANGAT2 MINIM. pas nanya ke petugas jawaban seadanya, ya Allah emosi bangetttt saya, saya pelanggan KAI sudah hampir 10 tahun, bener2 dibikin geleng kepala 🤦",2
"setiap mau boking,,malah gagal... tanggal 31 mau diboking malah gak ada.setiap tanggal akhir selalù gak ada...pas genting malah selalu kehabisan.gimana kalau orang pulang dri luar negeri pas mau pesan àkhir bulan selalu gak ada tiket kèreta nya...",3
cs by call tidak ada yg bisa memberi solusi,1
"iklan yang mengganggu, tolong tampilkan saja sisa bangku yang sudah habis, sperti sebelum pembaharuan sebelum nya",1
udah beli. tiba tiba ngbelnk. keluar sendiri. dan gak bisa masuk lagi. kecewa banget,1
kereta lokal saya kok gak muncul min?,5
gak bisa ubah jadwal,1
sangat membantu sekali ..mudah dan praktis,5
"aplikasi bagus, namun Oppo a31 saya tidak kompatibel lagi. mohon gunakan OS yang ringan biar bisa pakai kembali.",4
bagus,5
Pesan tiket lebih mudah bisa dari mana saja. memberikan kemudahan bagi para pemesan Tiket Kereta. Tanks KAU Access,5
mantap dan mudah,5
"saya baru download aplikasi ini tapi kenapa tidak bisa di buat pesan ya sudah saya coba pakai 2 hp juga sama saja tolong solusinya min,, rencana mau pesan tiket untuk Minggu ini",3
aplikasinya udah bagus cuma minusnya dipembatalannya tidak bisa pakai e wallet dan akhirnya hangus😔,4
bagus dan mudah,5
lancar urusan kereta dengan aplikasi ini,5
ini kenapa gak support di device saya ya versi android 16,1
aplikasinya gajelas!!!!!!!,1
"aplikasi taekk, banyak bug nya",1
aplikasi gak pernah improve dari tahun2 sebelumnya. sampah banget. gabisa hire team IT yg mumpuni kah? itu yg komen bintang 5 dah pasti buzzer/org bayaran biar naikin rating. aslinya sampah,1
minimal benahi lah klo ada komplen dari pengguna aplikasi,2
mantab,5
oke,5
"tiket sudah di batalkan kenapa tidak bisa pesan tiket lagi, sangat buruk",1
bagus,5
setelah update jdi ga bisa di pakai,1
Bagus,5
bagus,5
"BANYAK BUG NYA, MOHON SERING MAINTENANCE",1
"suara pengumuman pemberitahuan kedatangan kereta didalam stasiun kutoarjo terlalu ngbass dan hanya 1 sumber suara, sebaiknya diperbanyak speaker dipasang setiap beberapa meter, karena suara manusia bukan musik yg harus besar bassnya. Tiket Go Show berharap bisa dipesan online untuk memudahkan pelanggan memilih jadi tidak perlu tergesa-gesa ke stasiun hanya mengejar jam keberangkatan.",1
SANGAT JELEK UPDATENYA. JADI SWRING ERROR KETIKA MELIHAT JADWAL KERETA. HAPUS HAPUS DULU DAN DOWNLOAD LAGI. KEMUNGKINAN KEHILANGAN KESEMPATAN DAPAT KERETA SEMAKIN BESAR.,1
cepat,5
infonyacpt,5
"Untuk pembelian tiket onlinen dan cek in sdh baik, namun byk kurang terutama cs. sy psn kereta arah SMG &mndpt info ktrlmbt slm 205 mnt sdg jdwl pesawat tidak bs d undur., sesuai dgn wa bahwa cust bs refund 100% tiket via loket/cs. mslhx sy tgs di Klmtn tdk ad sta krt slm prjln via darat k Smg - Kmtn sy hub CS trsbg nama n no tlp aman blg mo refund CS kna jantung, pingsan, koma dll puluhan kali sy cb. ini bkn uang tp tgg jwb KAI. Cari CS yg ga gmpg kna serangan.",1
bagusss 100%100,5
"Ayolh KAI ini untuk wilayah sumatera selatan ini tiket ka pnp susah bener dicari, perbanyak lagi ka pnp jangan ka barang aja yang dibanyakin, beda bener dengan dipulau jawa pulau sumatera ini",1
iya bagus lumayan jadi lumayan terbantu lah buat saya dari cianjur mau ke sukabumi jadi agak mengurangi beban lah ya terimakasih buat access by kai,5
"bagus, bermanfaat",5
top markotop,5
"Up date ka up date se aplikasi ko ma, anjiang.",1
good,5
sayang nya jumlah seat yang tertera tidak sama dengan yang di aplikasi,2
"bagus, sangat memudahkan.",5
bagus,5
"orang tua saya beli tiket online pakai atas nama ktp saya tidak diperbolehkan masuk, pdhal orang sudah tua juga dan tdak tau pakai online kok malah dipersulit tidak boleh masuk kalau tdak pakai ktp asli. . bumn slalu saja ribet dan tdak membantu",1
"kenapa gak ada jadwal kereta di semua tanggal, tolong perbaiki aplikasinya dong",1
"KA bandara express dr Jogja ke bandara atau sebaliknya tidak bisa memilih tempat duduk untuk apa bayar lebih mahal kalau kita tidak bisa milih tempat duduk seperti dulu pakai KA bandara aplikasi, penurunan kualitas menurut saya. selisih 3x harga kereta bandara biasa. ini aplikasinya atau memang rulesnya yg berubah..",1
sulit mengganti opsi bayar,1
mudah dalam pembelian tiket,5
"apk g jelasss , masa yaaa udah di kirim otp email tapi ttp ga bisa.. lodingg muluu .. ujung2 nya balik ke awall ,",1
knp sih susah bgt cari yg air langga.. jgn semua di berikan ke jalur yg jateng.. kasian yg jatim,1
"searching jadwal tanggal 3 may 2026 kaga bisa (login 10 april 2026), tapi di traveloka muncul dengan cepat jadi kaya aplikasi ampas nih kai access",2
bagus,4
jos,5
mantap,5
sangat puas,3
INI KOK SUKA NGELAG SIH JADWAL KERETANYA...KADANG MUNCUL KADANG KOSONG SEMUA TANGGAL KAN ANEH MASA SEMUA TANGGAL TIKET SUDAH HABIS SIH,1
kai is the best,5
"Bersih, cepat dan on time selalu 👍",5
sering bug,2
baik,4
"Aplikasi busuk!! Sekarang gak bisa beli go-show selalu ada tanda ""sesi anda habis"". Ujungnya ke st.langsung, gak ada perbaikan. Ada promo juga, kalau aplikasinya gak siap/banyak bug/server erorr ya sama saja.",1
Best of the Best,5
pelayanan baik,5
"Jelek, sering eror gak jelas. Mau beli tiket udh mau pembayaran malah ke out trus jd nggak bisa payment dan hrs tunggu sampe waktu payment tiket sblmnya habis. Benerin noh aplikasi lu",1
bis reschedule tiket kereta ga si,4
"satu2 nya operator transport jalur darat yg cepat dan on time, makin ksini makin keren",5
istimewa,5
mantaaap,5
goodd,5
sangat membantu,5
"kenapa aplikasi nya sudah tidak bisa d buka,, pdahal udh d update",4
"aplikasi sampah ngabisin duit pajak, mau upgrade data ga bisa",1
lbh praktis,5
fast,5
susah dapet tiket,3
sangat mudah dan gampang dimengerti,5
lebih efisien buat pesan tiket,5
Lemot Parah...Nungguin kode OTP abisin waktu 1 jam...PARAH!!!...Mending Balikin ke TIKET On The Spot...Beli di Konter KAI saja...BUMN PARAH,1
kacau aplikasi ini,1
"mudah, praktis dan sangat membantu",5
buruk,5
mau tanya kak kenapa ya sehari cuman bisa pesen tiket di kai acces 6x transaksi lebih dari itu tidak bisa . karna sehari saya bisa 6-7 x naik kereta api antar kota sby semarang. semarang ke tegal. tegal ke cirebon . cirebon semarang. semarang balik lagi ke Surabaya.,4
ok,5
"menurut saya aplikasi sama web gak singkron, nama stasiun di aplikasi ada di web gak ada, kususnya wilayah sumatra di ribet kan beli tiketnya",1
sangat membantu dalam memebeli tiket kereta... tp kadang di aplikasi habis pas ke stasiun masih ada,5
"bagus banget, thanks you kerja sama sangat baik",5
mau login susah nunggu satu jam belum dikonfirmasi,1
mantap jaya,5
Ok,5
"saya suka dan sering naik kereta, tapi tidak untuk aplikasi access by KAI. sering error, bisa top up tapi tidak bisa permbayaran",1
mempermudah,5
tolonglah bpk ibu admin yg saya hormati kenapa susah kali mau update aplikasi ini saya mau pesan lo ya Allah dsuruh update pas mau kita update isi data smua malah ga bisa bisa cmnanya,2
oke,5
mantap ada Shopee pay,5
memuaskan,5
"bagus, keren dan cepat",5
Mantap,5
trimakasih,5
sangat membantu,5
ok,5
Good,5
"pak mau tanya. klik CS nya KAI access dimana? bingung. sudah tiket belum dibayar, mau menyelesaikan pembayaran klik dimana?",2
"sebenarnya ini saya yang tidak bisa pakai atau sistemnya yang unik, jadi ada beberapa eror tapi sudah teratasi di hp saya.. sejauh ini mudah banget untuk pemesanan tiket dan okeh banget thanks KAI",5
okayy,5
aplikasinya kenapa sama sekali gak bisa dicek jadwal tiketnya. dari awal maret saya download sampai sekarang tetap gak ada jadwal yg muncul. uda coba redownload ulang berkali-kali pun tetap sama.,1
"pas mau keberangkatan tiba2 ga bisa dibuka apk ny ,",1
"semoga lebih mudah akses & layanannya, banyak promo - lebih nyaman kedepanya.",5
mantap,5
"dulu bisa,sekarang tidak",1
👍👍👍👍👍,5
kenapa ga bisa donlowd ini di hp samsung galaxy a01,1
sangat membantu membeli tiket KA online,5
dear KAI qu mau pesan tiket online per bulan mei kok tidak bisa terus yah bagaimana solusinya.trims,5
bad banget. cm support android baru. developer macam apa ini android. 10 di skip,1
ok banget sangat membantu,5
"Sangat membantu, dan. Sangat mudah tanpa harus datang ke. Stasiun bila mau booking tiket, tapi sayang sekarang booking tiketnya di batasi cuma 4 orang, padahal kalo saya rombongan bookingnya banyak, mohon maaf saya kasih bintang 2 saja, kecewa dengan perubahan, dan semoga jalur banyuwangi ke Bandung segera ada",2
good,4
"mau pesen tiket kereta tapi ga bisa harus verivikasi lewat Gmail,Gmail udah bener tapi tetep aja ga bisa,tolong perbaiki",3
praktis,5
bagus,5
tolol..petugas g komitmen g bisa bantuin batalin tiket padahal da makai ini aplikasi bertahun2 ..bikin rugi aja,5
kuntruksi,5
membatalkan pesanan mudah banget.. mantap,5
seru,4
hadeh mau upgrade aja susah banget dah ampun,3
sangat nyaman,5
"metode pembayaran tolong diperbanyak, mis: Alfamart/Indomaret biar lebih mudah jangkauan nya",3
entah aplikasinya lemot mungkin ada bug hicks,1
bagus,5
mantap sesuai,5
kenapa aplikasinya gak bisa d pake y?saya d padang ingin menggunakan kereta lokal tp gak bisa,1
👍,5
mantap nih..gercep,5
ada masalah dipembayaran e wallet,1
gud,5
excellent,5
ok,5
"udah Ndak kompatibel sama ponsel lama, jadi Ndak bisa pakai lagi ni aplikasi",1
"baik, Nyaman,",5
"aplikasi udah di update,gilaran masuk engga bisa",2
"Min tolong dong di upgrade untuk masalah kesalahan pengetikan NIK agar dapat diubah kapanpun atau beberapa jam sebelum keberangkatan,terkadang namanya kita manusia suka salah ketik Terimakasih",4
oke,5
sangat baik,3
pesen tiket kereta JD gampang 👍,5
ini kami apaan si ribet bgt gw udah masukin sesuai permintaan tapi malah ga bisa harus member basic dulu pas udah isi ga bisa nyuruh login lewat email padahal udah ttp ajh bgtu gimna si,1
Kembalikan saja aplikasi acces KAI ke versi yang sebelumnya. Versi yang baru diupdate ini sepertinya sangat tidak nyaman. Mayoritas testimoni dari pengguna di tahun 2026 rata rata pada kecewa berat. Apakah manajemen KAI bisa memperbaiki ?,1
Pelayanan BAIK,5
kecewa sama info dari stasiun kreta dellay yang harusnya jam bermgkt 20.38 dellay sampe jam 22.00 tapi kreta datang jam 21.35 terlambat 1 menit tiket hangus dan hrus beli lagi..dari sms kai refund 7x24 jam di coba tidak bisa.,1
"yang bikin aplikasi ini belum kena drone iran ini aplikasi main main. sdah klik stasiun keberangkatan sama stasiun tujuan ,kemudian muncul jadwal kereta tidak tersedia (semua jadwal )",1
pemesanan cepat,5
lemot bro,1
pelayanan bagus,5
polll,4
"bintang satu aja, data foto tidak bisa di suruh ke kantor kai minta tolong di perbaiki lagi",1
Tidak mendapatkan kursi di KA Lokal kelas Ekonomi.,1
good,5
"banyak bugnya, mau batalin tiket gak bisa pas di pencet, setelah itu tiketnya yang belum ku bayar tiba-tiba hilang sendiri, ku kira ya udh ke batalin gara² tadi di pencet batal gak bisa, dan memutuskan untuk pesan lagi. GAK BISA soalnya udh ke booking???? ku cek bukingannya udh gak adaaaaaa, akhirnya aku telat beli kereta",1
"kereta delay Mulu, rugi waktu uang semuanya, kompensasi cuma air mineral botol",1
kenapa tdk compatible lg dg perangkat?. posisi android 16,2
enak.. praktis dan cepat walaupun kadang berperang dg waktu 😃😃😃😃,5
gak ribet..mudah,5
aplikasi kemplung kebanyakan error,1
mantap,5
sangat bagus,5
so far is good,5
Bagus,3
mudah digunakan,5
kalau bisa diubah jadwal kereta api bandara saya kasi bintang 5,3
sangat bagus,5
cukup memuaskan,5
sangat membantu sekali..!,5
semakin sering tidak tepat waktu.,1
"Akhir2 ini mengecewakan.. Beberapa kali terlambat tetapi tidak ada solusi.. Live tracking di aplikasi KAI juga dimatikan.. Padahal kereta lanjutan kami sudah berjarak 2 jam lebih.. Kondektur menjawab tidak bisa membantu.. Bagaimana pelayanannya ini? Mohon dievaluasi kembali.. Kalau begini kami rugi waktu juga rugi materiil.. Solusi seharusnya solutif, tidak memberatkan penumpang.. Sekian dan terima kasih.. Maaf jika kurang berkenan...",2
ga bisa login melulu,1
"Sangat membantu, I love KAI 🫰",5
apk paling paling ribett yang pernah ku temui,1
sangat membantu,5
good,5
securiti di dalam kereta sangat arogan..,1
"Mantap betullll,sangat mudah dan transparan",5
aplikasinya bagus 👍,5
Good,5
"ini aplikasi kenapa padahal saya mau mesen tiket buat 2 Minggu depan tapi tiket kereta lagi pada tidak tersedia tulisannya, tapi pas saya cek tiket yang habis malah tidak ada tiket kereta yang habis tolong dibetulkan aplikasinya apakah bug atau bukan ini gimana solusinya",1
Aplikasi bug,3
keren,5
apk gak jelas padahal saya melakukan transaksi dari bank saya pas melakukan pembatalan gak bisa gua rugi ni kai gara² ni apk gak jelas udah jelas² bank saya eh pas dilakukan pembatalan malah terdeteksi bukan pengguna pelajaran bagi kai benahi ni apknya gak jelas,1
ok,5
terpercaya,5
kenapa sekarang Kai acces susah buat dapet tiket online slalu tidak tersedia??,2
aplikasi nya oke tapi refund nya lama,3
"Buka railfood tidak tersedia, padahal masih setengah perjalanan. Buka lifetracking juga gitu. Jelek banget apknya sekarang, padahal signal aman. tolong dong segera diperbaiki, jadi susah kalo mau pesen makan. makasih",2
bagus,5
"tolong lah kenapa saya ingin Batalkan tiket gak bisa padahal batalkanya masih lama sama jam berangkatnya apasih access ini bukan 1,2 x kek gini kebanyakan update Tah Cemana bagus kek kemaren itu semuanya gampang gak ada kendala",1
sangat efisien dan mudah untuk pesan ticket kai,5
aneh. GK bisa di acees,1
jika ada castemer beli tiket di lokat mohon kasih ..tidak semua org punya aplikasi ..kadang beli saldo error ..tolong saya ke susahan saya bolak balik rumah sakit cicendo kontrol 🙏🙏 semua umur,5
beli pulsa... pulsanya ga masuk tapi saldo di potong 👍👍,5
layanannya bagus tapi saya ga ngerti kenapa aplikasi sudah tidak tersedia di HP sayaa,2
ok,5
baik,5
"syulit diakses , mencoba pesan tiket , tapi tiap hari tidak ada kereta , tampilan seperti 1bulan full booking utk semua jurusan. piye toh...???",4
bagus,5
kenapa jadwal dari Sidoarjo ke Bojonegoro jadwalnya di ubah lebih pagi,1
goodjob,5
pelayanan mudah Joss jiss,5
aplikasi yg sangat bagus dan membantu,5
ok,5
Memberikan kemudahan yg sangat baik,5
"Di ubdate malah Lelet, dan selalu hilang jadwal. orang lagi urgen malah bikin kesel. sebelum di ubdate Sebulan jadwal masih tertera. ini setelah di ubdate. lagi nyari2 kursi dijadwal hari. tiba2 ilang aja semua gk muncul. ubdate yang mengecewakan.",2
jos,5
"CS ramah , punya masalah call in App tersedia , dengan koneksi internet bebas pulsa , pelayanan cepat , cs sangat mudah di pahami , Greatest services of government industries 😁, Good Job KAI",5
"Overall bagus. Tapi tolong itu bug-nya diperbaiki, masa pas cek tiket ada (tersedia) pas lanjut isi data dll gak mau lanjut ke sesi berikutnya. Terus, untuk KA Kuala Stabas kenapa pemesanan tiketnya harus seminggu sebelum keberangkatan ya? Nggak bisa gitu kayak KA Rajabasa?? Full satu bulan tiketnya di spill dan udah bisa di booking. Terakhir, adain kereta malam dong untuk rute (OKU) Baturaja - Tanjung Karang (Bandar Lampung). Terima kasih.",4
makasih banyak,5
sangat di perlukan ga ba di gunakan,1
"Aplikasinya sudah semakin bagus tapi sepertinya ada yg kurang pada menu batalkan pesanan pada kereta lokal, karena saya tdk bisa membatalkan pesanan kecuali manunggu 5 menit terlebih dahulu baru batal secara otomatis",5
ekonomis. praktis. aman .terencan.nyaman,5
lemot aplikasi nya,2
mempermudah beli tiket kereta api,4
"plis banget aku top up kai pay kepotong jadi ngaruh pembelian tiket pulang, mana biaya adminnya gede pas top up dari beberapa bank, dan pas pembelian tiket krl emang gak bisa cash yahh kalo offline harus pake kartu atau beli pake kai access😓😓👎👎",1
"Tolong tambahkan metode pembayarannya, terutama menggunakan BRI",3
sangat bagus,5
cukup bagus dan cepat,5
baik,4
"sekarang sekarang aplikasi ini sering error tiket kadang tidak muncul sama sekali , tolong perbaiki kembali",2
tidak bisa masuk ke akun tersebut,3
Bagus sekali Bisa refund 100% Walaupun estimasi sampai malah tidak pas Masih disyukuri Jangan Dengerin orang orang Yang Tidak menyukai aplikasi ini Mereka hanyalah orang aneh Yang Hanya Menurunkan kualitas aplikasi dan membangkrutkan Bisnis Kalian Mereka adalah buzzer buzzer aneh yang belum menyoba nya,5
tiket kereta pagi habis terus... tolong di perbanyak gerbong kereta pagi,5
mantap,5
kereen,5
ngapain ada opsi pembatalan tiket kalo gak bisa dibatalkan via aplikasi,1
mau batalin tiket gak bisaa ini gimna,1
alhamdulilah membuat meringankan beban dan tidak takut seperti naik bis,5
bismillah,5
"Aplikasi ini sangat Berguna untuk mengetahui Rute LRT DAN KRL, Terima Kasih KAI",5
mantap,5
"aplikasi sudah bagus, namun saya ingin menyampaikan saran. tambahkan keterangan untuk nomor bangku tersebut compartement atasnya bisa untuk koper besar atau tidak. karena itu jadi informasi penting terutama bagi pengguna kelas ekonomi. terima kasih",5
"demi allah apk konyol, mau bayar pake qris tapi gasengaja ke-back malah pas liat menu transaksi opsi qrisnya udh gada. JDNYA GABISA BAYAR.",1
"kursi tdk tersedia tp masih bs booking tiket, kenapa g di tutup aja kuotanya klo tdk tersedia kursinya",3
bagus banget,5
"ini serius apkny bobrok ini, kalo ngga bisa bikin ngga ush maksa.",1
mau daftar tapi lemot banget,1
rusak. kadang error gabisa liat tiket kadang muncul. please lah jadi makin kurang efesien,3
good,5
cepat,5
baik,5
mantap,5
nyaman,5
kok sekarang gabisa update lagi,5
SANGAT RUMIT DAN BANYAK PILIHAN YANG NGGAM JELAS,1
sangat bagus,5
mantap,5
oke,5
bisa terapkan tiket hangus jika tidak melakukan check in di hari keberangkatan. dengan kata lain itu menjadi kursi kosong yg bisa ditempati setiap orang. jangan lupa juga harus ada informasi agar penumpang tau. ini saran dari saya sebagai penumpang. terimakasih,5
mantap,1
sangat sangat membatu,5
kok nggak ada kereta nggk bisa mesen aplikasinya eror atau gimana,1
sangat bagus,5
"opsi pembayarannya ditingkatin lagi ya, supaya pelanggan lebih mudah pilih mau bayar pakai apa",4
sangat membantu saat mau traveling/bepergian antar kota👍👍👍,5
"Bagaimana bisa memesan kereta BIAS kemarin dan hari ini berbeda cara bayarnya. Aplikasi yg penting , tapi terpaksa karena hanya aplikasi ini yg bisa. 🙂 Saran : - Berikan masyarakat pilihan, tidak hanya dgn e-wallet, tapi pembayaran lewat ATM / mobile banking. Berikan waktu 10 - 15 menit supaya pemesanan yg belum terbayar tidak menumpuk di sistem. - Pembayaran lewat ATM / mobile dilakukan terpisah, jangan terkoneksi langsung lewat app Access KAI demi keamanan customer.",2
"ALGORITMA YANG ANEH, PADAHAL BELUM MELAKUKAN BOOKING SAMA SEKALI TAPI DIANGGAP SUDAH MELAKUKAN BOOKING 6 KALI ""CANNOT BOOKING MORE THAN 6 BOOKING PER DAY"" SEHINGGA SAYA TIDAK DAPAT MELAKUKAN BOOKING TIKET PADA HARI ITU JUGA, JADINYA HARUS NUNGGU SAMPAI GANTI HARI DULU BARU BISA BOOKING TIKET LAGI, YAA KETINGGALAN KERETA LAH 😌😏",1
Sangat baik pelayanan nya,5
pelayanan baik,5
baik,5
mantap,5
"nii apk kadang² juga,gua lagi liat liat tiket masa tiba tiba hilang semua jadwalnya di jam 01.00 malam hari,hadhhh kecewa ada permainan dengan calo kali yah",1
bagus banget,5
mantul buingiiiiddddzzzz ngidz ngidz ngidz,5
Terimakasih banyak,5
sangat membantu konsumen tanpa harus antri diloket.tq KAI,5
😃👍,5
"apknya baguss mudah pembayaran, tapi sering bug, tiba tiba jadwal kereta ilang ssmuaaa",1
"setelah update tiba2 ga bisa di buka lagi, udah unistal malah gak bisa di instal lagi gmn ya?",1
"maap saya turunin bintangnya tolong diperbaiki lagi masih banyak bug blkgan ini , aplikasi sblmnya padahal fine fine aja",3
mantap,5
"berguna banget lah,jadi ga ribet",5
keren,5
"masa tiket ga berlaku untuk keluarga sendiri pdhl keluarga sendri nitip pesan kn tiket,pas sampai loket ga di terima krna alasan nama di tiket sm yg dtg beda pdhl yg dtg tersebut blm ad kata ktp mknya titip pesan tiket,terkhusus loket rantau parapat",1
sangat baik,5
"aneh ,anehnya , pesan tiket ke binjai, kuala bingei, kita harus pilih bandara. aneh kan.",1
di poco x3 pro aplikasinya kenapa tidak tersedia ya min?,3
sudah bagus dan mudah aplikasinya,4
pembatalan sangat mudah dan cepat tanpa bertele-tele,5
sudah ada peningkatan,5
top,5
user friendly,5
baik,5
Setelah update malah tidak bisa login ke member basic,5
good,5
is the best,4
untuk updatan nya saya kasih bintang dua silahkan cari tau sendiri,2
"ribet, dikit dikit update",1
bagus,5
ribet tata cara nya,3
sangat membantu dan tak perlu ribet antri,5
aplikasi tidak bisa digunakan,1
Mau bayar malah kaga bisa. gak jelas banget apk,1
baik,5
oke,5
ok,5
"ini aplikasi baru saya instal lagi kok jasi tidak praktis ya ...,lebih sulit sekarang .tolong dikembaikan yang seperti dulu yang lebih mudah",5
sukses selalu,5
good good good,5
daftar nya susah pake bngt,1
"tiket yang diharapkan tidak ada, disemua kategori, di semua jadwal",1
sangat memudahkan,5
gila pesen tiket -2 Minggu dari kircok ke Kutoarjo jelas jelas kursi banyak tapi di tolak terus dengan no seat parah sih ini tapi cek di aplikasi sebelah jelas masih ada banyak dan mudah walau ada fee nya perlu perbaikan sih ini sistemnya kebanyakan bug,1
ok sip,5
"sistem susah di accesssss,, call canter susah di hubungi, ketersedian 0, pdahal di aplikasi lain masih bisa",1
kenapa sekarang ga bisa refund/cancel tiket kereta api bandara?,1
"akun saya kenapa jadi g bisa buat booking kereta,,",2
mantap,5
top👍,5
"banyak bug, malah jadi sering kehabisan tiket, jadinya harus milih yang lebih lama ngerugiin waktu",1
pesen tiket tanggal 2 bisa²nya yg kebeli tanggal 6,1
"terlalu ribet, gak bisa bayar pake bank selain mandiri",2
cepat terpercaya,5
Sangat Mudah pesan tiket kereta,5
aplikasi sangat jelek lagi pemesanan go show tiba-tiba daftar list hilang tolong perbaiki,1
lemot ribet burik,1
keren,5
"ini gmn ya loadingnya lama bgt, udh masukin kode otp muter² terus, gmn mai pesen tiket, hadeuhhh",1
"Gak jelas, mesti klau musim lebaran pesan tiket mau pilih kursi sulit sekali.. tiba2 aja penuh.. padahal aslinya ada.. permainan orang dalam.. Aplikasi buat antek2 sama kerabat2 nya.. Sampah..",1
terbaik,5
bagus,5
good good.. lebih ditingkatkan lagi aja pelayanan ya agar konsumen kereta api merasa lebih nyaman,4
bgs apk nya,5
mantap,5
bagus,4
potongan pengembalian mohon dikurangi,4
Keren,5
hellooo....saya gak bisa beli tiket ini. saya pencet berkali2 gak bisa buka,4
sangat memudahkan kita,5
"aplikasi andalan jika ingin naik kereta api, fiturnya sangat enak untuk digunakan pemesanan tiket",5
memuaskan,5
baik,5
"hampir setiap mau pesan tiket kereta pasti bermasalah ""idnum already exist"" hufftt.. capeee bangetttt",1
bagus layananya,5
ok,5
"Cacat, susah banget bayar error terus",1
"Untuk kali ini, aplikasinya cukup mengecewakan (dalam dua hari terakhir ini) karena tidak bisa untuk mengecek jadwal kereta dan malahan tertulis ""tidak ada jadwal yang tersedia"". mohon untuk tindak lanjutnya. sehingga memudahkan customer untuk melihat jadwal keberangkatan kereta.",1
sangat membantu dan mempermudah buat mencari jadwal dan pemesanan tiket via online,5
top markotop,5
ini apa lagi maintenance ya kok gak bisa mau pesan tiket kereta api,1
ok,5
"sangat membantu, memudahkan kita mencari tiket KA yang kita inginkan sesuai budget",5
semoga semakin baik pelayanan nya,5
kerja bagus,5
kadang tiket kosong susah buat dadakan,4
boking nya cuma bisa 4 penumpang terus gak bisa pesan ulang bukannya mempermudah pengguna malah mempersulit tolong di tinjau lagi lah,1
bagus,5
halo ini gimana Kai katanya suruh upgrade ke member basic udah ngisi data bolak balik tetep aja ngga bisa.. kasih solusi nya Gimna saya udah sampe bolak balik ganti akun tetep aja tidak bisa,3
ok,5
sangat memudahkan dlm pemesanan,5
keberangkatan di batalkan oleh pihak kai,1
susah pesen tiket skrng mah,1
cepat dan mantap,5
bikin mudah lihat jadwal kai,5
puas sekali,5
sangat memudahkan dalam pemesanan tiket kereta api 👍,5
bagus koneksi nya,5
"sumpah ini aplikasi membantu sekali, bisa beli tiket online, kerata apapun dari mulai kereta jarak jauh, krl, ka bandara, keretacepat bisa dengan mudah, metode pembayaran cukup lengkap juga😁👍",5
pelayanan bagus,4
oke,5
Nice,5
Gak kompatible hp Huawei,1
garcep,5
Nggak bisa masuk lagi sekarang udah lancar,5
"banyak error setelah update, jadwal susah muncul. tolong diperbaiki",1
oke banget,5
oke,1
JOS,5
ngelag woyy,1
bgud,5
"pilihan pembayaran sedikit, serta aplikasi lemot",3
Sekarang aplikasi lambat banget mau pesan buat bulan mei error trs,1
kenapaa aplikasinya udah gk kompatibel lagii????😭😭😭😭,4
oke,5
good,5
gak support,1
kenapa gak bisa di gunakan aplikasinya,1
mudah dan cepat,5
aplikasinya cacad semenjak di update banyak bugnya 👎👎,1
Bagusan versi lama bisa atur2 jadwal sesuai keperluan. Misal kehabisan tiket kereta ke kota tujuan. Masih bisa lihat jadwal kereta laine untuk menyesuaikan kereta yang tersedia walopun pindah2 kereta (beli tiket lebih dari 1 kereta) Versi lama walopun tiket habis jadwal kereta masih mincul.,1
ok,5
memudahkan,5
cukup,5
"Aneh nih apk habis update, tiket yang murah malah gada, sisa yg ratusan ribu. liat di HP laen yg blom update masih banyak tiket yg murah. Tau gitu gua ga update.",1
Tidak bisa melengkapi data diri jadi member basic ...(daftar akun basic) kenapa?,1
Oi kai ini gimana dah kadang ada jadwal kadang gak ada,1
aplikasi sangat membantu,5
"aplikasi ndak guna. masa blom beli tiket sama sekali, dah dianggap beli tiket berkali2. yg bener aja aplikasinya. kl blom bisa buat aplikasi yg bener, jangan sok2an deh. bikin susah orang",1
sangat membantu,4
error mulu,1
"tidak bisa menggunakan shopeepay, menambah kartu debit/kredit juga tidak bisa",1
layanan baik,5
very great,5
"kenapa yaa sekarang aplikasi nya sering gak muncul tiket nya, padahal di travol___ masih tersedia, tolong dong min di perbaiki.",5
"setiap top up ke apk kai selalu hilang 2k, mana ga ada penjelasan transaksi kemana 2k itu hilang... jd dah berapa kali ngisi dah ga tau lah brp x 2k ku dh lenyap",1
bagus mempermudah,5
sangat membantu 👍,5
"dulu tiket cancelan slalu muncul ilang,,jadi ada ksmpatn buat boking,,yg terbaru susah munculnya,,di arahinya jam lain,,trus kalo boking H-1 susah,,aplikasi yg lama 4 jam sblm kbrangkatan masih bisa boking online.skrng gak bisa..payah jelek",1
bagus aplikasinya,5
kai sekarang sering delay,1
mantap dan mudah,5
"satu"" ya andalan saya KAI ACCESS sekarang ko nyari tiket jadi susah bug atau gimana? saya cari tiket pwk-pwt awalnya ada jadwal trus pas di coba lagi malah gak ada jadwal !!! aneh :(",1
bagus pelayanannya,5
Praktis Cepat Mantap,5
min app kai access lgi eror y ko gak ada jadwal keberangkatan maupun arah balik kereta Serayu,5
hp lama tidak bisa instal. gimana mau beli tiket,1
apk gak guna gak bisa di gunakan,1
Mudah dan simple,4
lancar acsess by kai,5
"memudahkan untuk membeli tiket, tak perlu mengantri di loket, tingkatkan terus aplikasinya, kadang ada bug di live treking KAI",5
top,5
puas,4
udh d perbarui. tp jadwal sering gak ada terus.. sama sering logout..,3
👍🏻👍🏻👍🏻👍🏻👍🏻👍🏻,5
sering eror geretan akuuu,2
sangat bagus,5
ok,5
Masa ga bisa di download. aneh banget,1
"pokoknya JANGAN pernah Beli Taxi Dalam 1 pemesanan Kereta. RUGIII PARAH, kereta terlambat pun, kita yg nanggung kalo bluebird nya merasa sudah menunggu dan melaporkan sebagai kesalahan kita (padahal keretanya yg telat.. JANGAN POKOKNYA JANGAN",4
"bnyak bug nya, perbaikin woi",1
Aplikasi cepat untuk perjalanan anda,5
ok,5
"parah banget udah download tetep ga bisa , lemott banget . padahal kuota banyak parahhhhhh",1
jauh dari harapan😂🤣,1
ok,5
"min boking di tanggal 30-31 Maret 2026 kaga ada min, harus nunggu hari H gitu..?",5
makin di update makin aneh. kagak jelas. di apk sebelh masih banyak kursi kosong. pas cek d apliksi resminya malahan penuh. gaje bangett. bagusan sebelum di update..lebih simple tapi nyaman di pakai.,1
oke,5
aplikasi sering ngebug pada saat mencari jadwal kereta,1
Tidak akurat di online tiket habis di area ternyata masih bisa,3
PELAYANAN SANGAT RAMAH.. TERIMAKASIH KAI 😊😊 SEDIKIT LAGI TAMBAHAN.. SEMOGA KEDEPANNYA BISA PEMBAYARAN PAKAI EWALET DANA YA BIAR LEBIH ENAK😊,5
semogaa pelayanan nya makin baik,5
joz,5
"Memudahkan pemesanan tiket dan informasi, tolong jadwal krl dari solo balapan ke yogyakarta 06.18 diupdate 06.16 karena di layar tap kartu krl menit ke 16, sedangkan di apk menit ke 18. Terima kasih 🙏🏽",5
KAI semakin terdepan,5
Cepat,5
memudahkan,5
ini aplikasi tambah parah aja bukan nya tambah membaik,1
Bravo KAI,5
Aplikasi busuk,1
"overall oke, tapi tolong min untuk penumpang upsize (kelewat gendut) diwajibkan beli tiket dua seat. kemarin saya naik eksekutif sebelahan sama penumpang upsize sampai makan 1/2 seat saya, pengalaman tiket 800kan yang kurang menyenangkan.",3
"susah masuk akun lama masu otpnya, mau pakek lupa sandi juga ga bisa. gimana caranya niar bisa",1
"kenapa tiba² tidak kompatibel dengan perangkat sayaa???, aduh kek mana ini",1
"waktu beli online pilih kursi pesan 2 berdekatan dan 1 gerbong, setelah pemeriksaan dan cetak malah berubah beda gerbong",1
sangat buruk sekali ini APL sumpah.. BUG nya kebangetan mau refund tiket aja sampe hangus itu tiket kereta!!,1
kurang puas,1
Alhamdulillah,5
ok,5
bnyk kendala,2
"Mau kasih saran. Kalo di pilihan stasiun keberangkatan ga ada jadwal kereta, dari aplikasi MUNGKIN bisa kasih rekomendasi stasiun lain yg masih 1 kota yg ada jadwal keretanya. Jadinya pengguna ga bingung harus berkali-kali cek stasiun berangkat dan tujuan gitu. Semoga bahasaku bisa dimengerti ya biar bisa buat perbaikan kedepannya🙏🏻",4
sangat mudah d pahami,5
setelah update malah g bisa dipakai .. gimana sih,1
bug aplikasi mau lihat daftar tiket kereta antar kota hilang hilang teruss..!!! padahal udah ubah ubah tanggal tiket tidak muncul muncul TOLONG DI PERBAIKI YAA...!!!!,1
"cepat,dan tepat waktu",5
"Aplikasi Sampah, Banyak eror ga jelas, Ga bisa ganti rute pdhl baru di beli dan blm di gunakan, refund tidak masuk, terkick dari akun dan saat masuk tidak bisa padahal sandi bener. lemot parah!",1
oke,5
"harusnya kalo refund dipotong nya jangan 25% tapi 10% aja, uang nya dibalikin nya max 3hari aja jangan sampai 1 minggu harusnya,,trus di apk nya gak ada tulisan kereta new generation atau ekonomi biasa.",2
memudahkan dan membantu saya untuk melakukan perjalanan menggunakan KAI terimakasih,5
sangat membantu,5
daftar ke akun basic gabisa otp udh di kirim tapi tetap saja mutar2,2
"Hai KAI ini aplikasi yang bagus tetapi kenapaa sering bgt update sih, memo hp yang udah pas pas an bgt kadang nggak bisa klo mau buat update tapi aplikasi nya nggak bisa dipake klo nggak di update.",5
sering error gak menampilkan rute perjalanan.,5
cepat tepat,5
murah . .nyaman,5
mantab terimakasih PT KAI,5
Access by KAI is the Best,5
pemesanan mudah,5
jadwal kereta sore ko sekarang ngga ada arah purwokerto jam 5 nan terus harga nya gila kali,1
"pesan tiket saat arus balik mudik dicek dari Wates ke bandung ga ada, tapi pas dicek lewat connecting train jalur wates ke kiaracondong ada keretanya tapi transit di bandung, ini massa kita dipaksa harus naik connecting train, tolong dibenahi lagi!!!, apalagi ini saat musim mudik sangat menganggu kenyamanan semuanya!",1
"aplikasi lemot,sistem perlu diperbaiki",1
"alhamdulillah ada layanan KAI Transportasi yg semakin berkemajuan .kami menggunakan KAI hampir sering kali,pengalaman utk barang tertinggal dikereta api harus segera lapor ke stasiun terdekat utk segera ditindak lanjuti langkah selanjutnya.agar supaya ada laporan ke kru yg ada bertugas di kereta api tsb.dijamin barang aman .",5
ok,5
"Saya naik kereta Airlangga dari bekasi ke cikampek nomor duduk deket jendela, tapi yg dudukin orang lain. tolong pak yg ga sesuai tempat duduk di tegur",1
terbaik,5
ok,5
sering eror ga jelas,1
aplikasinya aneh,1
Pencarian rute twrtwntu error tidak muncul. Setelah dilakukan update,1
mantep,5
tuk booking masih oke tapi tuk pembatalan/refund nya payah dan ribet. sorry,1
"bagus n bermanfaat tapi sayang saya di marahi baju kuning karena anak saya umur 2,5th tidak pipis di kursi toilet y kan namanya anak masih kecil masak y sudah paham begitu",4
⭐⭐⭐⭐⭐,5
cukup ringan membantu dan mudah,5
sangat nyaman dlm perjalanan,5
asik naik Kereta Api,1
"Aplikasi tidak kompatibel dengan perangkat, padahal android 15 paraaah",1
untuk rangkaian nya tolong di atur sesuai tujuan Biar pengguna KRL tidak kebingungan,3
mantap,5
Recommended banget buat yang nyari tiket KAI,5
tarif kereta udah tinggi perbanyak kereta Jumat sore jam 16.00 up dg tarif sedang,5
mantap,5
"update terbaru aplikasi 11 Maret, di jadwal pencarian tiket sering muncul ""Jadwal Kereta Tidak Tersedia"" padahal barusan cek menit sebelumnya masih ada, ketika coba cek tgl berikutnya ""Tidak Tersedia"" dan kembali lagi ke tgl awal juga ""Tidak Tersedia"" pernah coba lgsg ke tiket counter infonya masih ada tiket, tapi di aplikasi access muncul ""Jadwal Kereta Tidak Tersedia"" mohon diperbaiki yaa...",1
"payah, aplikasi minta update Terbaru,, hp gk support Angus gk bisa batalin tiket,,",1
"Tiket Sering Habis Padahal sudah coba pesan dari H-7 dini hari, sedangkan saat naek Kreta Banyak Bangku Kosong",1
"selalu ada kendala saat pesan tiket, pasti lama dan error server down gak pernah mulus dalam pemesanan. udah ditunggu lama dari jam 00.00 malah not found terus! sekalinya bisa masuk pesan tiket, error tidak ada kursi. sistem baru bisa lancar setelah 40 menit kemudian, tapi tiket kereta di jam yang diinginkan sudah habis terjual. sedih banget. tidak seperti dulu, sekali tiket dibatalkan pasti langsung batal! sekarang harus tunggu waktu 8 menit untuk memesan ulang! buang waktu!!!",1
"gak jelas, pdhal status kereta tersedia tapi pas diklik seat not avaliable. tolong diperbaiki jika memang kereta udah gak tersedia jgn ditampilkan",3
lemot bgt,1
bikin aplikasi yang bener lah,1
"Aplikasi paling membagongkan, begitu input nama penumpang dan diklik lanjut muncul error no seat available, benar benar luar biasa, sukses ya",1
ok,5
selalu g muncul rute dan jadwalnya... gmn mau pesen tiket... aneh bgt masa kereta smp april udh kosong semua??,2
sangat berguna,5
keren,5
"Update Maret 2026 adl update terburuk, loading lama dan sering lemot servernya, bahkan sering ga muncul list kereta nya padahal kl booking di ecommerce muncul list keretanya. Parah",1
mantap,5
sangat baik,5
tidak bisa di download untuk versi yg terbaru 2026 ini,5
alkhamdulillah lancar prosesnya,5
ok,5
"Sesuai permintaan masyarakat,pelayanannya memuaskan pelanggan",5
Bagus,5
"emang parah nih app masaak ampe ngebug ga muncull schedule/jadwal padahal saya sudah memasukkan kota kebsrangkatan & tujuan dg benar namun malah ga ada schedule sama sekali, bahkan aq udah coba dengan tujuan berbeda dan/atau tanggal hari kerja yang perkiraan gaa ada orang utk travelling namun tetap tampilaan schedule ga ada sama sekali.. ini dikasih bintang 1 aja gak pantass..",1
sekarang jadi gak jelas,1
Mohon pelayanan lebih di tingkatkan lagi,5
Lemot parah,5
pop up nya mengganggu banget pas baru masuk,3
tiba2 gak bisa login di kai access di hp samsung A02s,5
ok,5
Kak kok gak bisa di download ya,1
"Kenapa setelah update, layanan pilih kursi menjadi tidak tersedia?!?",1
ac pasundan ga bikin dingin,1
"setelah udpate kq mlah banyak bug, kadangg pencarian kereta tidak tersedia, aku cek di traveloka masih tersedia, tolong dibenerin lagi",2
untuk manajemen KAI INDONESIA.. tolong benahi transportasi kereta Sumbar .. terutama KAI Padang ke Pariaman.. jika season lebaran atau liburan panjang begini.. tambah gerbongnya lagi... ini pihak KAI mengabaikan kenyamanan saat season liburan panjang ini.. jual tiket berdiri... kepikiran tidak buat orang berdiri yang bawa anak2.. habis tu tidak ada pegangan buat berdiri juga.. apakah kai Sumbar memikirkan itu .. dan ini kita bisa2 ribut sama penumpang yang tiket ngak punya tiket bangku.. tolong,3
kenapa setelah di perbarui jadi sering erorr? beberapa jadwal tidak muncul,3
"perbaiki dong servernya, mau top up gak bisa mulu, bikin emosi doang",1
cepat dan mudah,5
terimakasih dengan layanan nya mantap,5
membantu,5
sangat bagus membantu sekali lebih cepat lebih mudah dalam pemesanan apapun,5
govlog amat sih sistem otp nya. tiap masukin kode otp not valid mulu. atau sering mulai lagi ke tampilan awal. niat ga sih bikin mudah???,3
"saran aja seh, kl kai pay nya jangan mahal2 napa udh kena biaya admin buat topup, eh saldonya juga dipotong atdah...",4
sangat cepat💋,5
keren,5
KAI ok,5
memudahkan utk cek kereta,5
good 👍🏻🇮🇩,5
jos,5
bagus sangat membantu,5
"seperti aplikasi pemerintah pada umumnya, masih suka error terutama ketika weekend karena traffic",1
ga bisa dibuka,2
kereta prioritas bagi yang menggendong anak kecil gak di kasih tempat duduk,1
"kenapa makin kesini makin buruk sih, kereta tidak tersedia mulu, sekalinya muncul harganya ngga ngotakk gilaa parahh, tolong diperbaiki secepatnya",1
error mulu,1
sangat membantu khususnya pengguna transportasi darat lebih tepat waktu aman dan nyaman selama diperjalanan.,5
"pilihan pembayaran kurang, belum bisa pakai qris",4
tolong kalo bikin aplikasi itu yang suport semua HP jangan terlalu egois... masa gara2 ga bisa updet harus beli HP baru jangan gila...,4
servernya lemot parah,2
"error terus mau cari tiket huft, tolong diperbaiki",2
ok cepat & praktis,5
"Bagus,,,jadi lebih praktis dan singkat",5
aplikasi ini sangat membantu dan mempermudah kami sebagai pengguna kai,5
"Kesan pertama tampilan nya kurang banget jauh lebih suka sebelum di update dan pembayaran cuma bisa lewat link aja? Klo bisa balikin aja kayak dulu tampilan, menu semua nya deh Kesan kedua setelah 5 tahun udh jauh lbh baik minusnya cmn 1 dan selalu Down servernya klo lg war tiket mudik",5
erorr terus,1
resechedul dgn aplikasi blm bisa dilakukan dgn baik.,5
"BARU UPDATE, COBA PESAN TIKET KERETA BUAT JAM 14:47 SUDAH DI BAYAR, MALAH YANG KEBELI 03:40, MAKSUDNYA APA? UPDATE YANG BENER MASA SISTEM BELI TIKET EROR GINI",1
terima kasih atas kerja samanya,5
"Aplikasi bagus, tapi maximum booking 6x/hari sangat mengganggu. Padahal tidak booking, cuma cari-cari jadwal saja sudah terhitung booking. Akhirnya, saat mau booking beneran malah sudah melewati limit 6x/hari. Kalau cuma cari jadwal jangan dihitung dong..",4
aplikasi GK ada gunanya,1
Jadwal KRL keseringan gak sesuai. Telatnya bisa sampe 30 menit dari jadwal yang tertera di apk,1
merepotkan bagi lansia yang tidak punya hp & pembatalan tiket pun tidak bisa,1
akses mudah dapat point bisa ditukarkan terbaaiiiik,5
apk sampah sering ngebug di saat mau brngkat gajelas emg ni apk,1
"ok, untuk tiket perjalananya",5
dih,1
keren,5
Terbaik,5
curang ga dipersulit return nya,5
"untuk kereta lokal yg terbaru, dari stasiun Probolinggo ke stasiun waru , atau sebaliknya dari stasiun waru ke stasiun Probolinggo kok masih belom bisa pesan lewat aplikasi kai access ya mind ????? mohon infonya ,🙏🙏🙏",5
ok,5
kebanyakan bugs n calo dr org dalam y,2
"anak anak lebih suka naik kereta krna sensasi berbeda dgn angkutan laen,lebiihhh sukaa dan happy",5
sistem terbaik,5
gak bisa bayar pake dana y,2
"fitur search di batasi, pdhl suruh cek berkala, aktif lg kalau sdh dpt notif, baru bisa search lg. bagusan aplikasi sebelumnya",1
"untuk pembayarannya susah harus nunggu 15 menit tidak ada menu bayar, kode pemesanan gagal terus , tolong di perbaiki.",2
aksesnya cepat utk perubahan jadwal 3 jam sebelum berangkat. terima kasih KAI,5
dana ga bisa di tarik kaspro approval juga lama,1
metode pembayaran agak susah,4
gak bisa pake ovo,4
Mana KA Tambahan di rute Surabaya Banyuwangi ini mosok kok Mutiara Timur.F Aja??,1
tanggal 1 dan 2 april tidak tersedia di kalender nya. tolong segera fix kan ya,1
INI KENAPA DAH BERHARI-HARI JADWALNYA GA MUNCUL????,1
sering error,3
akses cepat,5
baik,5
Sudah bener aplikasi yg lama.Yanhmg sekarang aplikasi malah berat ribet dan semarawut,1
awalnya ada banyak jadwal kereta tiba tiba pas kerefresh langsung gaada semua,1
gak bisa di download anjir hahahaha lucu,1
gak ada jadwal nya kocak,1
ngelag mulu setan,1
woyyyy bagusss,5
KLO pesen tiket tp jadwal gak muncul.. masalah nya dimn y,3
memuaskan,5
"untuk di aplikasinya sih menurut saya sudah cukup baik ya dan pelayanan atau pun apa pas di kereta tapi untuk oesesanan tiket di kai lebih di persusah dari apaa apalikasi lain seperti shopi ataupun tiket com, mungkin untuk abdet jadwal juga seuata lebih cepat daripada dari kai",2
"susah bayar tiket kereta lokal, ribet, terjadi gangguan mulu",1
setelah update. langsung hilang kelas ekonomi 😁😀pdahal hanya persekian detik,1
"Di update bln januari 2020 ko malah jadi loading lama pas mau pilih kursi, mohon d perbaiki lagi biar joss",5
aplikasi jelek.....bolak balik bukak aplikasi kai acces..gak ada jadwal...ruwet,1
"very helpful and easy to use for people outside Indonesia,",5
aplikasinya suka ngebug pas cek jadwal kosong semua sampai 1 bulan kadang normal lagi terus ngebug lagi... mohon di perbaiki,1
"bagus, membantu sekali g perlu repot"" harus antri atau bayar keluar dlu",5
"memberikan kemudahan dalam pelayanan informasi, pembelian, maupun refund dll",5
josss,5
g bisa pembayaran lewat shopee,1
kalau mau ada update data diri infokan dong jngan kaya gni. kasian orng yg gatau smpe kehabisan tiket. karena ga bisa beli tiket,1
mantap terbantu,5
"resche tiket kalo lebih mahal suruh nambah tp kalo lebih murah ga direfund, belum dendanya ¼ harga sendiri, najis bgt",1
sempurna,5
mantap jiwa KAI jaya jaya,5
Juooosss gandos!,5
baik,5
sangat memuaskan,5
"kenapa terkadang jadwal kereta tidak tersedia, sudah di gonta-ganti masih sama",3
error mulu bikin kesal,1
Kereennnnn,5
sangat mudah dan menyenangkan,3
pelayanan bagus.. tapi orang dalam yang bermain tiket perlu fi bersihkan,4
sngat bgus,5
Bagus juga dan lebih mudah,5
bagus,5
kenapa di layar smartphone saya untuk yang bulan maret tidak muncul tgl 30 dan 31,3
Sangat Membantu,4
"kenapa mau topup saldo kartu multitrip gak bisa? ketika tekan lanjutkan, tidak beralih kehalaman lain",3
Kenapa sering bug sekarang? perbaiki biar saya ganti bintangnya,1
INI APLIKASI GK JELAS DEH MAU MASUK NYA LAMA BANGET NERIMA KODE VERIFIKASI OTP NYA GK MASUK² DAH KAYA APA AJA NIH APLIKASI PERBAIKI NAPA PERCEPAT PENERIMAAN KODE VERIFIKASI OTP NYA🙏,1
"MAU BELI TIKET CUMAN HARUS DI UPGRADE KE BASIC DULU SUSAH NYA MINTA AMPUN , HARUS NUNGGU BER JAM JAM , PADAHAL SAYA BAYAR LOH. HUBUNGI CS KAI , LAMBAT BGT SLOW RESPON HADUH. KENAPA SIH GEN Z GABISA BELI TIKET LANGSUNG DI TEMPAT! RIBET JADINYA.",1
Aplikasi sering ngelag sampai kehabisan tiket..mohon di perbaiki lagi.,3
tiket di hp lain muncul di hp ini ga muncul apk rusak,1
"setelah di perbarui aplikasinya makin ga jelas! di cek secara berkala tersedia , di back cek lagi malah hilang jadwalnya tidak tersedia terus aja begitu. coba cek di tanggal yg berbeda pun sama!",1
Susah masuknya harus upgrade ke basic. ribettttt !!!!!!,1
terus di tingkat kan ya..,4
"tolong dibenarkan itu appnya, masak tidak ada jadwal kereta sama sekali di semua tanggal maupun juga kereta yg udah full gak ada jadwal samsek",1
saya daftar ke email yang sekarang kenapa.tidak bisa masuk ya,5
pemesanan tiket kurang banyak jadi bingung mau pesan tiket karena terbatas sekali,3
sehabis update malah ngebug🥺,3
pelayanan semakin baik,5
error apa gmn ni app.liat jadwal ge kadang bisa kadang hak,1
"Bagus, mudah digunakan, meskipun terkadang ngelag.",5
pencarian sering ngeblank (error),2
bagus,5
suka hilang jadwalnya tiba2.. masih terlalu banyak bug.. yahh mayan lah.. ga bisa terlalu berharap sama plat merah skrg mh.. gini aja dah alhamdulillah . 🙏,3
"tolong kalo mau pembatalan tiket via aplikasi KAI acces, sediakan menu pengembalian via e wallet, apalagi orang yang ga punya kartu bank, kasian orang yang udah beli asuransi 100% refund tapi ujung"" nya gabisa pakai e wallet, semoga kedepannya lebih baik lagi",4
memudahkan,5
aplikasi tolol masa keberangkatan stasiun jakarta sama bekasi gak ada. ini aplikasi KAI apa kereta china,1
Lag Terus di Keyboard,1
apk tlol banyak bug tiket masih banyak karna bug abis semua,1
memuaskan,5
sering nge bug,1
aplikasi buruk.. lemot suka keluar sendiri.. bukan nya mempermudah malah menyulitkan dan bikin kesel emosi,1
keren,5
eror terus mantap semakin maju,1
"bagus sih, tapi tolong dong kalo mau ratingnya nambah benerin tuh bug ngeselin, saya mau mesen tiket kereta iyauuu",4
sangat mudah untuk di gunakan,5
nyaman dan ka nya bersih,5
sering error,1
apk josss,5
mantabs,5
"aplikasinya kadang eror, selalu muncul warning tidak bisa booking lebih dari 6 bookingan, padahal saya belum booking tiket, sementara belum bisa kasih rating penuh",4
sering eror saat melihat jadwal kereta.,1
Applikasi belum bisa dipakai di Hp POCO X6 versi Android 15. tolong segera di update di hp tersebut. terima kasih.,1
sangat membantu memudahkan.tks,5
"makin parah.!!! sekarang suka error.sdh di update jg mlh makin parah error nya. pdhl cek di online shop msh bnyak tiket. tp di app access by kai mlh ketrgan tidak ada jdwal trs. sdh d bolak balik msh tetp aj. mau pesan tiket tambah ribeut bgd. masak mau cari tiket aj hrs ngu antrian ke sekian menit dr percobaan ke 1 ngu 3mnt. smpe d ulang² ngu 25 mnt, 23mnt ,24mnt. gx mncul² itu pilihan kereta aj. sia² jg kl sdh lama² ngu, tp sdh masuk waktu giliran nya kereta sdh pd habis.",1
"mengapa saat saya mau mendaftar menggunakan email malah sudah terdaftar, padahal saya belum pernah mendaftar sama sekali",1
kereeen,5
KAI makin ok,5
"Di update malah jd semakin busuk, susah buat booking tiketnya, jelas2 tiket masih ada. tp tulisannya tiket tidak tersedia, berulang2 seperti itu terus.",1
sangat memuaskan dan nyaman diperjalanan,5
👍👍👍👍,5
aplikasi nya eror lagi malah gak bisa ngecek tiket kereta... ampuunnn,1
"aplikasi tdk bisa di buka dari pagi, buat pesen tiket",1
"2026 ini maintenance-nya jelekkk bangett anjirr Bug mulu tapi ga pernah diperbaiki, sering ada pemberitahuan maintenance tapi bugnya masih sama ""tidak ada jadwal kereta"" padahal sebelumnya ada banyak tapi pas ke klik masuk dan keluar malah langsung ilang semua ""tidak ada jadwal kereta"" Apa coba?!!!",1
aplikasi gunanya apa ya ga bisa isi dari HP kartu komuternya,1
bagus dan bermanfaat,5
kasih riwayat transaksi yang jelas napa. sekelas bumn kok ngga transparan. bolak balik topup dan yg terakhir 20K baru kepake krl jogja solo sekali jalan udah tinggal 6 ribu aja. sisanya lari kemana itu. tolong riwayat transaksinya di perjelas dan transparan jadi kita top up ngga pusing. Kasih keterangan biaya admin kena berapa ngga tau2 kepotong 3 ribu bae tapi ngg ada riwayatnya.,1
"KAI access memudahkan perjalanan dan aktivitas saya, pokok nya mantap 👍",5
makasih banget buat tim CS nya yang dapat membantu semua kendala dan mudah juga untuk dihubungi nya ★★★★★,5
baik,5
mantap,5
stelah upgrade premium jmlah penumpang cuma 4 orang max.sdng keluarga sy 6 orang jd harus ngalah 2 ga bisa naik kereya,1
sippp,5
"kok ngga ada jadwal terus pdahal sblumnya jga ada,jalur juga sama",3
mantap tetap berinovasi yang lebih baik,5
masih belum bisa di pakai,4
"burukkk sering gabisa diakses jadi gak jelas, udah bayar tapi gak keupdate di aplikasi jadi hilang tiket",1
baik,5
"udah beli tiket bayar dengan cara qris,ehh malah gak ada tiketnya.kemana tiketnya oiii??mau berangkat gimana????",2
setiap mau check in di stasiun pasti gabisa di buka aplikasi nya gausah buat aplikasi kalo gak bisa dipakai lah,1
cepat & mudah diakses . sukses terus kai,5
tidak bisa pakai e wallet,3
Oke,5
bagus,4
"sekarang ribet banget aplikasi nya, kenapa akun I gk bisa order 4 tiket sekaligus?? padahal maksimal kan 4,tapi tetep aja gk bisa makin aneh nih aplikasi",1
"bagus,cepat",5
Ini gimana sih gw mau liat jadwal kereta malah tertera nggak ada jadwal..Error Mulu anying 😂,1
"sering bug, pemesana tiket suka gaada jadwalnya pdhl kalo lewat web booking kai ada",2
sangat baik,5
keren,5
pparah!!! kecewa pembatalan dari aplikasi dari jauh2 hari Uda error!!!,1
terima kasih mempermudah dlm pelayanan pembelian tiket.terima kasih,5
perlu ditingkatkan lagi,4
ini kenapa sih ngecek tiket dari tgl 24 maret 2026-20 april 2026 tiketnya kosong APLIKASI ANEHHH,1
bagus juga,5
terlantung lantung sya di jogja... cukup sekali ini pake kai...,1
Joss Mempermudah perjalan pokoknya,5
"bagus aplikasinya, cuma ada satu masalahnya Pembayaran nya gak bisa semua e-wallet dan bank pun ngak bisa semua bank. kedepan nya tolong update tambah Pembayaran semua e-wallet dan bank🙏",3
bagus,5
"Setelah di update jadi lemot, malas",2
aman nyaman ekonomis mantap,5
pemeliharaan lama tidak kayak biasanya,2
saya merasakan ketidaknyamanan dengan adanya fitur female seat map. karena saya melihat data privasi penumpang pria bocor disini. dan membuat keraguan akan privasi data. demi asas keadilan tolong fitur itu dihapuskan. kai sendiri sudah ada undang-undang tegas tentang pelecehan. jadi jangan berlebihan dan diskriminasi gender. ingat di mata hukum semuanya setara.,1
👍,5
"loding lambat, mungkin karena Lebaran",5
"halo min, saya kesulitan login nih. sebelumnya akun kai nya menjadi warna hitam Abu abu dan ga bisa saya klik apa apa kemudian saya uninstall ulang malah ga bisa masuk",1
jelek bgt aplikasiny,1
"KAI Makin banyak perkembangan, makin bagus pelayananya",5
lebih gampang pemesanan tiketnya,5
railfood gak bisa bayar pakai QRIS,2
pelayanan aplikasi jelek,1
"aplikasi sampah, harga lebih tinggi dibanding sama aplikasi layanan lainnya. Di Traveloka seluruh tiket Tj.Priuk-Cikampek ga sampai 70k, di KAI access malah melampaui 100k++, padahal sama-sama kelas ekonomi.",1
tmksh atas kerja hebatnya Access by KAI,5
aneh sekrang ga bsa d akses,1
setiap hubungi CS via WhatsApp gak pernah puas boot nya ngeselin banget!! padahal digital udah seluruh nya namun ketika komplain capeknya ampun..,1
Lain kali tiket nya banyakin sementara saya kasih bintang 4,4
lemot,2
ok,5
"knp pas menu tgl ,kgk bsa scrol smp bawah si. jd gk bsa pilih tgl di akhr buln. bug ya?",1
sangat membantu,4
Mantap,5
good,5
awalnya eror ga bisa nyari tiket terus saya install ulang malah tiket yang sudah saya beli hilang padahal bukti pembayaran nya ada,1
setelah diperbarui malah gk bisa pilih kursi. error terus.,1
ok,5
tolong kembalikan versi lama aja masak versi baru pesan tiket aja selalu gagal terutama pakai kaspro saldo sudah kepotong tapi tiket tidak keluar,5
"aplikasi suka error, mau melakukan pembatalan tiket tidak bisa",2
Sudah jauh lebih baik,4
"aplikasi JELEK isinya Buzer TAD dan Pegawai KAI semua! muak gw! kompleman gak di baca malah di buzerin... noh aplikasi lu ANEH mau chek tiket doang antri 15 menit! sok paling heboh, mestinya biarin war, ini makin kesini makin PARAH DEVELOPERNYA ECEK ECEK BGT sekelas DANANTARA kek gini",1
baik,4
access by KAI nyari tiket nya sulit tidak tersediah trus dan habis ... notif ngirim trus jadwal yg anda cek masi tersedia giliran di buka sama aja zonk...,1
mantap sangat membantu dalam pemesanan tiket kereta yangbl sesuai sikon yang kita inginkan,5
yang terbaik dan memudahkan,5
"APLIKASI NYA TOLONG BUG NYA DI BENERIN, PESEN TIKET AJA SUSAHNYA MINTA AMPUN BERJAM JAM SERVERNYA NTAH KENAPA RIBET BGTT POKOK BENERIN ANJIRRRRR NGESELINN",1
"mempermudah dalam bepergian, tp saya mnta tolong bugny di fix dong sama mau pesan tiket ditanggal itu tidak ada perjalanan",5
sangat puas,5
"BIJI PLERR,APK NYA CAMPAH BGTT,NGELEG PDHL JARINGAN KENCENG 5G,TRS KLO MAU BATALIN PEMBAYARAN SUKA SUSAHHH JDNYA HRS NUNGGU AGAK LAMA,PLIS PERBAIKI SEMUA JADI LEBIH OPTIMAL SUPAYA PARA PENGGUNA LEBIH NYAMAN MEMAKAINYA",1
"sumpah yaa, pesen tiket disini 3 hari terakhir ini bener"" bikin emosi",3
aplikasi aneh sering bug padahal belum pesan tapi ketulis hanya 1 untuk rute tersebut tolong diperbaiki lagi,1
"aplikasinya cacat,banyak gangguan situsnya",1
baik,5
PESAN TICKET SUKA BUG,1
error mulu apl ta1,1
oy sering eror,1
ok buangeet,5
makin kesini nadi makin lemot aplikasinya,3
mantap,5
aplikasi bosok eror... saat dibutuhin gk bs diakses. payah sekali,1
stasiun paling ribet KERENCENG. TOLOL,1
"ga jelas,,, sinyal aman, ga bisa pesan tiket, liat jadwal tiket ja ga bisa juga,،،، ga jelasss,,,, kaaaiiii,,,",1
"loadingnya terlalu lama, trus pas cari tiket katanya tiket habis, dicoba lagi tiba² tiket tersedia, trus pas ambil tiket pulang gitu lagi, ribet banget pesan tiket doang dr semalaman ga bisa²",2
"UI nya bagus, tpi UX nya jelek. UI nya bagus tapi mungkin bikin berat UX nya jadi banyak banget loading lama ga jelas. Tolong sistemnya diperbaiki, masih cepet penggunaan Access KAI yg versi sebelumnya",3
APLIKASI KALAU PAS HIGH SEASON KOK SELALU SERVER DOWN PERBAIKI LAH,1
"Aplikasi ini bagus banget, tapi kenapa suka ngelegg sampe balik lagi"", dan bahkan gabisa pesan sekaligus lebih dari satu orang 🥺. mohon betulkan min🙏🏻",4
aplikasi tolol,1
"ketika lebaran begini aplikasi down jadwal kereta tidak muncul. transaksi qris sukses tapi gagal di merchant Access by KAI tiket terbooking jadi hangus. harusnya tim IT jangan libur to, soalnya terlalu lambat penanganannya.",1
cari jadwal kereta sekarang kok susah banget ya,1
"gak jelas nih apk, selalu gak ada jadwal tersedia",1
"log out sendiri, pesan tiket tidak bisa hadeh",1
tidak bisa di buka,1
aplikasi sering error,1
"KAI sekarang jelek banget pas mau pesan tiket loading nya lama banget udaa lama ntar malah katanya tidak ada tiket yg tersedia utk keberangkatan ini, padahal mau nambah penumpang lagi di awal pesan bisa mau pesan 1 lagi malah gini terus padahal dulu ngga gini saya sudah sering naik kereta api ngga pernah gini, sekarang ntah kenapa malah gini mohon di perbaiki min",1
bagus,4
pembatal mudah cepat dan aman terimakasih KAI,5
mhn di perbarui dn di mudahkan mosok hanya membuka Aplikasi melihat jadwal KA aja harus ngantri dn menunggu lama setelah giliran bs di buka tdk ada jadwal KA yg di tampilakn s2harusnya ttp di tampilkan walau tdk ada jatah kursi yg tersedia terutama pada hari² besar seperti saat lebaran Natal dn Tahun baru,3
sekarang versi baru lemot masa 1 Minggu g bisa di buka,1
aplikasi sering error (tidak muncul jadwal kereta),1
"Tiket nya kemahalan, Kembalikan PSO👀",1
Ok,5
"parah banget harganya 3x lipat naiknya,padahal lebaran lebih 10hari ..parah KAI udah ambil untung banyak kereta pun sulit ..",1
Aplikasi kurang profesional. di danai angaran DANANRTARA Aplikasi overload karna banyak antrian. KONYOL Kalah dengan aplikasi sebelah TRAVELOKA. ganti aja humas IT KAI ACCES d kantor pusat Bussinesnya.,1
"sumpah yang bikin nih aplikasi ga profesional, lemot banget loading nya padahal internet aman aman aja kalau dipake ke aplikasi lain",1
layanan aplikasi buruk sekali,1
kenapa ga bisa di pakai selalu masa pemeliharaan aplikasi KAI acces aku mau pesan malah eror data hilang tbtb,1
pembayaran sulit loadiiing,1
kenapa dana pembatalan tiket gak bisa di kirim ke ewalet. bikin susah yang gak punya rekening,1
lemott,2
aplikasi sering error,1
kadang suka erorrr perbaiki lagi ya,4
"asli ini versi paling buruk, sangat menggangu karena server lemot parah, sistem antre ok lah tapi kalo pada akhirnya dapat antrian ngisi malah error ga muncul semua list nya, bahkan list habis tiketnya aja ga ada, berarti memang error parah. Gilak sih ini... transisi paling jelek. udah coba sabar eh pas lihat jam literally 1 jam bolak balik aplikasi nyobain segala kemungkinan buat dapat tiketnya. aelah... wasting time bet",1
aplikasi cacat cek harga tiket kereta api lokal aja gak bisa aplikasi macam apa ini,1
sering error gajelas ni apk,1
"kai enak cepat,tapi sayang sekali kalo lebaran susah dapet tiket nya",3
kenapa ahir2 ini saya selalu gagal buka jadwal kereta yah,3
"sistem antriannya tolong diperbaiki saat banyak yang akses. disuruh nunggu 5mnt masih oke.. setelah menit ke-0 ditambah lagi 4mnt.. saat udh 4mnt ternyata jadwal yang diincar tidak ada rute.. padahal hari biasanya ada rute kereta walau tiket udh habis terjual. aku cek rute lain antri lagi, dan setelah menit-0 tidak ada rute..",1
"bro kai tuh milik pemerintah, ko lemot bat apknya, alesannya sedang dalam antrian, emang ga ada budget pemeliharaan apk atau web? aneh banget masa iya kalah sama aplikasi game",4
"aplikasi sering down, hari"" pemeliharaan mulu",1
baik,4
apliksi sering eror,1
saya daftar jadi member basic ga bisa bisa,1
tolong aja saya mau pulang ke jakarta sistem nya down gak bisa pesen jadi nya saya harus di booking id,4
krnapa sekarang buka aplikasi langsung antrian 3 menit padahal posisi g lagi rame pada nyari tiket.kenapa makin ribet sekarang.erorkah hari ini kai acces.mau lihat tiket saja tidak bisa sampai tgl 23 April,1
memudahkan utk pembelian tiket,5
lemot banget woy sinyal padahal bagus hp gak lag,2
suka trobel,1
"server down terus, bukannya mempermudah malah mempersulit, udah gonta ganti wifi sama data seluler sama aja",1
"fitur pembatalan tiketnya ribet, kadang sering gajelas gitu, semoga bisa lebih baik lagi KAI",2
Mudah,5
lelet lelet.,2
"aplikasi g bisa dipakai, semua kereta kosong padahal sudah cek sampai dengan tanggal bukan tanggal liburan panjang, paraaaaaah",1
Aman dan nyaman.,5
"sebenarnya aplikasi nya bagus, tetapi untuk refresh/antrian nya tolong banget wktunya diperhatikan. kalau memang akan di upgrade harusnya lebih awal jadi ketika kita mau pesan tiket gak sesusah ini. Erorr nya kebangetan kalo lgi hari besar!",4
good job,5
"tolong aplikasinya di perbaiki lagi , dari tadi saya mau pesen tiket gak bisa terus jadwal kereta gak keluar",4
server down,2
"aplikasinya suka errorz suruh nunggu 5 menit tapi sejam ditungguin tetep gabisa pesen tiket, harusnya udah antisipasi musim mudik banyak orang buka kai access, mana pengembalian tiket cuman 75% lagi, udahlah tiketnya mahal, dasar kai kapitalis",1
ini kok aplikasinya eror g bisa di buka,1
aplikasi yng sekarang banyak bug nya lemot,1
2026 makin susah aplikasi sering error tolong dipermudah untuk pembayaran dan pencarian kereta,3
sangat membantu,5
sangat baik pelayanannya.,5
setelah di update aplikasi eror,2
"apk gak jelas gak bisa menambahkan tiket untuk refund malah di suruh ke loket,padahal saya udah yakin pasti telat makanya mau refund tiket",1
"untuk fitur fitur apk nya sangat lengkap .tapi kekurangan nya pas saya make itu suka nge bug pas pencarian jadwal kereta ,pas saya cari jadwal ada trus pas saya kembali cari lagi eh malah ilang jadwalnya ,trus ada lagi .kaya mengganggu banget dan menghambat banget pas mau buru buru beli tiket ,dan saya sudah sampe kehabisan tiket kereta karena hal tersebut",5
"parah banget min kai, transaksi berhasil, tiket ga dapet, error mulu ni apk, padahal di riwayat transaksi saya berhasil tapi di apk malah blum lunas, kocak",1
"sering error, masa pas pesen klik tgl 23 tidak tersedia, klik tgl 24 tersedia, klik lagi tgl 23 tersedia, loading lama, perbaikan lah, apalah error aja ini apk, masa kalah sma apk yg bukan official.kya travelloka dll.. mohon d perbaiki apk official masa kaya gini. gedek bgt",1
aplikasi g berguna...mungkin kai kebanyakan utang...aplikasi loding terus g bisa di proses,1
ok,5
apknya lemot bet,2
"apaan mau lihat jadwal yg tersedia malah, anda dalam antrian. halaman ini akan di refresh otomatis! nama app Kai access, tapi kok susah aksesnya",1
jelek connecting train terus,1
"update ui/ux terbaru jujur agak membuat aplikasi eror saat ingin membeli tiket lokal, apalagi yang tercampur dengan kelas eksekutif. walau bisa di filter tapi kalau tanggal-tanggal banyak yang membutuhkan tiket kereta agak gimana gitu",3
bagus cuma di jam jam libur lebaran mungkin karena banyak yang akses jadi loading aplikasinya lama banget kadang bisa kadang harus mulai ulang juga,5
eror bgt ga asik!,1
setelah di perbarui malah ngebug... ayolah dinaikkan lagi tingkat kelancaran apk nya,1
bug nya d perbaiki,5
apk nya lemot bangettt,1
"ini gimana sekarang kok makin banyak kendala sih, mau liat jabwal gak bisa ya buat kereta lokal",5
MENDEKATI HARI LEBARAN SERVER KOK TAMBAH DOWN BUKANNYA DI PERBAIKI DATI JAUH' HARI KARNA PASTI BANYAK YANG AKSES,1
setelah sekian lama pakai KAI acces baru tahun ini kecewa. apa memang rata rata kalo aplikasi bukan milik swasta selalu bermasalah? cari kereta lokal aja tidak muncul. masuk ke antar kota tambah lagi cuma searching. update juga sudah. wah menyusahkan saja.,1
"lelet bat monyett udah pake wifi tetap lelet, pake data pun lelett",2
"aplikasinya sangat membantu...pertama kali naik kereta api indonesia,,pelayanan sangat baik..",5
"Susah banget pemilihan jadwal kereta, lama munculnya, sudah ditunggu lama malah kosong gak terdetek, pas sudah pilih jadwal malah muter-muter saja belum pilih kursi",1
lag anj,1
aplikasi kok makin sering gangguan sekarang,1
"PESAN TIKET AJA NGELAGNYA MINTA AMPUN, MASUK APLIKASI GAK BISA MULU. BOOKING TIKET PUN GAK BISA, TIBA - TIBA UDAH DITEMPATIN ORANG. SISTEM APLIKASI INDONESIA MEMANG SANGAT BURUK SEKALI👎",1
sering eror,1
toppppppppbgt krenmnn,5
bagus,5
"aplikasi bikin kesel cek jadwal aja ga bisa ,mohon segera di perbarui",1
aplikasi lemot bangetttt kek siput,1
ga bisa acces sialan ini kai,1
lelet cuma beli tiket doang banyak ganggu,1
lemot banget parah,1
"sekarang kai buruk sekali tiket hanya bisa pesan 4, selalu bermasalah sangat buruk, biasanya sekali tekan langsung keluar hasilnya sekarang banyak bgt gayanya",1
mudah dan cepat,5
"minnn kok ini kalo pesen 3 tiket gabisa sih min, malah ga muncul jdwalnyaa mohon bantuannya biar mempermudah pesen tiket",2
apk kaya apa ini susah sekali buat pesan tiket aja susah padahal sinyal bagus,1
aplikasinya bagus tapi di bagian pembayaran nya terbatas tolong di tambah pembayaran lagi terima kasih,5
makin ampas gini ye,1
"hari ini mau pesan tiket, jadwal tidak tersedia terus, padahal sudah di refresh terus hampir 2 jam aplikasi tidak bisa di gunakan",5
goog job kai,5
👍👍👍👍👍,5
buruk sekali sekarang . mau lihat jadwal kereta aja loading terus-menerus. dan akhirnya muncul tidak ada jadwal atau tidak ada keberangkatan setelah saya hapus data dan kembali melihat jadwal baru tersedia muncul tolong diperbaiki kenyamanan aplikasinya . jujur mulai memburuk setiap update,1
"buka kai acces dari 1 jam sebelom boarding malah gabisa, error terus, tiba2 e-boarding pass berubah jadi 0.0 jam sebelum keberangkatan baru bisa dicetak itupun ga keluar2 nama penumpangnya yg mau dicetak e-boarding passnya, biasanya 2 jam sebelum keberangkatan udah bisa loh??? udah dm ig kai ga ada tanggapan???padahal lg buru2 ngejar kereta biar ga ketinggalan. giliran pesan tiket suruh buru2 giliran udah hari h nya gaberfungsi. baru kali ini kecewa sm kai",1
"server dikit,penuh dikit langsung dikasih antrean, padahal cuma mau liat jadwal hari itu juga malah di suruh nunggu brp menit",3
baik,4
"Minta tolong securitynya sering ngecek, dikereta pramek banyak ibu-ibu yg membawa bayi tidak dapat tempat duduk, tolong diperhatikan! soalnya banyak laki-laki yg tidak mau mengalah",5
tolong untuk metode pembayaran lewat e-wallet sediakan untuk aplikasi DANA🙏 dan kekurangan dari aplikasi ini di metode pembayaran nya yg terbatas,3
"siiip, mempermudah transaksi",5
kenapa sya buka gk bisa,5
Terbaik pokoknya mah 🫡🫡🫡,5
baik,4
mantap,5
sangat membantu,5
aplikasi yang sangat mudah & membantu untuk memesan tiket kereta,5
"Perbaiki bug nya !! Ketersediaan tiket tidak konsisten/stabil. Sebelumnya dicek ada, beberapa saat kemudian tidak ada. Setelah restart muncul lagi ketersediaannya, tapi waktu back menu sebelumnya terus cek lagi hilang lagi.",1
yg bener aja ga bisa booking tiket 1 per 1 (misalkan saya mesen tiket 3 tpi tujuan sama dan 1 per 1 untuk di bagikan ke yg lain).,2
"Sumpah Gedeg dan kezelll bgtt, masa mau pesen tiket waktu jam 00.00 selalu ada gangguan/error. Jadinya kan aku kehabisan tiket trs kalau begitu caranya, dan ga hanya aku yg mengalami hal yg sama bahkan temen² juga. Terus ya masa aku dah bayar tiketnya tiba' ga ada notif pembayaran dan tiket ku blm terbayar pdhl kan udh. Masa transportasi elit aplikasi SULIT. Udh rela begadang demi war tiket ujung² nya jg tetep kehabisan tiket. Hdeuhhh mending aplikasi apus aja ga guna tau ga.",2
"KALO LAGI WAR TENGAH MALEM TU JANGAN EROR, TRUS TIBA-TIBA UDAH PENUH AJA. EMOSI BGTT. Kalo banyak yang kritik tu diperbaiki, banyak yang mengalami kejadian sama. Aku war tiket SAMPE 1 JAM LEBIH tapi tetep ga dapet tiket!!!!!",1
kyk telek,1
kecewa dengan pihak KAI penyediaan tiket yg GK masuk akal mau naik kereta dari Kotabumi ke tanjung karang saja susah bangett. pada hal sudah pesen dari jam 00.00 masih aja GK dapet,2
apk nya agak lemot pdhl mau cepet cepet beli tiket,3
aplikasinya bagus tapi tolong lebih d tingkatkat masalah koneksi apalagi klo jam jam awal selalu susah buat masuk k pembayaran,5
SERVERMU BELUM SIAP BUAT WAR TIKET.. MENGECEWAKAN...!!!!!!,1
"aplikasi sampah sesampah sampahnya. kalo belum siap online. gausah sok Sokan online, server gak respon, tiap mau beli error terus, wifi bagus, tapi tetep gabisa,. mending pensiun aja",1
Tolong untuk jam malam server tolong diperbaiki! Sering lemot dan kadang gak keluar jadwal keretanya,1
"jelek banget, server sering error. tolong diperbaiki",1
"tolong dong masalah eror ni udaa 1 tahun kek gini terus masa udaa dapet tiket malah gabisa ke tahap selanjutnya padahal tiket masi tersedia, dan saat pemesanan selalu saja eror mulu ni aplikasi, mau di jadwal sibuk maupun jadwal yang ga sibuk,. udaa 1 tahun kek gini terus terutama di daerah sumatra",1
"bagus,cm disaat sudah mau pesan itu gimana slalu slow respon trs. sampai kehabisan...",4
"harusnya aplikasi ini tidak cocok untuk mendapatkan bintang meskipun hanya 1. saya sudah tidak bisa lagi menggunakannya. login tidak bisa, lemot sekali, dan tiba-tiba selalu failed data. kalau update harus nya menjadi lebih baik dan efisien, bukan makin buruk dan mempersulit.",1
"bagus... lebih cepatm. tapi membutuhkan internet nya untuk war tiket, tolong di perbaiki lagi... mungkin sedikit lebih bisa di stabilkan... karena internet saya sudah full.. dn memakai kartu indo*sat. tetap tidka bisa membeli tiket. loading nya juga sangat lama.",5
"server kebanyakan error, mohon untuk segera diperbaiki",4
"kenapa ya apk saya selalu eror, ga seperti sebelumnya",1
"perbaiki dulu pembelian tiket di saat pergantian hari, server selalu penuh.",1
"baru jam 00.00 dah habis ludes mau ke balam, banyak banget calo tiket kayaknya",1
tolong servernya diperluas/diperbaiki,1
"server gampang down, mau batalkan pesanan ga bisa",1
bagus sih tapi kenapa harus ada member basic yg GK bisa diakses buat persulit penguna,1
"saya kasi bintang 1 krna apk ny mnurut saya jelek bgt, masa cuma antar kota aja nyari stasiun nya sampe Berjam"" tetap GK ketemu, dimasukin nama kota juga enggk ada, padahal dari stasiun Medan atau bandar Khalifah ke stasiun perlanaan (Simalungun) sampe searching ke google bolak balek, eh tetiba pas di cek lagi muncul itu stasiun nya dan jadwalnya, trus pas mau cek lagi malah GK muncul semua jadwalnya, subhanallah banget bobroknya apk ini, aneh !! tolong perbaiki dong.",1
hayoh we loginnnn🤓,2
sangat membantu utk pemesanan tiket KAI,5
"error handlernya perlu diperhatikan lagi, soalnya malah ngasih socket back end nya",3
lebih ditingkatkan demi kebaikan,4
mantap.. sat set... semua menjadi mudah dg KQI Access,5
loading sampe ketinggalan,1
"setelah update jadi full loading, bagus sebelum update",1
sangat memuaskan,5
mantab,5
nice so,5
susah amat dapet tiketnya,2
sekarang kok tiap mau lihat jadwal kereta sering tidak bisa ya.,5
sejak update app untuk lebaran. app sering banget nge bug error. g mau tampilin jadwal. jadi g bisa mantau buat cari tiket. sm cs dimnta logout dn login lagi. tp cm kebatas 5x dalam satu jam. downgrade ini.,1
gagal terus daftar akun basic!!!,1
puas,5
"Biaya top up saldo terlalu mahal Rp. 2900, gimana kalau kita top up 6 anggota keluarga, sy menyarankan tmn2 scan e-toll aja atau e-card yg bisa diterima oleh KAI.",3
selalu memudahkan segala layanan,5
"Siang ini, bertepatan dengan H1 Lebaran 2026, saya beserta Ibu saya yang berusia 88 tahun & kakak yang berusia 66 tahun, menggunakan kereta api dari stasiun Madiun ke stasiun Solo Balapan. Ibu saya menggunakan kursi roda & membutuhkan bantuan untuk naik ke gerbong. Para petugas KAI di Stasiun Madiun maupun Solo Balapan, stand by & dengan sigap membantu kami sehingga perjalanan menjadi lebih mudah & menyenangkan. Terima kasih banyak kepada PT. KAI & semua petugas untuk pelayanan yang excellent.",5
auruh upgrade member pas masukin otp error aneh g mau di beli apa gmn?,1
bagus pelayanannya,4
"eror trus kalo lgi rebutannnnn, gilaaa",1
goood,5
good,5
baik,5
saat melakukan isi saldo kartu kmt tidak bisa dan hanya stuck di layar pembayaran. sudah menekan tombol lanjutkan namun layar tidak berubah ataupun saldo tidak bertambah,3
kenapa ga bisa bisa upgrade ke member basic. waktu di verifikasi otp cuma loading doang ga keluar keluar,3
tepat,5
mantap,5
"untuk penjualan tiketnya aneh, masa mau beli tiket sebulan kedepan udah ngga ada tapi giliran udah beberapa hari lagi ada tapi cuma sedikit padahal saya mau beli sekeluarga. untuk ketersediaan tiketnya untuk lebih transparan lagi!!!",1
"gatau kenapa KAI ACCESS saya setiap ngecek tiket di aplikasi selalu ga muncul, padahal di Web booking.kai.id bisa bisa aja, APK RUSAKKKK",1
daftar basic udah kirim OTP gagal mulu. KAI sampah,1
"sangat terbantu sekali,aplikasi mantab",5
"kerennnnn banget aplikasinya, user friendly, mesen atau refund mudah bangettt😍",5
"aplikasinya bagus si, tapi sering eror. apalagi sering bgt ada tulisan no seat available padahal tiketnya masih ada.",3
"Sangat disayangkan, terdapat bug pada sistem yang mengakibatkan tidak adanya update tiket secara real time. Tidak tertulis apakah terdapat seat atau tidak, dan ketika ingin mencoba keluar, langsung terhitung memesan tiket dengan tagihan 0, sehingga tidak dapat melakukan pembayaran dan tidak dapat membatalkan pesanan. Tolong segera diperbaiki. Terimakasih.",1
kenapa sih kok selalu sulit bgt pesennya pas hari raya,2
"war tiket 00:00 WIB dibuka, 00:01 WIB udah ga bisa lagi mesen... seluruh tiket abis, luar biasa.... orang kaya ga masukin data lagi mau mesen",1
aplikasi swring teobel ga jelas,2
Tidak bisa di akses??,5
cukup membantu,5
Good,4
dari tadi mau login gabisa bisa gila kali,1
Mantap,5
aplikasi tolol,1
kadang tiker tersedia kadang engga,4
keren,5
masa gak bisa tiket KA lokal untuk 5 orang. kalo suami istri dah 2 orang. sama anak 3 atau 4 gimana. aneh2 aja. di saat yg lain membuka pelayanan. ini malah batasi pelayanan secara exream,1
mantap mempermudah pelanggan,5
bagus,5
Bagus,5
mau bayar tiket tapi susah diklik,3
metode pembayaran kadang ga bisa pake Spay,3
"tolong dong ini saya mau daftar jadi member basicc kaga bisa bisa, padahal udh dii isi bener tolong dong udh berapa kali daftar member basiic bacaan nya login dr gmail gada yg masuk ke Gmail... tolong dong diperbaiki lagi sistem nya",1
"Mau melakukan pembayaran aja susah banget, dicoba berkali-kali ga bisa terus. Mau dibatalkan ga bisa. Coba pesan lagi juga ga bisa.",1
praktis,5
aman,4
👮,5
apk bagus mudah digunakan,5
jos,5
"sudah dari lama mendaftar, begitu mau melengkapi daftar diri dan kode otp sudah saya masukkan kenapa begitu di pencet lanjutkan malah loading lama terus mulai dari awal puasa saya coba sampai sekarang nggak tau sudah berapa kali saya masukkan kode otp tetep aja loading lama terus ini gimana ya saya nggak bisa melengkapin data diri saya.",1
good job,5
"ngisi saldo kaipay TPI GK masuk ,tolong dibenahi lagi ya",1
mantap,5
udah beerapa kali konek shopee pay tp gagal. udah tu penumpang reduksi kadang bisa kadang gak. laganan makanan juga kalo belum aktif jangan dimasukkan ke aplikasi. saran perbaikan aplikasi aja. dan pastikan keamanan ewalet user ya.,3
okey,5
SANGAT MEMBANTU,5
bagus,5
"tidak ada peningkatan dari dulu, server selalu down terus, padahal msi ada 10 seat tapi pas dibeli no seat available, apasih!????",1
"KAI bagian publikasi tolong artikelnya diperbaharui, jangan makan gaji buta. Kebanyakan artikelnya sudah tahun lalu semua, jangan remehkan masyarakat, masyarakat juga banyak yang rajin membaca. Fungsikan aplikasi KAI sebagai sarana untuk berkembang lebih baik lagi, semangat dan jangan dipersulit dengan malas.",2
makasih,5
"masa ga ada jadwak kereta yg tersedia, perbaikin lah",1
"mantab, terimakasih kai... sukses selalu kai top",5
aplikasi yang sangat membantu tapi keseringan minta update,5
kenapa kreta Airlangga untuk booking 22 Maret di up. nya jam 00.20...??,4
mantap,5
plis ka di mudahkan lah pembatalan tiketnya makasih,5
"tiket kotabumi blm 1 menit langung sold out, hebat bangget.",1
"gak bisa beli padahal ada seat, muncul note: no seat afailable.",3
"aplikasi yang sangat buruk. masa cuma satu kesalahan memasukkan kata sandi, akun di lock satu jam apa2an ini. aplikasi SAMPAH !!",1
so far so good,5
sgt bagus,5
aplikasi gg,1
mudah dan simpel,5
mudik allhamdulilah,5
saya sudah beli tiket saldo pun sudah kepotong pas cek di menu TIKET SAYA kok belum ada tiket yang tersimpan?? padahal saldo saya sudah kepotong dan ketika mau cek tiket juga loading lama..,2
"sdh baik ,akan tetapi harus tetap mencari improvment yg baik lagi atas layanan Ke konsumen",5
respon sangat baik,5
sering eror,3
rute sering hilang tidak ada jadwal muncul,2
oke,5
ok,5
sangat mudah tak perlu antri,5
kualanamu ke medan jm 21:10-21:54. medan ke binjai 21:15-21:37..😢kok gk jm 21:54 lewat sih..dari medan ke binjai. kan gini gk bisa pulang.. untuk jdwal tgl 22 maret. tolong update dong min. kno-mdn. mdn-ke binjai.,4
admin nya ga ngotak cuy,1
PESEN TIKET KOK MALAH LOADING PARAHHHHH DARI DULU PENYAKITNYA SAMA GAK PERNAH LEBIH BAIK,1
good,5
membantu sekali,5
pesan tiket sangat mudah dengan menggunakan aplikasi acces by KAI,5
"Sangat memudahkan, best for KAI",5
Good.,5
service ok,4
goood,5
pembayaran lewat shopeepay aneh seperti bug 2 kali kaya gini apk aneh,1
sering eror! mohon di perbaiki,1
cepat dlm pemesanan tiket....sangat membantu,5
"sering eror ya, tinggal bayar tiba tiba keluar sendiri, trs dialihkan ke tulisan selesaikan pembayaran tapi ga bisa dipencet, jadi bayarnya lewat mana? mau dibatalin ga bisa harus nunggu sisa waktu bayar habis, sekalinya nunggu tiket kereta lokalnya udh habis emg harus diperbaiki lagi sistemnya ini apalagi pembayaran yg lewat ovo & shopeepay, sering keluar sendiri",1
kalo sering dibuka cek jadwal kereta luar kota tiba2 jadwal ga ada lgi untuk semua tgl,2
"Nyusahin banget, kalo misal pesennya sekarang maksimal 4, yaaaa minimal gak usah dipisah tempat duduknya🥴 Stresss bgt sistem masa lebaran ini.",1
"gak jelas, apk banyak pembaruan yang justru bikin ribet",1
"Apa ini delay ga sesuai jadwal di tiket, masa ga profesional perkara ngalah sama kereta lain",1
useful! superb apps,5
"tolong banget ini mah kalo pembaruan tu makin bagus, bukan makin bosok😭",1
ptaktis dan sangat membantu,5
"di hp saya saat ini tidak bisa dibuka, sebelumnya bisa dipakai Untuk pemesanan ticket,hp saya merk Oppo type A17, mohon dibantu, Karena saya hampir tiap hari menggunakan jasa kereta api Indonesia",1
ini knpa skrng gabsa pesen tiket yaa katnya lg pemeliharaan,3
"dari kecil terbiasa naik kereta sejak tahun 1980an, jadi faham perkembangan pertiket ka an, pake aplikasi ini sangat mempermudah 👍",5
"sangat membantu apk ini, tp hp sy bukan os 8 jadi tdk bisa meng update apk ini, dan sdh tdk bisa bookkng tiket disini, kalo sy harus ganti hp lg hanya krn utk update ini, sungguh terlalu, sdg hp sy masih bisa digunakan utk yg lain nya, saran sy jgn tll tinggi lah kalo apk untuk umum, jd sy kasih bintang 2 aja lah",2
"apk ini sangat buruk sekali, selalu minta diulang2 bhkn sdh smp pembayaran gagal terus.",1
"kemajuan teknologi untuk mempermudah bukan sebaliknya, coba KAI, membuat program dalam aplikasi ini untuk memudahkan konsumen berangkat dari stasiun yang diinginkan ke stasiun tujuan cukup dengan 1 klik dan memberikan berbagai macam opsi kereta, baik commuter line, kereta lokal, dan kereta antar kota, sehingga kami konsumen dapat menyesuaikan kebutuhan cukup 1x membeli tiket semacam tiket terusan bila harus menggunakan lebih dari 1 macam jenis kereta (commuter line,lokal, dan antar kota)",5
"cuma mau kasih saran seharusnya tiket kereta api dikelasifisikan jauh dekat harga tiket nya berbeda dong . KRL commuter Jabodetabek aja harga tiketnya tidak sama rata , masa kereta api nya jauh dekat harga tiket sama . semoga kereta api Indonesia bisa mendengarkan saran saya. salam hormat 🙏😊",4
sangat bagus dan cepat,5
tolong buat pangembang jang di persulit dong perangkat saya jadi ga bisa pasang aplikasinya,2
Minta pemulihan kata sandi gagal terus,5
top markotop 👍👍👍,5
"ngaco,,,, gk ada jadwal yg tersedia,,,,",1
"Proses pembatalan super lama, nunggu pending sampai 3 hari blm pengembalian dana, ayolah buat semuanya mudah dan simpel. mohon di perbaiki lagi🙏",1
Susah banget yah pesen tiket,1
pelayanan mudah ramah dan cepat gaess keren dah sesuai dengan teknologi saat ini hitungam detik udah dapat tiket yg kalian mau.asal masih ada kuotanya .udah yaa,5
"ga bisa verifikasi loding nya lama amat padahal sinyal bagus, ga jelas , padahal mau mesen tiket ha ribet anjirr pas di coba lagi malah ga bisa nunggu 1 hari",1
"Pemesanan tiket sangat mudah, jadi senang",5
kenapa saya tidak bisa pesan tiket lewat aplikasi ini y?,5
mantap kai,5
"jujur kecewa kok di hp saya tiket tidak teraedia, sedangkan d hp temen saya tersedia banyak",1
good,5
keren,5
"aplikasinya bagus banget tapi sayang service railfood nya lama banget, udah 1 jam order ga dateng dateng.",5
"UI sudah lumayan, cuma bisa minta tolong UI dikasih gambar detail gerbong/ arah keberangkatan, jadi ada sistem integrasi dengan pusat sarana dengan aplikasi supaya lebih memudahkan penumpang, apalagi dengan KA Tawang Alun yang notabennya ada perpindahan lg lajur kereta. Untuk UX bisa dimaksimalkan lagi dalam pemilihan kereta, karena agak risih dalam sistem antrian tiket karena banyak yg gk kebagian tiket, bisa di pertimbangkan dgn sistem in memory queue, data sementara di user kmdn ke database",4
"aplikasinya gabisa dibuka, layarnya hitam doang",1
memudahkan bgt. maaksih,5
pelayanan ok,5
"aplikasi apaan ini 18 maret baru install. buat cek harga. tapi satupun tiket engga ada baik yg sudah habis atau belum, ganti tanggal engga ngaruh. sengaja kasih b5 biar pada baca",5
memuaskan,5
"tolong perbaiki, cek jadwal keberangkatan tiap 5-7x langsung ilang semua jadwal nya di semua hari tidak mau loading datanya, muncul tulisan tidak ada jadwal kereta (di semua hari) yang awalmada tiba"" hilang",1
Pembayaranya susah lag,2
"sangat sangat buruk, intinya buruk, masa saat hendak membeli tiket habis, tetapi saat akses kembali masih ada 4 kursi, saat mau membeli kembali habis.",2
very useful thanks KAI Acces,5
Aplikasi sangat membantu,5
"Bedakan mana jualan tiket dan mana jualan receh-recehan.. fokus aja sama penjualan tiket dan segala hal yang bersangkutan langsung dengan KAI, jangan segala diambil, jual tiket hotel pulsa pln paket data entertainment sudah ada ranahnya masing2.. rasanya jadi gak simple lagi ini access by KAI dan saking gak fokus nya penjualan tiket banyak eror ini aplikasi sering time out, masalah pembayaran kaipay, qris gak muncul.. Mohon segera diperbaiki lagi terimakasih.. Manajemen mana nih manajemen!!!",3
pelayanannya cepat dan mantap,5
"aplikasi lelet, gak sebagus dulu",1
min ini kenapa lagi toh dari jam 00.00 saya buka aplikasi kok dalam pemeliharaan terus. dan ini saya beli tiketnya gimana?,2
baik,5
"keren banget,jd gak usah jauh jauh Dateng ke loket",5
selalu nge bug.. dari tahun ke tahun ga ada perbaikan. gini mulu. padahal kereta lokal sekarang ga bisa beli di stasiun.belinya online.. Kenapa kalian ga berbenah yang betul. jengkelin. bahkan pembayaran ter debet 2 kali saking error nya aplikasi ini. makin lama makin jelek aja kualitasnya,1
Setiap tahun langganan error sudah mantengin dari 23.55 sampe 00.01 giliran mau input kursi invalid terusss sampe 00.30 masih invalid dan ujung² tiket habiss!!! ini tiap tahun kendalanya seperti ini teruss tolong lah KAI diperbaiki sistemnyaa,1
"apacoba, tiket baru keluar, belum sempet beli masa udah habis, baru jam 8 loh, mau beli ketiduran malah udah habis, heran, mana pas tengah malam server down banget, delay banget gillaaaa",1
kai lain kali perbesar server lah aku mau pulang dari Surabaya ke malang dari jam 12 Sampek sekerang gak dapet tiket pliss lah,1
"benerin dulu servernya, data & wifi lancar lancar aja kok malah invalid, gjls",1
lebih baik kedepannya perihal kecepatan sistem,3
aplikasi nya lemot banget,2
"perbaiki aplikasi ini, pesan selalu gagal server terus padahal sinyal bagus",1
aplikasi lemot,1
mau pesen sering eror,1
"4 kata, APLIKASI KAI SANGAT BURUK",1
benahi server,4
"aplikasi lemot, mau bayar pun susah",1
ngelag buat pesen tiket nya ngelag parah gangguan terus,1
apk error trs padahal war tiket jam 00.00 invailid trs,1
"aplikasi lemot, mau bayar aja susah banget sihhhh",1
So far so good,4
"saran aku agar servernya ndak down karena kebanyakan orang yg masuk domain, mending servernya diperluas aja agar dapat lebih banyak menampung aktivitas di dalamnya",5
"aplikasi di kuasai Calo, ga nyaman saya sebagai penguna, meresahkan",1
terima kasih PT KAI Indonesia,5
mantappp,5
ok,5
"semoga saya dape tiket mudik besok malem, belum dapet",5
mudah2an di akses,5
cocok buat pesen tiket untuk pulang kampung/mudik kerja,4
lebih mudah memesan tiket kereta api cukup di rumah saja,5
👍🇮🇩,5
aplikasi saat di lakukan pengisian untuk data diri akun basic selalu mengulang dr awal lagi,3
"baik tapi, bug",5
sering ngebug kadang ga muncul jadwalnya,1
sangat bagus,5
fitur tidak mudah digunakan.,1
aplikasi error mulu,1
"tahun ini dapet kursi pisah"" ,kursi jatah cuma 4 ,parah bnget ,mohon bisa d tinjau ulang untuk taun depan",3
error saat pembatalan tiket,1
"data jadwal kereta tidak tersedia bahkan data jadwal kereta yang sudah penuh, aplikasi aneh",1
Good job apk,5
semakin di update kok data jadwalnya malah kosong terus,1
"kereta padang pariaman, jual tiket berdiri tapi g ada pegangan, kan gob***",2
senang,5
aplikasi tidak bagus terkadangsering error bikin pelanggan atau konsumen susah memesan tiket ka,1
Jaya selalu KAI,5
good service,5
bagus banget,5
aplikasi yg sangat cepat di proses,5
"update Mulu tapi informasi mengenai KA yang tersedia di setiap tanggal tidak bisa di tampilkan,GK mungkin juga setiap geser tanggal pemesanan selalu habis terus pasti ada kalanya penumpang sepi.tiap Minggu maintenance server tapi gak ada perubahan nya.",1
"payah, ditingkatkan lg dong aplikasinya",1
terbaiiikkk,5
trus berkarya Dan meningkatkan terus layanan on line yg lebih prima Dan mudah. tanks,5
sangatt baik dan sangatt membantuu,5
"DI STASIUN KAI SIMPANG HARU KOTA PADANG, OJOL /OJEK MENGANTARKAN / MENJEMPUT PENUMPANG SAJA HARUS BYAR PARKIR 2000/ X MASUK,,, SUDAH KETENTUAN PJKA KATA PETUGAS",1
jumlah pembelian tiket online di batasi masak cuma 4 orang untuk 1 transaksi,1
sangat mudah dan sangat membantu,5
Alhamdulillah.. commuter line.. pelajaran nya sangat Prima... mantap...!!!,5
Sangat membantu,5
bayarnya ga bisa ngelink ke shopee payah...,3
kenapa cepet hbis trus jm 12 lemot nya masya allah,4
"Terlalu dipersulit untuk mendapat tiket,makin lama makin ribet",1
tolong untuk sistem nya diperhatikan lagi ... jikalau sudah tidak mendapatkan tempat duduk itu pas pesan usahakan ditampilkan jangan pas udah bayar ada keterangan tidak ada tempat duduk kan repot sendiri ... apalagi bawa lansia juga kasihan kalau berdiri terlalu lama di gerbong,5
aplikasi lambat respon,3
"aplikasi letoiiiii kata e mempermudah nyatanya mempersulit.. . Betapa susahnya cari tiketnya padahal sudah jam 12.00 cuman loading mau pilih kursi.. .setelah loading cari lagi kursi sudah habis untuk yg lokal.. .kog bisa retingnya bintang 4,8",1
sulit pesen tiketmya,1
"aplikasi terparah ini,masa setiap kali mau war tiket selalu dalam perbaikan alhasil gak dapat tiket...jadi percuma juga punya aplikasi ini!!!",1
"ini knp sy gk bisa akses masuk, makin kesini menjengkelkan mana tiket udah D co",3
sippp,5
LELETTTTTTT ....,1
bobrok,1
"habis di update kenapa susah banget sampa uninstall, harusnya klo udah instal versi terbaru ga si kenapa harus perlu update lagi",1
"aplikasi lemot, udah pesen tiket kursi, malah keluar. mana lemot banget servernya",1
makasih keren kai,5
punya pemerintah emang sering erornya,1
"ini kenapa ya saat jam 12 malam buat booking dari gubeng ke blitar selalu gk kebuka (warna abu abu), ini servernya penuh atau gimana? sudah 3 hari tidak pesan tiket. Lalu ada tulisan ""Jadwal Kereta Tidak Tersedia"" padahal saya sudah klik untuk menampilkan tiket yg sudah habis dan kosong tetap ada tulisan itu tadi. sangat mengecewakan, sama kalo tanpa kursi itu bisa pesan ya? kenapa ini gk bisa ""seat not available"",DAN SAAT BISA KENAPA ADA PEMBERITAHUAN ""INVALID SERVER RESPONSE""??? INI KENAPA WOI",4
"aplikasi geblek! bug nya kacau banget! ntr tersedia tiket, ntr udah abis. gitu aja terus, blog.",1
"aplikasi lemot,sudah klik malah error terus tidak bisa merespon jaringan padahal pakai wifi akhirnya tidak dapat kursi/kursi sudah terisi",1
"server erorr , lemot parah , prlu prbaikan",1
Tahun Ini Bugnya Paling Parahhhhhhhhh,1
application t4i udah di update gk bisa beli tiket tllol,1
"ngebug mulu, itu tiket tidak tersedia terus, sistem load nya benerin, jumlah tampung akses tambahin",1
"setelah di update malah dipake buat pesen tiket tulisan nya tidak ada jadwal truss , sekali ada malah time out mulu lama-lama malah tambah rusakk apk nya",1
kenapa saat dibutuhkan malah ngebug aplikasinya gak bisa digunakan,1
setiap musim libur kenapa selalu down sistemnya? dan selalu berulang terus,2
"apk banyak bug, masa jam 12 gak ada yg jaga di server",5
yang buat serfer akses ini sangat membuat emosi konsumen..... setiap hari besar... pasti sangat sulit masuk dan dapatkan tiket..... paling jawabanya signal.... sekelas BUMN iT nya sangat ndomble.....,1
"aplikasi paling buruk, bahkan sangat2 buruk buat semuanya... pesanan muter2 aja,huft...",1
aplikasi kurang Joss terlalu lama pas war tiket,1
susahh banget pesen tiket udah di tunggu2 sampek jam 12 masih erorrr terusss,2
jam 00.00 sudah mulai war tiket eh sampek jam 01.00 aplikasi bobrok gak bisa digunakan erorr terus mbok ya di benahi bikin naik darah terus,1
"customer service nya ga berguna tidak membantu apa², dan pada saat membeli tiket,(server no respon) tolong di perbaiki systemnya kan slogan (makin melayani)!",1
sumpahh buruk SEKALEEE,1
"Aplikasi KAI ini bagus sebenernya, cuma kebanyakan fitur loading page nya, lamaa bgt meskipun jaringan ku udah stabil. war tiket pakek 2 hp aja kebanyakan loading. tiba2 gaada seat nya. tiba2 habis tiketnya. ga konsisten bgt. di sisi lain, pemesanan tiket lokal cuma bisa lewat apk ini. kebanyakan pop up sesuai atau nggak sering eror pula aplikasinya. padahal kereta termasuk transportasi umum paling favoritku dan ramah bgt buat perempuan kek aku yg sering berpergian luar kota.",1
nge war tiket aja bosokk nge hang truss,1
"buat beli tiket susah amat yak, loading terus ujung²nya gagal. ini uda war dr jam 00.00",1
"makin kesini makin ancur aja ni aplikasi,, diupgrade bukan malah lebih baik malah lebih lelet....👎👎👎 harusnya kalian punya nilai plus secara fasilitas d lapangan....👎👎👎",1
"Servernya tolong di perbesar lah, masak tiap war tiket mesti loading lama 😂😂😂",5
kereta api Prameks Hari ini sesuai dengan ekspektasi harga tiket murah ramah dikantong,5
server error,1
servernya benerin banyak erornya,1
Sangat membantu tapi sering kali tiket tidak muncul atau tiba² habis pdhal sdh war di pukul 00.00. Mohon aplikasi diperbaiki lagi.,4
Aplikasi Apa Ini... masa mau pesan tiket gak bisa,1
"buruk banget, mau menghubungi cs tapi harus nunggu lama dan bolak balik dikasih pertanyaan yang sama. aplikasi jelekkkkkk, bener2 buruk. benci banget sekarang pake aplikasi ini. sangat tidak membantu sama sekali lolll",1
"aneh memang Di Refresh Sekali masih ada Saat di Klik lagi tanggalnya Malah Gak ada Jadwal perjalanannya Kok,makin Gak jelas Aplikasinyaaa perbaiki Lagi BugNya.. beda sama di aplikasi pihak ke3 Di tanggal yg di Maksud,,,, All Available..",1
bagus,5
kalo jadwal commuter line ga sesuai sama actuallnya ya gausah bikin jadwal commuter line kocag!!! contohnya jadwal trakhir tanah abang ke rangkas bitung pukul 23.00 tpi actualnnya kereta trakhir pukul 22.45 !!!,2
pelayanan terbaik,5
pertama kali daftar sudah amat tapi Alhamdulillah bisa juga,5
aplikasi lancar tanpa terkendalah semoga maju terus PT KAI,5
"App nya eror, tolong",1
RIBET BANGET KAI REFUND TIKET AJA NAMA HARUS SAMA SEPERTI NAMA TIKET UDAH TAU MAU RETUR TIKET KELUARGA DIKIRA BOCIL 1 TAHUN UDH PUNYA NO REKENING🗿😭😭😭,1
"apk nyusahin untuk refund dana, mana pake bank. udh di coba malah "" account not found "" padahal ada. udh bener kemarin ada refund dana pake e wallet malah nyusahin harus pake bank.",1
pemesanannya sangat mudah dan jelas,5
baik sekali,5
"gak bisa dibuka, error terus",1
bagus,5
mantap,5
"layanan call center gratis via wa gak ada gunanya dan pemahaman ttg knowledge cs buruk sekali,kita disuruh menunggu sampe 5 menit tpi bgtu tersambung langsung putus.dan gak ada sikap utk telfon balik,padahal di awal menyebutkan nama dan no wa.. makain jelek dan buruk pelayanannya,sekelas BUMN services sangat jelek.Apakah bisa diperbaiki hal2 seperti ini.. pesanan tiket yt berhasil sekarang gak ada notifikasi yg dikirim ke email.hanya ada di aplikasi.apa gak pernah sadar jika applikasi down gmna?",1
mantap pokokna mah,5
sering bug aplikasinya,1
oke,5
"sangat cepat penanganan, aplikasi sangat membantu",5
bisa Lihat peta KRL Dan LRT Jabodetabek/Jabodebek,5
"apk gk jlass, masa iya gk bsa pembayaran pakai e-wallet",1
sangat terkesan,5
bagus,5
cepat trm ksh KAI,5
mantap,5
mantap,5
mantapp,5
"baru kali ini beli tapi kecewa ,udah war dari jam 00 buat tiket kereta hari raya ehh mlh uang udah kepotong di atm tapi tiket ga dapet karna pembayaran blm masuk .udah lapor ke bank nya katanya gara"" kai nya tiba"" ganti pake bank yg beda buat pembayaran sampek sekarang ga ada kejelasan masih nunggu uang kembali",1
"ga bisa ganti metode pembayaran,dibatalin ga bisa hrs nunggu waktu habis",1
bagus,5
cepat Dan tanggap,5
mantaf,5
mantap,5
"commuter line Dhoho lewat Kertosono tambahin lah, masa pesen tiket jam 00:00 ga sampe 5menit udah habiiss semua. atau tambahin yang bisnis. rutenya jauh loh padahal masa ga ada klas bisnisnya",1
simple dan lengkap aplikasinya. The best,5
aplikasi GJ sering eror udh nunggu tiket dari sebulan sebelumnya tau2 udh habis pdhl di pantengin tiap hari malah fokus ngasih ke calo kalau ga niat jual tiket mending hapus aja aplikasinya ngapain bikin aplikasi kalau ujung2nya banyak di kasi ke calo,1
hadeh eror trs,1
praktis banget 🥰🥰,5
agak eror dikit,3
"sekarang susah liat sisa kursi atau cek ketersediaan jadwal kereta, kosong pas di cek.. padahal lagi bener bener mau mantauin buat mudik 🥲",3
Tiket tidak Transparan.,1
"Pliss tambah fitur aktifkan notifikasi tunggu tiket tujuan yang ingin dibeli yang sudah habis sudah tersedia kembali kalo ada orang yang tiba"" cancel, kalo udah ada fiturnya aku tambah jadi bintang 5 🙏🙏",4
lemot,2
"KAI Acces tidak siap buat pesanan awal hari, diatas jam 00:05 aplikasi hang",1
"apk rusak giliran war tiket invalid server, waktu bisa beli jadwal dan tiket sudah hbis, gk jls banget",1
"Entah HP aku yg kurang bagus atau aplikasi nya karna setiap beli tiket lokal bela""in bangun tengah malam tetep gak bisa dapet tiket selalu muncul no aset available atau gak eror kenapa ya",1
APK GAJELASS!!! KALO UDAH TAU YG LOKAL TUH BANYAK YG NYARI DITAMBAH JADWALNYA ATAU GERBONGNYA!!! UDAH WAR JAM 00:00 MALAH LOADING DOANG!! PAS DITANYA CS NYA MALAH SURUH NUNGGU 1 JAM KEDEPAN!!! YA GAK DAPET TIKET DONG DONGO!!! PERCUMA GW BANGUN JAM SEGITU WAR TIKET!!! AANJENG!!!,1
sangat sulit buat pean tiket,1
"sngat lemot .aplikasi mkin lama mkin susah bgt.mkin aneh.smpk bela""in g tdr cti tiket mudik mlah error trs.akhrnya g dpt.tba"" selang sejam 01:00 bru bisa kebuka tp sdh hbis.bner"" jgnkel.knpa sih g diberlakukan beli tiket manual aja kyk dlu.",1
sangat buruk susah buat daftar,1
"saya gagal mudik gara gara ini, udah 3 hari udah dua perangkat pesan tiket sama aja zonk.",1
"di waktu krusial tiba tiba jadwal kereta tidak tersedia, padahal udah siap siap war... enaknya pakai access karna sudah simpan data penumpang dan bisa langsung pesan pulang pergi,, tapi karna sering down di waktu krusial, terpaksa pesan lewat booking.kai.id yg harus ngetik data pemesan dan tdk bisa pulang pergi.... semoga server ditingkatkan lagi supaya tidak down ketika customer mau war tiket",4
"Ni apk klo pilih kursi terus kembali kenapa masuk ke pembayaran, dan harus nunggu 5m pembayaran yg ga ada kode bayarnya woioi",2
sangaat2 responsif.....,5
keren,5
"sumpah ni aplikasi tidak berguna, setiap mau pesan tiket gak pernah dapat, banyak calo/mafia jadi sebatas formalitas saja, wkwk konoha2",1
JosJissss,5
Kecewa dengan proses refund tiket yang berbelit hanya karena kesalahan nama tanpa spasi,1
mantaaabb,5
that simple tidak perlu antri:),5
sangat membantu jadi permudah kita dalam perjalanan,5
matap,5
GANTI MENHUBNYA,1
istri saya pesan gagal tapi transaksi pembayaran sdah masuk di akun pembayaran KAI ... bagaimana tanggung jawab KAI.. ???? sdah di chat tapi AI yang jawab dan tidak ada kejelasannya...,1
good,5
keren.,5
"jadwal kereta tidak tersedia. saya lebih suka, semua yang berhubungan dengan publik biar dikelola swasta aja. rakyat cape ngasih tau mulu, yg ga perlu dikasish tau. bare minimum aja ga ngerti2. cape. gumoh. masa beli tiket gini doang eror, kalah sama primajasa sm budiman. ah elah.",1
kok GK bs ya pesan kereta api nya,3
SUSAH KALI MAU UPGRADE member basic,1
download,5
"kai kenapa sih, posisi urgent mau pulang malah ga muncul tiketnya, padahal jaringan juga full, gaada kendala apapun",3
"ga jelas, cek tiket lewat web ada jadwal, tapi cek lewat aplikasi malah ga ada jadwal",1
"apk KAI ketika arus mudik lebaran kenapa selalu error yaaa ?? saran untuk developer tolong cepat di perbaiki dong, saya sebagai customer setia KAI merasa kesulitan menggunakan apk kalau begini..",3
sangat baik pelayanan,5
Good,5
gak bisa pake ewalet,2
cepat,5
aku lupa password akunku sdh aku klik lupa password tetap nggk bsia,1
top,5
sangat praktis,5
ganggu bet mau pesan tiket banyak pop up yg muncul,1
kenapa refund tiket harus ke bank BRI sedang kan saya hanya punya mandiri terus kalo bukan bank tidak bisa diproses dan itu pun harus 1 KK coba klo dalam 1 KK tidak ada yg punya bank BRI bagaimana di perbaiki lagi sistem nya,2
bug kadang,1
gbisa d download,1
gabisa di instal,2
aplikasi enak gk ribet,5
ok lah,5
oke bagus,5
terimakasih,5
bagus,5
"aplikasi gk guna,,muter muter mulu,,hapus aja dah",1
"Tidak bisa cetak e boarding pass, padahal sudah 2 jam sebelum keberangkatan dan terus saya coba sampai 5 menit keberangkatan tidak juga bisa cetak e boarding pass. Alhasil saya di marahin sama petugasnya, karena ""kesalahan"" saya yang ga bisa cetak boarding pass. Aplikasi sudah update, tiket sudah bayar. Ga tau apa yang salah, mungkin saya emang tolol dan bodoh dan sudah sepantasnya di marah marahi dan di caci maki oleh petugas yg maha benar itu",1
kok nggak bisa instal aplikasi kai acces,5
"aplikasi nya lumayan baguss, tapi pelayanan nya kurang, setiap mau mengajukan komplen atau bertanya balasannya "" ketik N untuk tidak ketik Y untuk melanjutkan"" kenapa gtu ga langsung balas aja? saya lebih baik menunggu lama tpi ada balasan, dripda balasan otomatis seperti itu.",4
Sangat mempermudah pemesanan tiket KAI,5
dengan KA lokal adalah alat angkutan yg murah meriah,5
kai tolong itu apknya buggg trsss saya mau pesan tiket pun tdk bisa eror tolong dong diperbaiiki,4
mantap,5
ini bagus banget effisien untuk trip dan apapun ditambah lagi saya railfans jadi tau loko dan stasiun depo juga,5
aplikasi taii mau beli tiket ngaak bisa bisa tiba tiba sudah habis aja bangsaaat!!!!! Al hasil nggak dapat tiket hari ini mana tengah malam pula waktu nya orang tidur dari dulu nggak pernah berubah bener bener kecewa 😡😡😡😡,1
"apknya suka eror, udah siap² dari awal nungguin jadwal nya di buka malah pas mau bayar eror, pas mau pesen lagi malah ada aja kendala nya , pdhal sinyal enak, dan tiba tiba bnget pas liat jadwal malah g muncul apa², aku tungguin lama² lah ternyata udh habis , apk nya ngeprank bngt yh, hatiku brisik bngt karna apk ini , g jadi mudik anjir, kecewa bngt knpa apk nya makin lama makin gini sih, yg sini setia menunggu yg di tunggu loading trs eh ternyata sdh habis, NGEPRANK NYA ITULOH NGEPRANK BANGET",1
pencarian lambat terkadang tidak bisa untuk selanjutnya Sampek karcis habis padahal sudah dari awal jam Sampek karcis habis mohon diperbaruhi tempat karcisnya diperbanyak.,4
"rugi pesan jm00 aplikasi error, keluar trs masuk lagi kursi sudah habis.. lain kali sediakan kereta premium tambahan sprt lebaran th 2018",1
"apk gak jlas.. saya sdah standby smpek jam 00.00 mau psan tiket kereta buat kberngkatan tanggal 22 kok gak bsazdi cobak brkali2 loding muter2 mulu,ada psan server eror dll. ahkirnya tdak kbgian tiker kreta api. mohon penjelasannya ini,bgaimana ! di chek lgi sdah hbis... mau psan tiket aja di ruwetin bgini ! mksih. mohon responnya",1
"aplikasi sangat menjengkelkan,saat war tiket dijam 00.00 selalu not responding alhasil kebagian tiket tanpa tempat duduk semoga lekas diperbaiki KAI access #BadApk",1
respon kurang cepat,5
"mau war loading trs pdhl sinyal jaringan aman refresh brkali"" ttp aj loading ntar pas bisa ket nya tersedia eh pas pesen gabisa"" kalo emg udh abis jngn kasih ket tersedia min biar ga cape"" ngewar kalo ujung"" nya tiket habis semuaa dn gadapet",1
luemottt banget padahal jaringan oke tepi dari sananya susahh pesen tiket aja susahh banget,1
aplikasi mengecewakan dibelain melek tetep aja munyer2 alhasil g kebagian,1
pas waktu di butuhkan lelet,3
"loading dan server down yang selalu menggangu pengguna, 1 jam buat booking waktu pembayaran malah close ke home, tolong lah 3 tahun begini kaga ada pembaharuan",1
"jadwal kereta tidak mau muncul, pas muncul katanya masih tersedia tanpa kursi malah gk bisa dipesan padahal data sudah sesuai semua selalu invalid tiap mau pesan atau malah keterangannya no seat sehingga tidak bisa di pesan padahal di jadwalnya masih tersedia",1
"war dari jam 00:00, aman semuanya tapi lemotnya nauzubillah, loading teruuuuuus udah masuk pembayaran ga muncul2 qris nya kan bangke !",1
tolong lah KAI ini apknya mau war tiket ga bisasistem siatam tolong lah,1
"Saya sebel waktu pemesanan tiket di jam 00:00 selalu aja di tolak terus sama sistemnya invalid lah segala macam lah, dan sampe saya tunggu 1 jam hasilnya masih sama aja eror dan itu saya jadi ga bisa naik kereta sebel banget mohon diperbaiki Maslaah tersebut min terimakasih🙏🏻",1
server aplikasinya gk bisa handle trafic yang tinggi setiap saya ingin melakukan pembelian aplikasi selalu menggunakan server is not available lalu setelah setengah jam tiba-tiba jadi no seat available padahal saya adalah pengguna aplikasi ini dari tahun 2019 kalau ini tidak bisa di tangani saran saya kembalikan saja pembelian tiket secara offline seperti dulu percuma saya tidak bisa mudik karena selalu kehabisan tiket,1
"sering kali naik kereta api Malang Blitar, PP. hemat dan nyaman",5
"masa tiap jam 1 server soak terus, di upgrade lah padahal uang udah banyak masa ga mau upgrade servernya",1
"gajelas,banyak errornya perbaiki dulu yang benar!",1
"percuma ada aplikasi ini, sdh war tiket lokal pas jam 00, server error, tiket gk bisa diakses, beli tiket kayak antri sembako aj, sangat mengecewakan :(",1
lemot jam 12 malam ga jelas,1
aplikasi lemot di klik malah gkeluar jadwal kereta dari tahun ke tahun tetap saja nggak ada perbaikan,1
"Semakin di-update semakin turun kualitas aplikasinya, sering error Mulu padahal lagi perlu. Lebih baik gak usah ada update kalau kualitas dari aplikasinya makin turun. Mengecewakan!!!",1
aplikasi sering loading lama,1
server gampang drop,2
"udah update bukannya tambah bagus malah tambah lelet, udah setting tanggal,penumpang,stasiun awal-tujuan malah error error, cs nya juga lelet, haduh haduh.",1
"server error mulu, benerin",1
knpa boarding pass nya gk kluar ya??,2
"beuh call center e-mail bener"" mantap satset sukses selalu KAI",5
"saya buka tepat jam 00.00 di pergantian hari,tapi di keterangannya jadwal tidak tersedia.sampai 15 menit otak Atik tetep aja.tolong perbaiki aplikasinya.",1
"perbaikin lagi sistemnya kebanyakan loading, mau war tiket malah kaga nongol padahal sinyal aman bat laporan ribet",1
BOSOK,1
Mantap,4
di buat war tiket server invalid truss payahh.,1
aplikasi lelet,1
bagus sangat membantu dan mempermudah dalam pemesanan tiket,5
beli tiket mudah,5
sangat membantu ..perjalanan,5
kenapa si eror muluuuuuuuuuu,4
siip,4
"Bagus, semoga konsisten yaa",5
"update yg br makin lancar apanya min...lah wong msh suka error...masa utk lihat kereta yg sudah hbs gk muncul,padahal jaringan bgs n lancar...apalagi nyari batalan tiket susahnya setengah modar gk seperti dulu...blm lg semua tanggal gk ada yg d jual tiketnya utk kereta antar kota,masa hbs semua d setiap jadwal...yg d update apanya min?!",5
"bukti pembayaran tidak bisa,padahal itu penting",1
potongan terlalu gede kalo batalin tiket,2
mudah efisien efektif dalam pemesanan tiket,5
KAI memang dihati.. pelayanan mudah perjalanan jadi indah,5
saya puas pakai kai,5
good,5
muantaaaaap,5
sangat kecewa dengan apk ini. mau cari tiket selalu tidak tersedia TPI coba di apk lain ada tiket dengan tujuan sama kenapa di KAI ACCESS GK ADA JADWAL NYA MOHON UNTUK DI PERBAIKI,1
"akhir akhir ini sring ga refresh , smnjak d kosongin kalo pesan , pdhal kalo cek d chanel lain masih banyakk , sebaiknya kereta yg udah abis juga di tampilkan aja , jadi kesannya ga sering blank doang kaya skrang",1
aplikasi selalu lelet kalo buka dan mau beli tiket lokal gak ada evaluasi,1
"Disuruh update tapi gak bisa,",5
"gagal terus masukin kode otp, padahal penting, jadi ga jadi pesan tiket di hp sendiri harus lewat orang lain",1
bagus,5
good...,5
system nya sangat mudah,5
"duitku raib gara2 KAI, aduh lemotsi KAI ga jelas",1
kenapa nggak bisa log in pas mau daftar lagi katanya lagi gangguan gmna ini,1
mudah dalam pemesanan tiket kereta,5
kok aplikasinya kadang2 agak eror ya kadang ada tiket kadang juga hilang,5
"semoga pelayanannya terus ditingkatkan tanpa membedakan kelas, karena yg dilayani adalah warga sendiri, warga negara indonesia",5
baik,5
baik,5
"Sudah instal KAI Access, mau update ke member Basic, data sudah diisi, OTP juga diterima dan langsung isikan, eh loading terus sampe habis batas waktu 2 menit. Sudah coba 7 kali, gagal selalu. Ada yang tau kenapa?",2
"aplikasi error,gak layak sering down",1
mantap cuman jangan ad pelayanan dengan alasan jaringan. pake aiti yg amanah.,5
"kenapa g ada tempat duduk, bukannya dahulu sudah rapi, ini jadi berebutan lagi",5
"bagus, memudahkan, tapi sering pemeliharaan. semoga ada perbaikan kedepannya. sukses bersama selalu",4
aplikasinya ruwet susah,1
mengurangi antrian di St.,5
min kenapa kai acess hri ini tidak bisa masuk ya,1
"zukhaaa dengan aplikasi ini, sat set. bisa beli tiket di mana saja dan kapan saja",5
SUSAH DI AKSES,1
bagus,5
apk lemot,1
Sudah bayar hingga 2× tetapi tiket malah hangus dan uang tidak kembali,1
aplikasi cepat,5
Praktis dan ekonomis,4
udh ikut war dari 23.59 sampai 00.00 kok anehnya semua rute langsung habis ya. tujuan Rangkasbitung merak aneh sih,1
muantapp,5
KERRENN BANGET KAI. SEMANGATT,5
apk kebanyakan maintenance,1
"karyawan ga becus, saya sudah order makanan dari jam 5 sore saat puasa sampai jam setengah 10 malam ga di kasih kasih",1
"Perbaiki bug nya !! Ketersediaan tiket tidak konsisten/stabil. Sebelumnya dicek ada, beberapa saat kemudian tidak ada. Setelah restart muncul lagi ketersediaannya, tapi waktu back menu sebelumnya terus cek lagi hilang lagi. Aneh.....🤦🏻‍♂️🤦🏻‍♂️",1
"tolong tambahkan info rute semua kereta, agar tau harus naik darimana jika ingin ke tujuan tertentu, seperti aplikasi bus suroboyo",5
Menu Railfood udh bagus bisa pesen online..TAPI DIANTERNYA NAUDZUBILLAH..LAMA..mending hapus aja fitur railfoodnya.,3
mantap,5
"TOLONG INI KAI, KENAPA EROR TERUS. INI SAYA MAU MUDIK JADI BINGUNG!!",1
proses pengembalian dana sampai 7 hari?,1
"KALIAN SEGITU BANYAKNYA STAFF DAN PEGAWAI, NELFON KE CS DOANG GADA YG ANGKAT. SISTEM MAU BATALKAN TIKET SAJA DIPERAULIT..INI KENA BADAI SY..MAU AJUKAN RESCHEDULE.. MALAH CS NYA NGILANG , PADA GA NIAT KERJA APA?!!! INI LG FITUR CHAT WA MAKE ROBOT BUAT APAAN, GA GUNA...COSTUMER SERVICE KO KAYA GINI. HERAN...HANGUS TIKET GUA ..GILIRAN KAI YG ADA KENA BENCANA MAEN CANCEL TIKRT PENUMPANG..GILIRAN PENUMPNG MAU CANCEL TIKET DIPERSULIT..KOCAK ??!!",1
"APK YANG KETIKA PENGGUNANYA RAME ATAU SEDANG WAR DISURUH GANTI GANTIAN PESANNYA (CONECTING TRAIN), GANGGUAN TERUS TAPI GAADA PERUBAHAN DAN PERBAIKAN",1
good,5
"aplikasi terjelek sejagad raya, pemilihan pembayaran tidak bisa dilakukan.Tabah lama tambah jelek aja, dulu nggak masalah sekarang ampun dah. Dan pembayaran terlalu cepat kadaluarsanya Masa iya sih harus ke stasiun dulu buat beli tiket... kembali ke jaman batu",1
mantab,5
tidak upgrade and daftar,1
mudah,5
"Hp aman, jaringan bagus, tapi Loadingnya kaya maen RDR 2 di ps 3... lama banget parah. menghambat banget ni apk",2
terimksih kai skrg lebih mudah,5
josjis,5
kok gak ada pergantian jadwal ticket padahal sudah di menu ticket mana kalau mau pergantian jadwal di stasiun jauh hadeeh...,1
sangat memuaskan,5
"gimana sih ini pembayaran e wallet nge lag banget, tolong dong",1
sangat memudahkan penumpang,5
"aplikasi rusak! loading screen tidak mau hilang, padahal internet sedang bagus, kalau mau bikin aplikasi anggaran nya dipakai semua tol*l, jangan dikorup!",1
sangat mudah dan nyaman.,5
"lewat acces KAI , pembatalan tiket lebih mudah nga perlu repot ke stasiun, thanks",5
"memudahkan informasi mengenai jadwal, pengecekan dan serta pembelian tiket KAI. menjadikan lebih efisien waktu",5
"untuk Kereta lokal Penataran Surabaya-Blitar via Malang apa tidak bisa di tambahi lagi durasi pemesanan semisal 10 hari kedepan gitu, masa cuma 7 hari lagi keberangkatan di jam 06.00 tiket sudah habis semua",5
bisa gak kalau apel yang seragam hijau di stasiun serpong itu tidak menghalangi akses ke tempat parkir motor? macem yang punya wilayah. MENGHALANGI JALAN YANG LAIN.,1
sangat bagus 👍,5
"kenapa ya terkadang saat cek tiket masih ada keberangkatan di beberapa hari, lalu refresh tiba² tertulis jadwal keberangkatan tidak tersedia di semua waktu yang ada",3
"makin jelek, dulu bagus",1
"kirain pas nyambungin akun e wallet kesini bisa buat bayar tiket kereta, ga tau nya ga bisa sama sekali",2
pelayanan ramah doang ga membantu,1
sistem menjadi sangat jelek ketika dibutuhkan,1
Waduh gak bisa pesan tiket gara-gara keluar dari pembelian. pas mau masuk gak bisa batalin . Ini gimana IT nya?,1
ok,5
praktis dan bisa pesan 6h sebelum keberangkatan.,4
"saya membeli tiket prameks melalui kai acces dan membayar lewat qris bca dan gopay,, semua sudah berhasil namun kenapa tiket sya tidak berhasil melalukan pembayaran dan hangus ,jadi sudah kepotong biaya 3x gak ada 1 pun tiket yg berhasil .",1
bagus cepat,5
terimakasih,5
perjalanan semakin nyaman dg KAI,5
"baikk cepat, simpel",5
"ini kenapa untuk payment ngga bisa, banyak opsi payment tp eror semua",1
Semoga gak gangguan saat Boarding di Stasiun,5
"mahal amat biaya adminya top up 50k masuk 47,500,mending bayar lewat qris dari pada top up🤣🤣🤣",2
saya suka amplikasi ini,5
bagus banget,5
"Perjalanan menyenangkan dan Aman, krn sdh didukung lingkungan yg bersiĥ, teratur dan nyaman.",5
"saya udah pesen tiket buat mudik. sekarang saya mau pesen lagi tiket buat baliknya tapi loading Mulu connect, padahal sinyal bagus tolong benerin. mau lebaran apk malah eror gajelas benerin pada niat kerja ga?. kalo tiket abis yang kasih tau tiket abis ini malah kadang muncul jadwal keretanya trus beberapa menit kemudian ilang lagi connect",1
baik,5
makin sini makin aneh nih apk. masa mau beli tiket gak muncul terus,1
mqntap,5
oke,5
"Aturan pembatalan yang mewajibkan rekening harus atas nama penumpang itu menyulitkan. Banyak tiket dibeli orang tua atau kerabat, apalagi kalau penumpangnya masih anak dan belum punya rekening. Mohon dipertimbangkan agar pengembalian bisa ke rekening pembeli tiket, bukan hanya atas nama penumpang. Terima kasih.",2
sistem lambat sering eror,2
"Terimakasih KAI yg telah membuat aplikasi ini sehingga pecinta kereta api terbantu untuk melakukan perjalanan bersama KAI tanpa terkena biaya aplikasi Travelling lain,seperti Traveloka dll",5
aplikasi gila. aplikasi Indonesia kok Bontang diatas 4. gila ini kai Indonesia. jayajayajayajaya.,5
baik dan respon cepat,5
bagus,5
simple & friendly service for ticket reservation,5
"Ribed sih, tapibia demi ke rapihan dan disiplin.",5
baik,5
ok baik,5
ok versi terbaru bisa menggunakan qris dalam metode pembayaran. tapi ketika memesan dan qris tersebut tidak sempat di scan di dompet digital tetapi aplikasi kai mya terclose kita ga tau dimana mengakses qris sebelumnya kembali untuk di bayar. walaupun ada di menu menunggu pembayaran pesanan kita tetapi untuk qris nya entah dimana,4
Praktis dan cepat,5
cepat dna praktis,5
"kecewa banget sama ini aplikasi, saya klik tanggal pemesanan dengan benar tp tercetak tanggal yg salah.maju seminggu. resqedule kena admin,batalin kena admin.yang rugi konsumen. padahal yg salah sistem aplikasi mu yg error. ga ada solusi banget !",1
buruk. pembatalan tiket ribet sekali jika kita membelikan tiket untuk org lain,1
aplikasi menyebalkan beli tiket buat anak NIK nya ngk bisa dimasukkin,1
mantap,5
bagus,5
baguss,5
pelayanan via online nya cepat dan mudah,5
sangat membantu,4
ok,5
mantap,5
sangat bagus untuk pemesanan tiket,5
apalah tiket sudah di batalkan tetap masih suruh bayar,1
gak jelas ini aplikasi mau war tiket udah tinggal pilih kursi mlh ditolak Mulu giliran keluar tiketnya habis,1
Lebih jelek dan lebih lambat untuk sistem pembelian tiket daripada sistem lama,1
"setiap pemesanan padahal saya saya sampe rela nunggu in tengah malam udah saya klik di waktu itu juga kenapa sering ada tulisan ""no Seat available"" kita butuh darurat jdi mohon bantuannya jangan di persulit",2
"banyak updatenya, lalu jika suda di update datanya hilang. waktu di masukin lagi gabisa katanya udah terdaftar. ga jelas",1
"GABISA PESEN, PAS UDH PESEN GABISA DIBATALIN ALASANNYA TRANSACTION NOT FOUND, APK GAJELAS, TULISANNYA BEWARE APP RISK",1
aplikasi jam segini pesen tiket sudah habis gak masuk akal,1
"apk macam apa ini, di jadwal tiket kursi tersedia, waktu mau pesan dan sudah isi daftar penumpang malah tidak bisa, makin di perbarui bukannya main bagus malah makin jelek!!",1
error terus. Sudah di bayar tiket gak ada. mau pesan lagi tulisannya tidak bisa karena data sama dan double tiket. Aneh,1
bukan nya di permudah malah di bikin sulit mesen online ini. mending sekali klik bisa. ini coba lagi coba lagi. tapi klo aku sendiri yg mesen bisa . pada hal saya mau mesen in nama ortu . malah gk bisa. tapi klo nama sendiri bisa.,1
"sering error,tidak bisa pilih kursi",1
mantapp,5
hala habis teruss pesen gak bisa kuntull gak bisa mudik parah ni apk bikin gemesss ada calo kuntul mkany habis teruss parahhhhhhhhhhh,1
satu dulu,1
ok,5
bgus,5
"estimasi waktu gak sesuai , wajar lah orang subsidi",1
setia dg kai,5
sangat Membantu sekali,5
bagus sekali,5
servernya Tolonk di perbaiki :3,4
"Bikin sinyal ilang2an setiap kereta lewat, Ganggu aja",1
"aplikasi sering down, dan ga bisa cancel tiket",2
perjalanan lbh mudah dan efisien.,5
semua jadwal kosong kocak ni apk,2
"suka error kalo lagi mau pesan makan lewat aplikasi waktu dikereta, padahal sinyalnya bagus.....tolong perbaiki lagi",3
ok,5
sangat memuaskan,5
Tingkatkan!!,5
hari ini tgl 11 Maret 2026 kereta tujuan Tangerang dari duri jadwalnya ngaret sudah tunggu dari 14.20 jam 14.45 kereta masih di tanah tinggi sampe duri bisa jam 3 lewat apaa apaan ini jadwalnya ngaret parah,1
Terimakasih,5
"gabisa refund langsung di apk, sedangkan langsung datang ke tempatnya ada kendala padam listrik lama sekali posisi tempat (st.pasar senin) tgl 11.03.2026 jam 14.25",1
mantab n cepat,5
"aplikasi gak guna, liat ketersedian tiket eror2 terus gak muncul, sekelas perusahaan bumn yg gak punya saingan aja gak bisa bikin aplikasi yang bener2 worth it.",1
oke,5
makin ribet banyak error'nya padahal sinyal sudah sangat bagus,1
good,5
"pengenaan antrian tidak logis, sering sekali apk eror dan tiket yang tersedia tiba² tidak bisa di beli. ini sangat merugikan konsumen. kedepan nya mohon di perbaiki kepastian ketersediaan tiket dan sistem aplikasi nya agar tidak sering eror.",1
bagus tapi selalu eror ga bisa pesen tiketny,3
sering eror trs bayar pakai e Wallet juga sering gak bisa,2
belakangan ini aplikasinya sering eror tidak bisa membuka kereta lokal hanya loading saja,1
"Aplikasi nya kebanyakan trouble!! Tolong diperbaiki dong masa iya trouble mulu dari dulu kaga pernah bener, Ada aja gangguan nya.",3
bagus sekali mempermudah konsumen dan mudah digunakan,5
"aplikasi aneh telat bayar dikit malah jadi gabisa apa coba pas mau di batalin transaksi tidak ditemukan ,mau di transaksi malah gagal apa coba gini aja trus ga pernah bener kalo ada bintang 0 dikasih 0 nih aplikasi 👎👎👎👎",1
"Aplikasi dengan pengoperasian yang lamban padahal jaringan kuota dan wifi kagak lemot, lah ini aplikasinya lemot sendiri darisananya",1
mantap,5
"berat banget ui nya iklannya apalagi, mikirin lah setiap hp ada gen lama sama baru optimal gak, udah bayar eror lah inilah gak jelas lu",1
"BUG MULU, !!! gak bisa pesen tiket",2
"ini kenapa, jaringan saya bagus tapi pas liat pencarian jadwal muter nya lama banget, trus giliran udah masuk di metode pembayaran nya yang justru lebih lama? atasi dong KAI kenapa",3
berat banget ui nya lag banget di HP gue,3
dengan online memudahkan pemesanan tiketnya,5
"gk bisa di dowload lagi acces by kai nya, kata nya perangkat ku gk kompatibel versi terbaru trus gue harus beli ip gitu min biar bisa beli tiket kai",1
"tolong dong pihak kai atur gimana baiknya, masa saya baru batalin tiket tp dicek HP satunya lagi selang beberapa detik udah zonk itu tiket yang tadi sy batalin, ke endap/ditahan dimana lagi tu tiket? masa iya kalah sama calo sdngkan calo tiket saja sistemnya ngewar sama aja dan satu lagi saya mau pesan tiket tp tiket tidak tersedia semua bahkan di klik tiket yg sudah habis pun tidak muncul?? kemarin adain war diskon tp gada tiket yang dijual parah sii makin kesini makin"" ni apk",1
"Access byk KAI, PROFESIONAL MANTAB LUAR BIASA. Pertahankan Pelayanan Terbaik",5
"Mau pesen tiket malah kena bug terus, muncul ""jadwal kereta tidak di temukan"" di semua tanggal jadi bingung mau gimana 😮‍💨",2
lebih mudah booking tiket,5
kenapa saya tidak bisa mendownload aplikasi ini,1
bagus,5
tolong developer masak mau update jadi member acses selalu stuck terus apk nya sampe panas hp udah diulang berapa kali tetep sama udah sampe kirim otp loh gitu terus ios padahal,1
kenapa tahun 2026 Susah cari tiket selalu habis tiap tgl tiap hari habis,1
"aplikasi pemerintah, tapi kurang handal, seiring lag",2
"dua malam begadang demi tiket mudik TNK - BTA tp server ga bisa akomodir, malah langsung habis karena Penumpang yang ambil rute TNK - Kotabumi. tolong diperbaiki KUALA STABAS untuk semua PENUMPANG SEMUA RUTE, bukan hanya Untuk Rute TANJUNG KARANG - KOTABUMI SAJA, Sistem Bobrok !",1
"di aplikasi habis, beli di calo ready. kocak kk",1
Good app,5
cepat dan mudah,5
dari sekian banyak BUMN. KAI doang yang bagus. BUMN yang lainnya buat APK kaya sampah,5
"sever error terus, sekelas KAI apk nya sangat sangat jelek tidak dapat memesan tiket server sering down",1
ok,5
Lemot payah gak jelas..!!! sering eror gak jelas,1
praktis,5
sukses selalu KAI,5
RUWET,1
aplikasi gajelas kebanyakan error. masa setiap mau bayar gagal terus pending lama nunggu and pasti keluar halaman. DEVELOPER LU GANTII. BANYAK BUZZER BINTANG 5 MAKANYA GA BERBENAH,1
semakin ok,5
jos,5
mudah😎,5
sulit sekali melakukan pembayaran!!!!!!!,2
sangat membantu pelayanan transportasi keluarga saya,5
APLIKASI BIKIN BEBAN !!!! MAU CANCEL AJA HARUS KIRIM OTP EMAIL DAN NO HP.. PARAH MAKAN UANG HARAM HAK PENUMPANG KAI.!!!,1
top-up udah 2 hari masih blm ada masuk masuk gimana ini,1
"saya naik kereta Cikuray dr cikampek ke jatinegara no kursi deket jendela, tapi yg dudukin orang lain, tolong pak di informasikan lagi ancam orang yg ga sesuai tempat duduknya. himbauan berlaku untuk seluruh penumpang ya, bukan orang-orang tertentu doang. (kecuali kereta lokal bebas tempat duduk)",1
terima kasih,5
mantap,5
"tolong kai d perbaiki lagi aplikasi nya , cek d aplikasi kai jadwal kereta kosong semua per tgl nya , giliran cek di traveloka jadwal muncul ,, gimana ini ,",1
aplikasinya kaya sampah,1
"halo.. membatalkan booking ditengah proses, masuk dalam kategori booking kah? karena dapat notif batas booking 6x padahal belum capai angka segitu untuk yang sudah saya booking. Bug atau memang begitu?",3
"apalah aplikasi GK jelas padahal metode pembayaran nya banyak tapi pada GK bisa dan juga saya sudah melakukan semua langkah nya tapi percuma semua, memang tll",1
makin gampang beli tiket kereta tanpa harus ke stasiun,5
mantf,5
"Emm, najong",5
enak,5
sangat membantu,5
good,5
sangat baik,5
mantap,5
kenapa saldo saya belum masuk saja dr kmrn..pdhl saldo di rekning sudah berkurang..komplem hrs kmn klo kya gn..mna gda fitur chat admin lagi.aneh bgt ni KAI .,1
"tiket buat lebaran habis terus, sistemnya atau ada orang dalam ini emang susah!!",1
"Sangant membantu,.",5
"mau cek tiket kereta aja error trus, tolong lah di benerin apk nya, masa iya lebaran mau beli tiket error",2
"max.4org sdgkan 1klrg 5anggota... lalu pesan lgi dgn rute yg sm, dgn akun yg sm tdk bisa... mohon aplikasi diupgrade lgi...",1
"pemesanan menjadi lebih cepat, transparan dan adil.",5
sangat puas,5
berguna..,5
ok,5
okeee,5
apknya kumat lgi masa kmrn aku mau beli jam 00.00 udh abis buat seminggi kedepannya aneh bgt,1
"proses mudah dan cepat, mantapp",5
info untuk apk nya ini kok maintenance ya,1
Bagus,5
ok,5
mantap gk ribet,5
bagus baik,5
good job,5
datang musim mudik apknya dioatik atik mlulu,5
ok,5
"aplikasi gak guna, bayar aja kok ribet banget susah dapetin nya, mending yang gratisan dah",1
server lemot,1
antri gajelas,1
keren komplit,4
"kok makin susah beli tiket aja napa dah, stuck ga nampilin kursi yg tersedia",2
sistem antrian busuk,1
bagus min,5
"mau pilih jadwal tiket loading ga karu²an lamanyaa, pdhl udah ditunggu 15 menit lebih masih sama aja disuruh. nunggu satu menit dan g kelar2, update lagi dong aplikasinya biar g ngebug",2
SERING EROR,3
"flash sale program lucu2an dari KAI, akses dibatasi, kebijakan antrian dan pembatasan akses aplikasi merugikan customer, tiket anda itu sudah tidak murah dan tidak pro rakyat, harusnya sudah tidak ada lagi pembatasan dan antrian.",1
terima kasih access by kai dan membantui orang yang mau naik kereta cepat,5
😃,5
"bangkeeeeeeee,tahun kemarin pas tanggal 19 puasa pasti elorrrr gak jadi beli tiket,pas besoknya beli udah pada habissss sekarang elorrrrr,masa lebaran di kampung orang lagi",1
"aku berterimakasih bngt sama ga tau namanya apa ya cuman kya polri gitu didalem gerbong, aku kehilangan ktp laporan sama dia langsung dicariin trs ketemu doang Alhamdulillah. makasih untuk mas siapapun itu semoga rizkinya makin dilancarkan ya mas Aamiin..",5
kejadian 3x beli tiket suka beda tanggal sama yg di beli jadi bikin ga mood harus nunggu kereta lagi sampe 2 jam tolong dong diperbaiki bug begitu,1
sangat bagus,5
Cepat,5
lebih mudah membeli tiket dri yg paling murah,5
tercepat,5
error terooooooooss,4
mantp bangett,5
bagus,5
kenapa apk ini enga bisa dii download lagi sii di hp Oppo A31,3
mudah digunakan dan keren,5
"min tolong sistemnya dipermudah, masa cuman pembatalan tiket ada delay so bad, truss untuk pas ingin order, truss saya batalkan order kembali karena berubah pikiran, ehh kenapa ada batasannya sih? kan gak jadi Order.",1
"Setelah update malah ngawur min Jadwal keret kosong semua udah gant2 tanggal yang tadinya masih ada Jadwal semua,tolong diperbaiki lah seperti sebelumnya atau aplikasi lainnya",1
bagus,5
aplikasi sampah 😤 di aplikasi tempat duduk terakhir di nomor 17. . pada kenyataannya sampai nomor 21,1
pelayanan cepat,5
ga bisa check-in online ya?!,3
versi update 15 februari 2026 eror trs,1
mantap,5
jadwal kereta selalu eror,2
"aneh,mesen jam 00.00 dari tiket tersedia tiba2 jadi ""No seat available"" aneh aneh",1
"ga masuk akal, semenit abis total tu",1
aplikasi makin lama bkn makin bagus malah makin bobrok. setiap update kenapa harus daftar member basic lagi???? juga kenapa sudah mengikuti prosedur tapi ttep gagal???? kenapa harus ke loket stasiun baru bisa daftar member basic??? aplikasi bukan mempermudah malah mempersulit!!!!!!,1
baik,5
apk busuk,1
aplikasi apaan ini.. pesan tiket cuma maksimal 4 orang.. makin jelek aj layanan.. makin mahal pula..,1
mantap,5
baikk,5
ada udah di balik batu batunya hilang penumpang nya datang😂,5
bantu golongan bawah untuk tiket lebaran di buat diskon 50% sebagai keberkahan KAI,5
Kapan tiket supaspro mulai bisa dipesan lewat sini?,5
"Aplikasi KAI ACESS saya knpa ga bisa buat ngeliat jadwal yah?semua jadwal dr bulan Februari,Maret,April ga nongol.Haya bertuliskan tiket tidak tersedia",5
Admin kai121 fast respon. semoga selalu membantu untuk penumpang setia kereta api Indonesia,5
pelayanan bagus dan tempat bersih,5
Hari ini access by KAI tidak bisa di akses. Kenapa ?,1
kai knp ya sering loading lama bgt,3
"kenapa pembaharuan nya tidak opsional,,, kan ruang penyimpanan habis",5
sangat bagus dan membantu,5
ok,5
"tidak puas, pembuataan akun yang dipersulit serta para call center yang bisa dimintai tolong tidak langsung gerak cepat, pelayanan lambat SEKALI saya harap bisa lebih diperbaiki lagi",1
good,5
naik kereta api aman dan nyaman,5
sangat puas,5
aplikasi yang sangat istimewa. ada kemajuan.. refund ga mesti nunggu 1 bulan..,5
"bikin apk kok repot,daftar baru dipersulit(error) saya coba ganti Hp masih sama error terus!!!",1
akses agak sulit padahal masih dinihari. pembayaran sering gagal melalui metode apapun.,2
"tolong upgrade dong sistem nya, kami kesusahan pesan tiket, udah ngewarr ampe tengah malem malah gak dapet, mana gak ada keterangan tiketnya habis atau apa",1
"mau war tiket malah ga muncul"" padahal udah 00.00, hasilnya ga dapet tiket. padahal sinyal aman, hp lancar, aplikasi rusak, calo ga abis"", aplikasi jelek mending pake pihak ketiga daripada pake ini, APLIKASI RUSAK!!!!!",1
aplikasi yang ok banget.,5
canggih dan mudah aplikasinya,5
Sangat Puas,5
semakin mudah,5
Saya top up kai pay 2 kali tp.yg masuk cuma 8.000 ribuuu. aku nyobak beli tiket juga nggak bisa dari tadi pagii sampek sekarang tolong diperbaiki lg apknyaa,1
customer servicenya oke sekali,5
"sejak kapan ya pegawai KAI bisa lewat pagar/loncat pagar pembatas? tapi saya ikuti di cegah sekuriti, dan saya bilang kok itu bisa, dan scuriti nya bilang itu pegawai, kejadian stasiun gadobangkong kira kira jam 19.15- 19.30, saya bukan mau ikutan lewat hanya ingin memberitahu scuriti, itu conto tidak baik",1
sangat membantu,5
Mantap,5
pembatalan tiket yg simpel,5
informasi cukup baik,5
gabisa berkata kata,5
bermanfaat,5
oke,5
aplikasi bagus cuma methode pembayarannya susah bikin DaTing,2
"error mlu waktu mesen ticket, jadinya malah gadapet kursi",1
Aneh di android 15 dan 16 nggak kompatibel,1
"Kebangetan sih,topup aj belum beli tiket sudah kena potong 2000,niatnya mau pelayanan atau pungli.",1
joozzz,5
keabisan tiket,5
saran aja sih ya . kalau orang mau refund tiket ituu di percepat jangan di persulit . padahal udah pesen tiket yg eksekutif hati2 teman2 kalau ingin refund tiket yaaa .. bisa2 uang kalian bablasssa..,1
"sudah pakai jaminan refund, giliran mau refund gabisa"" otp nya selalu tidak valid, sudah dicoba semua cara yang disarankan sampai reinstal apk nyaa. Buat apa ada apk kalau masalah refund juga harus ke stasiun dan lebih ribet urusannya dengan bawa dokumen dll???",1
"nice SBY PWT, MLG PWT aman",5
cepat dan aman,5
mantap,5
ok bro,5
good,5
Pengalaman memesan yang menyenangkan.. terima kasih KAI.,5
"yaaa seperti apk pemerintah lainnya, busuk",1
sangat memudahkan kita👍👍👍👍👍,5
"aplikasi gak jelas ,,udah rela2 begadang demi war tiket ,keterangan tidak tersedia,,giliran pake Traveloka tersedia,,, aplikasi resmi tapi gak berguna",1
masa mau nge-war tiket tiba tiba ga bisa gara² masa pemulihan?!!! padahal dari HP temenku bisa! 😑,2
pelayanan ok,4
upgrade basic gagal terus,1
pokoknya nyaman pakai acces kai,5
ok,5
Pelatanan nya lebih baik,4
bagus pelayanan pembatalan perjalanan,5
ini aplikasi terparah . ngga kaya aplikasi penerbangan gampang . ini ribettt bangetv. mau masuk aja suruh ngulang ngulang . heran . perbaiki aplikasinya dong . orang mau pesen aja . udah lama ngga masuk apikasi harus ngulang berkali kali . terus eror banget ni aplikasi . KAI dari dulu problem banget . contoh aplikasi lain dong yang ngga ribet kaya gini . eror . mau masuk aja harus ngulang berkali kali terus udah masuk tiba tiba keluar lagi suruh login lagi .,1
"saya belum pernah naik kereta luar provinsi,pengen sekali pulang kampung naik kereta tapi kenapa harganya mahal sekali,yang harga yang bisa saya jangkau slalu habis,",5
Great,5
ok,5
sangat membantu,5
bagus,5
menu grab kok gak muncul ya???,5
Aplikasinya sudah cuma saat traffic tinggi harus nunggu ketika login. Utk pemesanan KA Lokal mgkn bisa H-14,4
mantap pakai KAI,5
kenapa ga bisa diinstal di hp aq..dulu bisa sekarang jd ga bisa.. jadi ga bisa pesan tiket kereta api lokal lagi deh..,3
jos,5
keren,5
iklan di aplikasi bikin lemot aksesnya,3
kenapa kai access saya tidak bisa dipakai?,1
akhir² ini sering gangguan,1
ok,5
sangat mudah digunakan,5
sangat berguna,5
bagus,5
bagus,5
good luck,5
baik,4
mantaap,5
aplikasi tidak kompetibel di android anda,5
Alhamdulillah,5
Ok Banget,5
"kasih bintang 2 dulu, soalnya klo mau booking klo dah lebih dari 6 kali pemesanan walaupun ga pesan, udah gabisa lagi, ada limit harian",2
good,5
mudah di pahami,5
"Menurut aku ini aplikasi sistemnya kebanyakan loading, tarus, pas mau pembayaran, gk ada icon button bayar jd kita harus pesan ulang dan bayar pakai metode bayarnya, waktu pemesanan tiket pertama memang blm ku konek kan dompet Ovo nya, nah pas mau aku tambahkan metode bayar, tiba2 tiket aku masuk di daftar menunggu pembayaran, cuman anehnya pas mau di bayar, icon button pembayarannya gk ada, pengennya di perbaiki lagi sih, dan jangan di banyakin loadingnya,",1
"udah brpa kalo masukan kode otp dr email malah gak bisa masuk2 , email dah penuh sama otp nya tapi susah looding ini kok bgini yaa apknya malah orang lagi war tiket 🥀 jadi ke apk lain lagi buat beli Alhamdulillah bisa",3
mantap kradenan sudah ada banyak kedatangan dan keberangkatan,5
sangat membantu.,5
aplikasi keren karya anak bangsa,5
ok,5
baik,5
bagus,5
gampang dan mudah👍,5
kok fitur stasiunnya jadi dikit,4
terlalu sering update kalo ga diupdate tidak bisa dibuka sangat jelek dan menyusahkan karena ini layanan publik kadang ada hp yg memori pas-pasan jadi tidak bisa update akhirnya gagal pesan tiket,1
bagus,5
sangat membantu,5
"Di menu voucher, tulisannya pada kebalik,, sengaja atau lalai saat upload..?",3
sayang sekali perangkat nya tidak kompatibel,1
Mumtaz,5
"railfood-nya benerin, masak udah 4 jam di kereta, dibilang belum naik.",3
"Perasaan terakhir apliksi masih bisa d pake,dan msih bisa pesan,kok sekarng mau pesan tiket gak bisa,suruh daftar lewat email,sampe di hapus akun,daftar lagi,tetap gak bisa",1
"Lancar dan bermanfaat, terima kasih🙏",5
bagusss memuaskan😗,5
cepat reaksinya,3
lebih mudah dan lebih bagus,5
sangat membantu sekali,5
sangat berguna,5
terbaikk,5
bagus bgt,5
sangat mudah,5
jos,5
cakeeep👍,5
membantu sekali,5
aplikasimu jelek,1
"sebel, kalo keluar dari app kudu balik lagi ke home sedangkan kalau mau pembatalan harus ngulang dari awal lagi sedangkan itu juga gak langsung masuk ke tahap verifikasi kode dari email, harus nunggu dulu karna banyak request dan juga untuk pengembalian dana itu berapa lama?",3
recommended,5
good,5
bagus,5
Bagus Dan mantap,5
Peningkatan aplikasi sangat bagus,4
top,5
"maj nyari tiket aja sush banget, tulisannya ""jadwal tidak tersedia"", kalau di web malah ada?. jd ragu mau pake online",1
Malah nambah buruk,5
gabisa di buka stuck logo KAI pdhl sebelumnya bisa,1
ok mantap,5
mantab,5
aplikasi ini gak tau kenapa saat melihat daftar tiket malah harus daftar nya yang buat aplikasi nya tapi aku nya gak bisa jadi aku kasih rating cuma 2 bintang maaf ya sebelum nya 🙏🏻🙏🏻🙏🏻,2
baik,5
pinter banget menggiring user agar membayar pake KAIpay. sylh ngaktifin KAIpay barulah muncul fitur Qris di metode pembayaran,3
sangat membantu,5
jdi lebih mudah utk reservasi,5
baru pertama kali,5
gampang aj sih,5
"sering bgt maintenance... utk para user, sering² pake aplikasi ini supaya bs trus d akses. klo tdk kalian akan menemukan aplkasi ini sedang masa maintenance",1
tidak bisa ganti identitas dikeadan mendesak,4
apakah pada saat ini kai access lagi maintenance,5
saran : tambahin cek nomor tempat duduk setelah pemesanan.,5
sangat baikk,5
"simpel banget ga ribet ,,bagus",5
bagus,5
membantu dlm naik kereta,5
sangat kecewa. keterangan nya sampai jam 10:44 . tetapi tiap stasiun nunggu lama . jadi nyampe pasti telat terus gara2 kreta lokal . kelamaan berhenti disetiap stasiun . taiii,1
"apk yg sangat membantu, sayang nya kadang2 sering tiba2 tidak bisa di buka kenapa ya",4
mantap,5
"Pelayanannya lebih baik, mudah, cepat dan mrnyenangkan",5
"lucunya setiap hari2 besar tiket seperti di umpetin, ga di lepas padahal buka udah 00.00 tapi di co gabisa",1
"HARUSNYA BISA DIPESAN LEWAT WEB JUGA TANPA PERLU INSTAL APLIKASI KARENA GAK SEMUA ORANG PUNYA HP YANG BISA AKSES APLIKASINYA KHUSUSNYA PENUMPANG KA LOKALAN.. MASA TR*VLK*, DAN APLIKASI LAINYA BISA DIPESAN LEWAT WEB, INI GAK BISA?? TOLONG LAH JANGAN BIKIN RIBET PELANGGAN YANG HP NYA MASIH VERSI ANDROID LAMA...",1
aplikasi sangat membantu,5
coba,5
"adminnya kurang respon!!, dari tadi masuk lewat akun google gak dapat kode OTP!!, mohon di benahi!!",1
mantab,5
bagus,5
"dgn adanya supas mau keSBY tdk ,perlu naik spd motor",5
pernah pesenin kereta buat orang tua pake akun sendiri pas refund agak lumayan rumit prosedurnya,4
nice,5
"BURUKKKKKKKKK, RESPON LAMA, BERTELE TELE GA JELAS BARU KALI INI KECEWA SAMA KAI",1
BAGUS,5
"sering error malah keluar sendiri dan skrg masukin data buat login malah data failed terus ,dulu padahal bisa di bilang apk bagus banget loh tapi kenapa skrg gininya",3
sangat sangat membantu,5
jadwal gak pernah bener,1
keren ouy,5
mantap,5
Gua mau batalin Tiket. kok pake ngisi data ina ini ina inu. RIBET BANGET!!! MAU KORUP YA???,1
"Hallo KAI acces yang terhormat pada tanggal 2 Maret 2026 pukul 16.21 saya melakukan top up dan berhasil,tetapi sampai pukul 17.11 kenapa saldonya belum masuk dan masih 0, mohon diperbaiki sistem nya masa apk pemerintah lemottt BANGET!!!l",2
Aplikasi sampah! Tidak bisa daftar member!,1
respon cepat,5
kereta sangat membantu kelancaran perjalanan nyaman &tepat waktu,5
sudah login muter terus gak bisa2 tolong diperbaiki,1
mempermudah dalam perjalanan,5
cepat,5
ribet banget sekarang beli tiket susah banget pakai otp tpi stack di otp loding lama malah tulisan eror,1
bagus,5
"sesuaikan dngan no antrian yng sdah terjadwal di layar TV, jngan Sampai di longkapkan selama Setengah jam di laboratorium klinik rumah sakit ini.",1
Luar Biasa,5
ini bagaimana saya tidak bisa melakukan update malah aplikasinya tiba tiba tidak kompatibel. solusinya nya dong developer mohon di perbaiki lagi,1
mantab,5
nice,5
baik,5
aku suka kereta api dan seluruh hal yang berhubungan dengan kai,5
bagus,5
sangat baik... layanan cepat,5
apk nya bagus,5
"Setiap saya buka aplikasi untuk cek jadwal KRL, aplikasi nya diantara eror atau dari HP saya nya. tapi ketika sudah di masuk aplikasi, ada tulisan sedang dalam perbaikan. itu yang saya alami setiap ingin mengecek jadwal KRL lewat Apk. bintang 1 ini sementara sebagai bentuk rasa kecewa saya, jika aplikasi dari HP saya sudah berjalan normal akan saya upgrade nilai nya menjadi bintang 5",1
mantap respon nya cepet,5
good job,5
tq KAI👍👍💯,5
mohon untuk diperbaiki untuk android 11 tidak Kompatibel.selalu keluar sendiri,3
"Mau pesen tiket malah error sedang dalam pemeliharaan, mau login aja gak bisa. Sulit",2
aplikasi gampang error,1
"aplikasi babi, order makanan di lewat rail food, saldo kai pay udah ke debit tapi bilang petugasnya pembayaran blm masuk. akhirnya q bayar lagi kedebit lagi bilangnya pembayaran blm masuk dan akhirnya q bayar pakai ovo baru bisa. bilang petugasnya nanti akan dikembalikan jika ada pembayaran masuk atau ke doble tapi nyatanya g dibalikin sih. meskipun g banyak tapi bikin jengkel.",1
"sangat membantu memudahkan pemesanan tiket, hanya aplikasi sering error.",5
"kebanyakan loading, suram",1
kai tolong di update yap soalnya sering refresh gitu padahal balik apk sebentar aja,2
kecewa dengan pelayanannya lambat,1
terbaik👍,5
baik,5
Senang dapat discount. Ketera apinya bersih. tapi AC nya sangat dingin.,5
👍🏻👍🏻👍🏻,5
Aplikasi nya sangat membantu,5
muyan enak,4
perjalanan KAI jalur utara lihat sawah tanaman padi ada yg hijau coklat dan menguning..bisa beda² pdhal sama tanaman padi.,5
good,5
ok,5
tiket bisa dibatalkan keren,5
"aplikasi buruk,,, masa saya setiap hari cek tiket kreta api. tapi tidak ada. apa tiketnya sudah jabis dipesan sampai hari kiamat? hari ini tidak tersedia, besok, lusa juga tidak tersedia, aneh",1
sangat mudah sekali,5
good service,5
Di pencarian kereta lokal Stasiun Probolinggo tidak dicantumkan,1
"cannot booking terus yang muncul saat pesen tiket heran hadeh""",1
aplikasinya mempermudah saya untuk pergi keluar kota. Kereeeen!!!,5
"aku mau login tapi gak bisa,pas pencet sebagai tamu malah disuruh login,pas login selalu ngebug di kode OTP nya gak ada masuk apa apa di SMS, aplikasi rusak",1
makin ribet pesan 6 kursi buat keluarga susah malah di batasi 4 kursi kalau misah kereta kan aneh jadinya.... kacau tega bener masa harus misah kereta,1
ok lah,5
kenapa hp aku gak bisa download aplikasi ini?,5
dengan adanya aplikasi KAI jadi lebih mudah untuk pemesanan tiket,5
aplikasi nya bagus tapi pajak terossss,2
aplikasi ampas,1
"So far, lancar aja setiap beli tiket kereta. keep on doing good job KAI.",5
"pesan tiket lokal tanpa kursi system error terus, isi kaspro tertera tanpa admin tapi saldo yang masuk tidak sesuai,terpotong 2900 sendiri.keterlaluan",1
bagus manfaat sekali,4
Pemesanan mudah,4
kenapa error pas mau pesen tiket,1
tidak bisa membuka aplikasi KAI,1
"sudah update berkali-kali, tapi kalo buka aplikasinya lama banget. kira-kira kenapa ya",4
"gimana sih sistem nya dari duluu kek gini terus. masa setiap aplikasi update, harus daftar jadi member bassic lagii. udahh gitu proses nya salah terus lagii. payah lahh. GANTI AJAA ADMIN KAI ACCES NYA, BODOH",1
sering antri. dan error,4
knp ya ini mau pesan tiket tp kok daftar jadwal pemberangkatan gak bisa di akses,5
"Gw mau login pas di fase masuk kan otp, gw nunggu nya lamaaa bgt.trus otp udah bener sesuai di sms pas di masukkin gk bisa ada tulisan otp tidak sesuai(sudah di fix) 👍",5
bagus,5
knp ticket tidak ada semua,1
"Masukan untuk PT KAI, ganti mitra pembayaran jangan pake KASPRO. App sampah itu KASPRO. uang saya nyangkut 46rb tidak bisa di tarik",3
"Disuruh beli tiket lewat online, giliran dibuka aplikasinya ga muncul jam kedatangan kereta saat mau memesan tiket kereta🤡",1
aku recomen banget buat teman2 yg butuh tranportasi saya sarankan pakai aplikasi by acces KAI ok banget,5
sangat membantu,5
"saya beli tiket lokal 4 gak ada yg masuk, barusan saya beli tiket lokal, tiketnya gak ada, saldo udah kepotong",1
membantu,4
"mantap, makasih untuk apps ga ribet",5
saya mau daftar apk ini .udh masukin otp kenapa ga BS masuk trus,2
sangat membantu,5
"versi update 15 February 2026, sangat lelet padahal koneksi sedang normal dan aplikasi lain berjalan lancar, pun sudah lama menunggu masih saja tidak bisa dipencet, selalu keluar notifikasi dalam perbaikan, masa perbaikan hampir sebulan lebih? tolong perbaiki",1
oke,5
"Aplikasi sagat membantu, dan tiap upgrade versi terbarunya selalu mempermudah pengunaan aplikasi ini.",5
aplikasi mudah digunakan...sangat membantu saya beli tiket ka,5
keren mempermudah transaksi pembayaran,5
"bagus tapi masih harus diperbanyak layanan pembayaran nya , dan masih lambat",4
setelah di update tdk bisa di gunakan lagi,2
trimakasih boleh ganti hari .. layanan memuaskan,5
menarik dan sangat membantu,5
bagus,5
Membantu dan akses mudah,5
sangat membantu,5
"Tinggal bayar aja, eror.. dicancel egk bisa. aplikasi aneh",1
ok,5
sangat baik,4
Bagus,5
mudah terpercaya,5
sudah bagus saran saja : untuk tiket reduksi kalo bisa diterapkan selalu baik itu libur atau pas hari raya keagamaan,5
memudahkan bepergian.. terimakasih KAI,5
tolong meningkat agar aman data pribadi,5
maaf sebetulnya sangat membantu apk ini...tapi sangat disayangkan untuk samsung A02S tidak mendukung untuk apk ini,3
sangat membantu,5
tiket yg sudah direfund kok uang nya ga kembali?,3
baik,5
sangat membantu perjalanan jadi semakin mudah,5
"kenapa ya tiba tiba apk nya gak bisa di gunain, padahal lagi butuh buat pesan tiket",4
mantap,5
Bagus,5
Good,5
"Aplikasi KAI Access belum stabil, kadang tampilan bagus kadang membingungkan.",3
KAYAKNYA MAU UPDATE SAMPE TAHUN 2045 PUN USER YANG KEHAMBAT PAS MAU BAYAR GARA-GARA ERROR ATAU TROUBLE JARINGAN HARUS NUNGGU 15 MENIT UNTUK NGULANGIN PROSES PEMESANAN TIKET KARENA GAK ADA TOMBOL UNTUK MENAMPILKAN QRIS ATAU TAGIHAN BAYAR TIKET KETIKA MASUK ULANG KE APLIKASI,1
gak jelas kereta yang comuter line ke cikarang nya percuma beli tiket ke Purwakarta jam 11:36 jadi hangus doang,1
mudah dn praktis dlm pelayananya,5
"APLIKASI BURUK, MINTA VERIFIKASI MEMBER DIKASIH DATA JAWABNYA TOO MANY REQUEST.. TOLOL",1
baik,5
jos,5
mantap,5
mantap,5
selalu memuaskan,5
good,4
baik,5
alhamdulillah sangat bermanfaat,5
Alhamdulillah murah. dan tepat waktunya,5
"Makin lama ini aplikasi makin gembel deh, makin sulit diakses. Padahal koneksi internet sudah ngebut. Coba team I-T beri masukan ke management KAI supaya perbaiki kapasitas servernya. Bikin server tambahan supaya bisa akses dimana-mana, besarin juga kapasitas bandwidth-nya. Situs web ataupun aplikasinya kan diakses jutaan pelanggan, kalau tidak update ya bgini kedodoran.",1
mantap aplikasi nya,5
mempermudah aku untuk liat jadwal kereta ketika aku bepergian keluar kota,5
good,5
pertahankan,5
Pelayanan KAI semakin baik...terima kasih,5
kereen,5
"saya sering menggunakan aplikasi ini,, kenapa sekarang tidak bisa di buka ngebleng terus",1
sangat bagus,5
bagus,5
mau aplikasi,5
ok,5
padahal aku android 10 tapi kok tidak kompatibel sih?,2
baru pertama kali mencoba...moga mempermudahh,5
keren,5
mau jadi member susah bgt jadi ga bisa pesan tiket,1
sangat bagus dan mempermudah dalam membeli tiket kereta api,5
pelayanan is good,5
bagus😁,5
Tanggapan cepat,5
jelek!,1
"saya suka naik kereta, aplikasi ini sangat membantu",5
Sangat mudah untuk pemesanan tiket kereta,5
aplikasi kacangan kalau ada yang lebih ribet dan ruwet kenapa harus di buat lebih mudah ya kan ...,1
mantap,5
kenapa kok ganguan terus yah... sampe un instal dan reinstal malah gak bisa masuk... tolong saranya dan solusinya.,4
mudah dan aman,5
Naik kereta sekarang enak tinggal klik di HP buat pesen tiketnya,5
"aplikasi ribet, kalau mau pembatalan, tranfer tiket, atau ubah jadwal, atas nama orang lain di aplikasi kt, dipersulit parah",1
tksh KAI acces,5
terbaik,5
Sangat simpel dan mudah digunakan. terbaik KAi semakin jaya jaya jaya,5
pembelian tiket mudah,5
"saya too up 2x saldo ga masuk², sudah h+ seminggu uang juga tidak ke refund!",1
"history tidak ada payment gantung, tapi notif double booking, jadi ga bisa buat pesanan. bug aplikasinya parah.",1
Aplikasi tidak se-responsif dulu,1
top up saldo alama masuk nya ada potongan pula,1
mantap,5
bagus,5
baik,5
good,5
rumit kalau tdk lama dibuka selalu minta update pswd,3
"Mantap, user friendly",5
mantap,5
gak bisa Fownloud,5
mantab keren mudah,5
bagus dan cepat,5
kren,4
updet jadi agak ribet lebih simpel yang dulu,5
mantabbb,5
Udah masukin kode otp buat lengkapin data diri tapi loading terus ga masuk masuk heran padahal sinyal bagus,1
"kai mnding anda tdk ush kerjasama dngn kaspro dahh ,, isi sldo udh bbrpa kli tdk msuk2 ..di mbaking brhasil .. masa sekelas kai mau kerjasam dngn apk abal2 kaya kasproo ..hadeeehh",4
tingkat terus untuk layanan yang baik dari yang sekarang,5
tidak usah usik dari tempat tidur juga beres urusan perjalanan bayar STNK di Jawa Tengah hahaha...,5
kenapa aplikasi KAI tiap mau di pakai pesan tiket lagi selalu harus up grade ulang? saya mungkin 2-3bulan baru pesan tiket lagi. dan itu pasti harus up grade lagi😓,5
Aplikasi perjalanan kereta lokal yang sangat berguna bagi masyarakat luas. Semoga terus berkembang menjadi transportasi perjalanan lokal kepercayaan masyarakat!,4
terimakasih,5
muantab sesuai jadwalnya,5
"aplikasi yang sangat bagus... sangat membantu , khususnya buat pemesanan tiket kereta ☺",5
ok,5
aplikasi jelek banget,1
okok,5
love it,5
Sangat membantu,5
sangat membantu,5
jos,5
Keren sangat membantu aktifitas kerja selalu paksi kereta lokal setiap hari,5
lebih mudah dan cepat cara pembatalan tiket KAI terimakasih,5
bagus,4
"mohon maaf saya hapus aplikasi nya,karena gak guna,mau lihat jadwal keberangkatan kereta gak ada yang muncul padahal cuma lihat jadwal lokalan...",1
baik,5
"Sepertinya ada oknum yang membuka group telegram dalam penjualan tiket. Saya minta Dirut KAI nya segera memberikan kebijakan terbaru, alangkah baiknya khusus wilayah Sumatera Utara perjalanan Binjai - Medan, Medan - Binjai penjualan tiket langsung aja dengan tap menggunakan e-money di tempat untuk menghindari oknum yang menguntungkan dirinya sendiri.",1
"ini gimana ya KAI, saya mau verifikasi member basic by email kok susah bgt pdhl udh masukin kode OTP nya. tolong bgt ni🙏🙏",2
kenapa aplikasi saya tidak bisa update ya di PS..,5
mudah dan cepat,5
bagus sekali,5
kenapa aplikasi saya access kalau pas di buka msh dalam perbaikan ya,4
mempermudah dalam pembelian tiket,4
akses. mudah,5
makin di perbarui malah gak bisa liat jadwal kereta ... padahal itu penting,3
memudahkan,5
oke sip,5
Baik,5
good apk,5
Sangat membantu,5
kebanyakan update,3
cepat dan lancar,5
sangat membantu....mantapp,4
"tolong dongg masa iya pas mau download aplikasi ini, aplikasi malah gabisa tersedia di hp saya?? tolonggg dongg",1
ngelag bgt jujur,1
sangat baik,5
mantap,5
ok,5
pegawai yang jagain tiket di st bandung judes²,1
baik,5
masih lemot,4
"lumayan terbantu sih, tp kecewa dipembatalan tiket SDH masukin otp puluhan kali gagal terus,padahal otp udah bener tp gagal Mulu,tolong dong KAI pembatalan tiket nya kok eror terus,,",4
mantap,5
"Ketersediaan tiket sering tidak sesuai, diaplikasi habis, tp di stasiun masih. Sering tarif khusus 2 jam sblm keberangkatan tidak ada lagi untuk jurusan dekat, tanpa ada pengumuman resmi dari KAI",5
ook,5
luar biasa,5
semoga tidak ada kendala apapun saat digunakan,5
ga jelas,1
krl kenapa ngaret mulu sih. ga pernah tepat waktu atau gak minimal ngaret 5 menitan. dari lama ga pernah evaluasi nih. kayak krl di tambun ke Cikarang. busett ngaret 20 menitan dari jadwal. jadi ngga bisa kejar kereta lokalnya. minimal evaluasi lah. mau sampe kapan ngaret terus-terusan. liat noh fasilitas negara lain,1
"memudahkan utk pesan, jadwalkan ulang atau batalkan tiket. terimakasih",5
sangat baik dan sangat membantu,5
sangat memudahkan,5
mau masuk apk susah...sedang ada pemeliharaan teruss,1
"kenapa gk bisa dibuka woi udah 2 hari,dah instal ulang brp kali ttp gk bisa",1
semoga tambah banyak fitur yang membantu memudahkan pengguna,5
"udah di update malah kek knt0.l, ada update-an baru bukannya malah tambah bagus malah jadi ampas, buka aplikasi udah 30 menitan, masih AE ngeload berandanya",1
kalau beli tiket kereta pasti lewat kai acces,5
aplikasi nya sangat membantu terimakasih,5
"Mantab KAI, memberikan kemudahan.. Bintang lima pokokmen",5
setelah di update kok gabisa di buka ya di hp aku? harus android berapa biar bisa pasang aplikasi?,3
kenapa aplikasinya tidak bisa di gunakan,3
Terlalu sering update,1
ok,4
lebih mudah pakai acsess KAI,5
setiap lebaran tidak bisa diakses,2
aplikasi nya sangat jelek bgt ga bisa masuk jadi akun member basic dan respon nya juga lambat bgttt,1
"ini pertama kalinya saya menggunakan tiket lansia ( mendapatkan reduksi 20% ) alhmdulillah KAI memperhatikan kami Lansia, terima kasih",5
mempermudah proses pembelian tiket kereta api sangat membantu sekali,5
bagus praktis,5
reduksi ya gak kebaca,3
bagus,5
pelayanan bagus dan cepat,5
"topup KAI pay via BNI VA, sudah 3 hari saldo blm masuk. terimakasih.",1
okokokok,5
josss mantap,5
kemudahan pembelian tiket secara Real Time,5
ok,5
baik,5
mudah dan nggak merepotkan,5
"ketika membeli tiket lalu tidak sengaja ke menu utama, tidak ada cara kembali ke bagian pembayaran, lalu ketika membeli tiket ulang terjadi error tiket duplikat..",1
pengembalian dana sangat lama bahkan setelah menunggu 7 hari masih blom dikembalikan tolong lah pengembalian ny segera proses untuk saya kecewa hanya sekedar pengembalian dana lama sekali,1
"untuk Pt.kai ini aplikasi selalu menyatakan sibuk silakan mencoba lagi. aplikaai belum maksimal, bukannya memudahkan tapi ruwet.",1
"najis call center ga ada gunanya, telpon ga di angkat. wa ga di bales",1
"aplikasi terhapus,, pas mau download ulang malah ga bisa,, hpnya tidak kompatibel,, parah pilih kasih,,",1
baik,4
Ok,5
ok,5
🥰,5
ok,5
Good,5
ribet buat login selalu gagal padahal kata Sani sudah benar,1
"mantab banget, bs pindah jam keberangkatan lewat apk, uang kembali potong 25% dari hrga asli, Alhamdulillah",5
bagus pelayanan,5
ok,5
baik terimakasih atas layanannya,5
namanya access tapi tidak bisa di access,2
bagus,5
"aplikasi error terus, tidak bisa buka tiket, pdahal udah pesan awal bulan, trus piye Iki lur",2
"sedikit kecewa, kenapa tidak bisa melakukan pembayaran via qris? kode qris tidak bisa ditampilkan. tolong diperbaiki bug nya",1
bermanfaat,5
(19/2/26) semenjak diupdate jadi makin sering error :((,3
ok,5
okay,5
membantu,5
ok,5
oh sayangat puas,2
akses mudah dan cepat,5
bagus dan lengkap,5
"bintang 3 dulu soalnya masalah pengembalian dana lama banget masa haru nunggu 7 hari,tapi giliran pesen tiket harus cepet,",3
"Bagus, Simpel",5
apasihh dengan aplikasi ini pengembalian dana nya begitu lama ?,1
"aplikasi apaan ini, saya sudah top up saldo 200 ribu. Tapi saldo saya tidak bertambah sama sekali, padahal pada mbanking saya saldonya sudah terpotong. Tolong yang benar lah KAI, masa iya begini. Padahal biasanya lancar tidak ada masalah, saya kecewa",1
ok,5
untuk aplikasinya mudah dan sangat membantu tapi untuk metode pembayaran apalagi saat top up masa saya top up sudah hampir 1 hari nunggu saldonya tidak masuk² tolong diperbaiki ya kalau Begini terus akan sangat menyusahkan.,5
mantap dah,5
"kurang puas, karena jadwal perjalanan kommuter line tidak sesuai dengan kedatangan dan keberangkatan sehinggga memperlambat keberangkatan",2
Dengan Ada Aplikasi Ini. Membuat Kemudahan Bagi Orang Yg Ingin Berpergian Jauh.,5
ok saya suka,5
"enak gak rumit,mudah lagi",5
"Tolong untuk e-wallet nya ganti jangan pakai kaspro, aplikasi jelek topup saldo ga masuk-masuk hilang gitu aja. kerjasama dengan Dana atau OVO saja yang lebih bagus. kalau sudah ganti nanti saya ubah bintang nya. thx",1
pembatalan tiket tidak bisa padahal kode otp sudah benar dan nomer rekening benar tidak bisa di aplikasi,1
susah amat beli tiket binjai,1
Mudah di akses,5
"pembayarannya belum lengkap, tolong tambahkan ewalet DANA",4
terbaik,5
"saya mau daftar akun basic tapi ketika suda mengisi semua data dan ke langkah selanjutnya adalah kode otp, ketika kode suda ada di masukan lalu klik selanjutnya selalu ngeloading uda beraoa kali coba tetep samaa",2
suka naik kereta api...hrg ekonomis.fasilitas okee,5
Booking online lebih praktis.,5
sangat berguna,5
lemot,1
ok,5
ok,5
tiba2 hpeku gak kompatible....pdhal kterangan min android 8...lah pnyaku android 12 msa gak bisa...kocak...msa ganti hp...,1
blm pengalaman,5
Top up lagi2 saldo tidak bertambah. Padahal saldo rekening sudah terpotong. payah ini KAI,1
"bagus, waktu milih kursi belum terlihat mana perempuan dan laki lakinya",5
keren,5
baguss,5
"sangat membantu, terimakasih KAI 🙂",5
sial. admine gede. nyesel gw donwload,1
good job KAI 👋💯,5
keren,5
"Isi saldo 20.000 mana dapat minjem, di mobil bankingnya berhasil (Livin) tp saldo ga masuk2, mana udah malem, mana tgl tua, bingung, ditlp dana mau dibalikin tp ngantri trus gw harus nginep di stasiun ini gitu ? kacau 😡",1
semakin mantab,5
Untuk pihak KAI apakah boleh kasih saran? Untuk kedepannya kalau bisa tidak usah bekerja sama dengan asuransi qoala. Karena cara kerjanya sangat buruk sekali. Untuk proses claim asuransi refund 100% banyak pihak yang dirugikan karena sistem yang bermasalah dan prosesnya yang bertele-tele. Mohon jadi perhatian. Kalau sudah ada perubahan bakal saya rubah bintangnya. terimakasih,1
mengecewakan sekali.. pesan tiket lokal cikarang - cikampek tiket tidak bisa di beli padahal masih ada.. sepertinya perlu di tambah gerbong nya..,1
sangat memuaskan,5
ok. mantap dan mudah,5
good,5
tolong benerin aplikasinya lah mau beli tiket buat mudik malah aplikasinya error sedang dalam pemeliharaan udah hampir seminggu.,1
"udah saya hubungi semua ngga ada jawaban sama sekali , saya mau boking tiket untuk tgl 19 jam 16.00 tapi tidak bisa , sudah menghubungi wa , faQ dll tidak ada respon , jangan makan gajih buta tolong , layani dengan baik!",1
terimakasih,5
mantap,5
mantap dan hemat,5
keren banget dan sangat membantu,5
saat topup saldo susah,2
"KAI kereen, tepat waktu dan up date dengan perkembangan zaman + perhatian dengan konsumen segala usia. tks byk.",5
love ♥️,5
BUG,1
"selalu logout sendiri akunnya, sehingga sulit login kembali, yang akhirnya terlambat proses pembelian untuk mendapatkan tiket...",1
kagak bisa login kocak,1
"Terimakasih sangat dengan pelayanan yg sangat luar biasa selama ini, namun penjualan makanan keliling saat ini sangat mengganggu sekali, berisik sekali, dan mengganggu mobilitas, saya kira cukup di umumkan saja dan cukup ada di restorasi sj, gausah mondar mandir karena sangat mengganggu sekali",3
tolong kalau server maintenance di kasi pengumuman jauh2 hari lah. saya mau beli tiket jadi susah,3
recommended,5
ok,5
Aplikasi ga jelas bikin kesel aja,1
Terima Kasih 🙏,5
rada Ribet ndaftarnya pake email yg biasa g bisa .sudah ndaftar berkali2 susah log in.aplikasinya kurang mumpuni.sangat susah sekali log in nya,1
saya tidak bisa beli tiket mau verif loadingnya lama bgt ngga bisa masuk jaringan lancar,2
good,5
aplikasi buruk,1
POKOKNYA KECEWA !,1
"kai pay nya gk fungsi, pas bayar tiket gk fungsi, buat bayar via qris gk masuk, saran saya kalo topup kai pay seperlunya aja",1
ok,5
baik,5
"diperbaiki lagi Min, biar user friendly",4
mantap serba praktis,5
pelayanan oke,5
"pas install aplikasi bolak balik masukin kode otp sampe ganti beberapa kali kode otp nggk bisa terus. padahal sinyal bagus, kuota full.",1
top mudah,5
ok,5
Pembayaran pakai Qris sering gak kebaca di aplikasi J-Connect bank Jatim. Mesti crop dulu khusus bagian Barkode baru kebaca. Mungkin download qris nya bisa lebih simpel hanya menampilkan qris saja tanpa tulisan dan tampilan yang terlalu panjang ke bawah,4
mantap...,5
MIN! kok daftar penumpang saya kok hilang habis update?,2
"kalau sudah ada jadwal pemberangkatan harusnya ditepatin, ini jadwalnya kapan berangkat kapan, yang rugi pelanggan bukan perusahaan",1
buruk tidak bisa diorder,1
apk ini sungguh membantu dengan baik.tidak susah untuk memesan tiket,5
selalu okeee,5
makasih,5
mudah,5
ok,5
"teruntuk PT.kai rute jadwal dikondisikan jika terjadi suatu kendala perlintasan rel kereta api, jangan sampai kejadian bintaro paledang terjadi lagi, keselamatan penumpang prioritas utama PT. kai",5
apasih mau beli juga susah bikin terlambat aja deh,1
mohon maaf. saya mau memasukan nomor telepon/gmail.saya sudah memasukan nomor telepon terus ada tulisan. nomor telepon anda belum terdaftar padahal sudah terdaftar. pas saya memasukan gmail saya. sama tulisannya. gmail anda belum terdaftar. kenapa mohon di balas ya🙏🙏🙏dan ketika ngirim kode lama banget hampir 2 jam belum di kirim saya menunggu lama banget sampe 5jam kode nya belum di kirim kesel deh padahal mau beli tiket untuk mudik pas lebaran tolong kirim kode nya yang cepet ya jangan 5 jam,1
bagus,5
Terbaik,5
"developer ini bercanda apa gmn? di aplikasi booking max cuma bs di 22 Mar 2026, di OTA semua tgl di bulan Maret kebuka, sangat tidak user friendly",1
"Udah gabisa lagi beli token via kai access, menunya sudah dihapus.",1
good application,5
"kenapa loading terus sih, mau liat jdwal kereta kan jadi ga bisaa",4
harus versi androit brp sih kok gak bs dibuka,1
"habis reset hp, kog tidak bisa login ya? 1 bintang dulu, kalau sudah bisa install & booking lagi kayak dulu bintang 5.",1
bagus,5
the best banget ini aplikasi mempermudah perjalanan. bayar ga ribet gampang di akses...terima kasih KAI yang sudah melayani masyarakat kecil jadi mudah aman dan nyaman dalam perjalanan.,5
update terbaru gak support android 16 aneh padahal sebelumnya bisa,1
mudah digunakan,5
sangat membantu,5
"bagus, sangat cepat respon customer service nya",5
sangat Bagus,5
bagus,5
"kadang eror , masa tiba2 timeout",1
ok bgt,5
good,5
ok,3
"aplikasinya membantu, tapi pemeliharaan mulu.",2
josjis pokoknya,5
aplikasi kalo ke close bentar Uda balik lagi awal,3
Bagus,5
Good,5
"kenapa tidak bisa transfer tiket ya, kode otp selalu tidak valid... padahal otp yg saya masukan adalah otp terbaru yg dikirim via email. mohon diperbaiki, nanti saya ganti bintang 5",5
gak bisa pesen tiket.. upgade ke basic susah,2
membantu sekali dalam pemilihan jadwal sesuai dengan kebutuhan,5
"parah pake jaringan wifi gak masuk,pake data dlu biar masuk,jadi telat gw pesan tiket gara beli kuota data",2
mudah untuk digunakan. friendly aps,5
di upgrade bukan tambah bagus malah tmbah susah masa gak bisa tf lewat bank indomaret juga gak bisa gimana sih,1
terbaikkkkk,5
"gmn sih ni apk, tiap hr buka buat pesen kereta tp kereta blm tersedia terus yg tersedia cuma smpe tgl 9maret tgl seterusnya blm ada, giliran buka apk sebelah ternyata kereta udh ada dan udh habis, sangat kecewa",1
"setelah update access by KAI tidak bisa lagi , bermasalah semoga bisa segera diperbaiki",4
saya gak suka,1
okkk,5
josjis,5
KAI commuter apakah aplikasi ini bisa kasih tau dan menyediakan info tentang pelacakan posisi kereta seperti armada yang akan tiba yaitu krl jr205 tm6000 inka ie305/crrc sfc 120v mohon konfirmasinya,5
"aplikasi yang sangat fleksibel, akhirnya akses buat melakukan pemesanan dan pembatalan lebih mudah",5
Tak bisa update kl hp old....harusnya gak gitu.Masak aplikasi ngikuti update produk hp sama aja hrs ganti hp kl sdh gak bs update.,1
rudet ah dikit2 hrus update g nyampe sebulan hrus updat ga kaya aplikasi lain,3
kenapa si aplikasinya suka eror. kadang mau beli tiket aplikasinya gak bisa dipake harus di uninstall dulu trus di install lagi baru bisa.😏,3
kenapa apknya sulit sekali daftar dan juga akun sering keluar sendiri dan untuk masuk lagi sulit?,2
good,5
jasa ganti jadwal nya mahal,5
mantap,5
Kali ini bintang satu... baru pertama kali telat CUMAN 1 menit karena kejebak macet.... tapi ga ada refund.... minimal setengah nya atuh...,1
saya tapi mumet.. onlinenya,5
mantap,5
"sedih bngt tiap naik kreta mau beli makan railfood nggak bisa, minta tolong diperbarui dong kak sistemnya",2
Bagus,5
"notifikasi mengganggu, banyak bug",2
LEMOT!!!!,1
Bagus,5
"apk access sering gangguan dalam mencari tiket, bukan masalah sinyal atau salah dalam pencarian, tpi memang dari sistem, tiket tidak bisa tampil ditanggal yg dicari bukan karena habis.",2
"mau daftar member basic verifikasi email tidak bisa, id telah terdaftar",1
susah di download,5
puas,4
sangat membantu,5
keren,5
Bagus cuma tiket pagi cepet habis tolong armada di tambah kan utk transportasi di pagi hari na,3
tidak bisa login,4
cocok disyaa,5
baik aman terpercaya,5
sekarang ribet bgt mau pesan tiket nya,1
"Alhamdulillaah semakin mudah utk mbdptkan tiket kereta,",5
bagus,5
Tidak bisa download,1
salah satu aplikasi transportasi terbaik,5
mudah digunakan dan akurat,5
mengecewakan penumpang tidak di bolehkan naik,1
mudah dan gampang,5
pada saat pesenan pertama nggak keluar proses bayarnya. terlalu ribet programnya,1
ga ngebantu banget beli tiket disini selalu ga bisa padahal beli di online itu enak loh tapi di gue selalu gagal terus apalagi akun gue ga bisa pesan tiket disini,1
ok,5
pesan tiket menjadi lebih mudah bisa dimana saja dan kapan saja,5
apk oon gak akurat,1
oke,5
praktis,5
bermanfaat,5
ok,5
"aplikasi nya udah keren min ngebantu banget, tapi tolong di noted min tambahin notifikasi kalo ada keberangkatan yg terlambat di kereta yg sering kita pesen, saya pulang pergi kerja naik kereta lokal pagi².pernah tbtb sampe stasiun dikasih tau kalo keretanya terlambat sekitar 1 jam 🥲 tolong yaa, goodluck",4
"kenapa selalu sulit ketika pesan railfood online, mohon diperbaiki, sangat tidak jos jis",1
good,5
"biaya admin top up nya mahal banget min, kalo bisa mah under 1k lebih bagus lagi free, biar makin banyak pengguna nya min, tq",4
sangat puas,5
mantappp beli tiket lebih murah disini,5
mantab,5
bagus sekali,5
aplikasi sampah,1
SISTEM JELEK SAAT PESAN TIKET LEBARAN JAM 00.00 WIB,1
"memghungi cs sangat sulit, nmr yg tertera tdk bisa di hubungi, melalui WA juga kurang membantu 🙏, DM IG juga slow respon",4
"bagus sekali aplikasi ini, mudah cepat dan sangat membantu pelanggan. customer servicenya juga respon cepat dan penjelasannya detail dan bagus sekali...sukses selalu KAI",5
gak bisa login akun,1
access kai di saya tidak bisa di gunakan kenapa ya min minta tolong dong,1
bagus bro bagus mantap,5
bagus bgt KAI access,5
KAI semakin di hati ❤️,5
lemot aplikasinya jelek,1
sangat membantu,5
"sering error, ga bisa pesan makan di apk padahal sedang dalam perjalanan.",3
Baik,5
kerenn. mantap KAI,5
the best transportasi umum,5
"pelayanan bagus, praktis, cepat",5
lebih gampang pesen tiket KAI...OK,5
layanan super super keren,5
gangguan mulu,3
jos,3
"kenapa sih tiket kereta antar kota jauh dekat harga tiket nya sama, apakah ada penjelasannya, dan kenapa gak di hitung perjarak tempuh atau perkota ini berapa biayanya, kaya harga tiket kereta lokal itu harganya beda",3
sangat cepat,5
"Di Kereta lokal, Penataran tidak ada mushola maupun tempat wudlu. Tolong segera diberi Mushola dan Tempat Wudlu. Thanks.",1
Aplikasi ini mengapa tidak berfungsi dan tidak kompatibel lagi di Redmi Note 8......Kecewa.....sangat menyusahkan karena harus menggunakan perangkat yang lainnya......Tolong kasih solusi,1
"request are too frequent...bla2,bla,bla kaburu beakken tiket...,",1
mantap,5
kereta Airlangga di banyakin Napa tiap tahun war tiket Mulu kehabisan,1
hebat,5
"biasa beli token PLN disini, tp sekarang udah ga bisa lagi. why?",3
luar bias,5
masih sering error,3
belum bisa komen sekarang,1
baru pilih kereta dan kursi ternyata masuk sistem booking dan hanya maksimal 6 kali pembatalan... masih cari2 kursi dan akhirnya gak bisa boking.. sudah 2x kejadian bikin tidak bisa booking dan harus beli via go show dan pas di lokasi kehabisan.. jadi harus nunggu lama di stasiun krn pakai kereta selanjutnya tolong diperbaiki sistem nya terimakasih,3
"Aplikasinya ga bisa verifikasi, udah seharian nunggu loading terus, padahal udah pake data, wifi, terus hotspot ke temen, takutnya gagal karena koneksi internetnya yang jelek, ternyata aplikasinya, gimana ini?",1
keren,5
kenapa sekerng suka gangguan sih,2
kenapaaa gk bisa login ?????,5
"ini di benerin dong bug nya pas udah penginputan data penumpang dan di batalkan, kenapa GK bisa beli lagi di hari itu dan tertulis tidak boleh penumpang yg sama padahal di riwayat dan pembayaran belum muncul",2
"mau batalin tiket gabisa bisa, ribetnya minta ampun. sengaja dibikin ribet kayaknya biar gak balikin duit. licik aplikasi jelek.",1
good,5
Terus jadi lebih baik,5
Demi Kepuasan konsumen KAI. Ini Saran sekaligus kritik utk membangun Bahwasanya Pembelian tiket utk satu keluarga biasanya pakai satu akun yaitu akun orangtuanya. namun kenapa waktu pembatalan harus melalui akun sesuai nama tiket. Orang tua bukan perantara ( makelar tiket). sebegitu ribet atau sulit kah prosedur pembatalan tiket. mungkin kalau perlu sewaktu pembuatan akun KAI Acces harus menyertakan nomer KK (kartu keluaga) atau dilampirkan scan KK. semoga PT. KAI kedepannya tambah MAJU. tks,2
mantap..,5
ok,5
pelayanan KAI sudah cukup bagus,5
ok,5
TOP 👍,5
mohon maaf ini susah banget yaa buat masukin data diri.. mau pesan tiket udah mepet,1
baik dan bermanfaat,5
bagus sangat membantu,5
👍,5
Aplikasi yang memudahkan mobilitas mengunakan kereta. Semoga kedepannya saldo KAI pay yang kita topup bisa sesuai dengan apa yg kita bayarkan.,5
semoga tiket ketika liburan tiba yg ekonomi di bsedia kan lebih banyak. Terima kasih.,5
Tiket KRL Cicalengka kok nggak ada? kan Cicalengka sekarang udah ada KRL,1
"Sangat memuaskan, terus menjadi yg terbaik",5
bagus membantu sekali cuman sering error dan sering perbaikan jangka berhari-hari,4
"Aplikasi burik, Gagal upgrade terus..",3
mantul,5
pokoke josss,5
sangat membantu,5
mantap,5
aplikasi untuk memesan tiket kereta api,5
manamungkin tidak nyaman pastinya nyaman dan bagus iya kan kan,5
sangat membantu.. trimakasih,5
guud,5
"beli tiket hrga 500k byar fee 40k biar bisa cancel,pdhl di form tulisannya 💯 refund, pas di cancel msih kena fee 25% kya di palak, dri segi aplikasi si ok gga ada masalah.",3
bagus,4
"Keren min, Lanjut update dan semangat terus Yaaaa.....",5
ok,5
"aplikasi gak jelas, lg enak² milih sering keluar sendiri. batalin pesanan lebih dari 6x gak bisa pesan lagi, padahal baru mau cek harga & cek pilih kursi. poor 👎🏼",1
masa mau cekout pemesanan kereta lokal gagal terus,1
"Aplikasi paling cacat, bug juga banyak",1
aplikasi parah.mau refund tiket susah bgt.Kode otp udah sesuai yg saama yg di krim di email.eh malah ga bisa.kode salah...parah.buang2 duit....ga bisa refund.rugi saya 400 ribu..bagi saya uang segtu besar.ckuo buat makan 1 minggu.,2
"apk bagus min bisa pesan tiket KA dengan mudah, saran update tambahkan BRI di fitur top up nya min soalnya mau top up dengan BRI ga bisa.",5
yg bikin jengkel buat sya pas daftar ini itu salah mau masuk pake nomor TF ttp salah pdhal udh bner mau pake google masukan sandi ttp jga salah alasan format sandi belum selesai lah,4
josjis,5
"mau batalin tiket anak yg blm punya rekening aja gak bisa,,,, seharusnya dimudahkan ke rekening mana aja bisa kaya dulu",1
proses pembatalan dan pemesanan sangat cepat. hanya pengembalian dana menunggu jam kerja,5
"aplikasi ini bagus karna mempermudah berpergian , tapi sayangnya metode pembayaran e-wallet via dana blm ada , tolong segera diperbarui ya ☺️",3
"mengapa kalau lagi war tiket mudik antar kota,padahal data penumpang sudah lengkap Dan ga ada yg salah ,tinggal next aja malah eror sudah ber Kali kali saya mencoba tetep aja eror ""not seat"" trs pas di refresh keluar ,jadi hilang tiket saya. semoga diperbanyak Lagi ya ,tiket mudik nya . kereta Se panjang itu,masa iya berhari² war g dapet²",5
mantap,5
kenapa ga bisa daftar ya,3
good,5
"Dan ga selamanya yg beli diatas 4 tiket itu calo, jangan batasi pemesanan tiket harian",1
jozzz,4
Good,2
sering error mau bayar pake qris. kode tidak bisa keluar,3
kenapa saya tidak bisa upgrade ke basic yah. nomor otp sudah masuk ke alamat e mail setelah di masukkan nomor otp nya malah loading trs,5
sangat membantu dan mudah dalam bertransaksi,5
"antri, giliran dah masuk antrian selalu tiket habis lebaran ini aku ga dapet tiket ada ny tiket yg mahal semua. tiket ekonomi selalu hbs",2
"update lagi metode toup up nya buset dah mana biaya admin nya gede banget lagi edan emng GK lagi lagi deh beli tiket KRL dari sini udh mah ribet biaya admin gede, hebat-hebat👍",1
kirain gak kena admin top up kaipay wkwk,4
👍👍👍👍,5
"bug parah aplikasinya, coba di uninstall malah ngga bisa login",1
"saat pesan terjadi eror internet di saat pemilihan kursi direfresh berkali kali tetep gak bisa... padahal internet saya nyala dan speed test kenceng. ahirnya aku batalkanlah tiketnya karena eror di pemilihan kursi. setelah itu aku coba pesen tiket lagi malah muncul tulisan ""tidak bisa memesan tiket pada rute yg sama dalam satu waktu"" halo kan yg tadi tiketnya batal karena eror internet di pemilihan kursi. kenapa malah tidak bisa... mana saya lagi terburu buru",1
KAYAK TAI,1
baik,4
"sumpah ini aplikasi sangat menguras emosi.....dibelain melek sampai dini hari demi boking tiket dengan kursi pilihan aja susahnya error melulu ....giliran kena eh kursi malah sudah pada terisi ,kan KOCAK.....😡😡🤬",1
"gara2 tiket online saya jadi ribut sama istri karena tidak bisa berangkat kerja, setiap hari saya pp merak rangkas, karena tidak ada saldo saya beli offline ternyata habis, padahal di aplikasi masih ada tiketnya. lebih baik tidak ada tiket online, menyusahkan saja, saya setiap hari pp naik kereta merasa kecewa dengan pelayanan seperti ini.",1
"cari tiket binjai medan 1 pun gak ada yang keluar, gak jelas sih apk nya",1
bagus sekali aplikasinya,5
Praktis beli tiket KAI . Mantap,5
"kenapa aplikasinya sekarang sering error .au pesen kereta susah,, ayo diperbaiki donk",2
"aplikasinya error, ngga bisa pesen tiket commuter line dengan alasan ngga bisa booking lebih dari 1 padahal belum beli apa2",3
good,5
"kenapa saya ngga bisa login? pdhl sudah punya akun dan sudah benar gmailnya, tapi failed terus",2
persi terbaru ga bisa d apdet ya,1
ok,5
aplikasi bagus udah ada penyimpanan data penumpang jadi lebih mudah buat pesan tiket tapi sayang aplikasi ini telat sehari cara pesan tiketnya yg lain udah bisa tgl berikutnya untuk accsess bay KAI baru hari ini jadi kita kalah cara pesannya jadi GK kebagian tiket kalau pas rame kaya begini coba di cek aplikasi lain ada yg lebih cepat sehari makasih,5
aplikasi busuk,1
"LEMOT CARI TIKET MUDIK DAN BALIK SUSAH TERUTAMA UNTUK KERETA SERAYU KALAU BISA TAMBAH KERETA UNTUK KELAS DIATAS EKONOMI SUPAYA CARI TIKET NGGAK HARUS BEGADANG TENGAH MALAM RUGI WAKTU TIDAK DAPAT TIKET TAMBAH KERETA DARI JAKARTA RUTE JALUR SELATAN TIAP TAHUN KALAU CARI TIKET MUDIK DAN BALIK SUSAH NGGAK KETOLONGAN,SUDAH TAU PEMINAT BANYAK TAPI KERETA TIDAK DITAMBAH",1
KAI semakin istimewa,5
Aplikasi yang sangat membantu sukses selalu,5
sangat cepat,5
apk idiot,1
maintenance mulu aplikasinya klo belum bisa bikin aplikasi ga ush bikin aplikasi cm ngotor²in hp saya aja,1
"Tolong Kereta BIAS Bandara Diperpanjang sampai kab Nganjuk Agar kereta lokal nyambung sampai Madiun,yang dari Arah Surabaya , Nganjuk Sudah banyak potensi Karyawan pabrik dan mahasiswa arah Surabaya dan Surakarta Atau minimal sambung line kereta jarak Pendek Commuter line atau diesel / Kereta LOKAL diperpanjang dari Surabaya -Madiun Madiun Solo udah ada line Bandara BIAS",1
sangat baik,5
Sangat membantu,5
ok banget,5
sangan membantu kita semua terimakasih.,5
BAGUSS SIMPEL SATSETT,5
udah di btalin boking nya blum sampe Mau bayar eh mau pesen lagi dengan jam yg sama ga bisa,2
good,5
Memuaskan😘,5
cepat dan mudah,5
login aja ribet udh buat yg baru terbaru di masukin malah balik lagi ..salah lagi. inti ny aplikasi cuma buat orang ada aja pilih2 ini team cyber ny,1
bagus,5
Oke,5
sangat membatu sekali. terima kasihhhh,5
habis di update malah gak bisa beli pulsa dan token PLN... padahal sebelumnya bisa. . kacau ni aplikasi,1
terbaik,5
dengan adanya aplikasi Access by KAI mudah ga ribet ga antri harga terjangkau...pokok nya is the best,5
keereenn,5
mantap,5
Semoga jalur pasprob.. bisa segera terlaksana,5
cepat ringkas ....diskon kurang gede ❤️😊,5
sangant membantu,5
semakin baik dalam pelayanan,5
tolong dipermudah untuk pembatalan tiket. karena tidak semua yang pesan tiket melalui aplikasi pemilik hp untuk pesan. dan yang pesan bukan penumpang. karena saya sering pesan tiket untuk orang tua atau keluarga.,4
good,5
"saya 2 kali pesen tiket online sudah terbayar, ada bukti nya juga tapi diapk tiketnya belum terbayar sampai akhirnya waktunya habis dan hangus. lemot sering ngga bisa eror",5
good job,5
suka sekali,5
"User Interfacenya di hp saya gabisa di scroll untuk tanggal booking sampai ke tanggal diatas 20 an dan stuck, seharusnya bisa input tanggal manual saja, entah kenapa di device saya seperti itu, butuh solusi dari pihak KAI, mohon bantuannya",4
Terima kasih atas ucapannya semoga KAI selalu melayani penumpang dengan baik dan selalu jaga,5
selamat sampai tujuan semuanya waras slamet. Aamiin.,5
Layanannya bagus,5
lebih cepat dalam pemesanan tiket dan lebih praktis,5
KAI TERBAIK👍💯,5
tmrksh kai sudah berikan diskon mudik lebaran.. semoga kedepanya ticket bisa mudah didapat khususnya saat akan mudik lebaran,5
masih tetap memuaskan meski harus sabar rebutan tiket ...hahahaha,5
bagus,4
"ketika sudah isi data penumpan, terus gagal tidak bisa lanjut, mohon diperbaiki min",1
oke jos,5
"susah war tiket, servernya masih berantakan",1
aplikasi sampah,1
"keterlaluan, ga bisa di pakai di jam 00.01 ke atas kalo ga di update dulu, biasanya bisa di pake ga perlu update ini harus update klo kereta full ga kebagian kita yang di salahin kurang cepet beli tiketnya, nah kurang cepet apa coba niat beli dini hari???? codingnya di benerin dulu...",1
padahal baru masuk di apk udah HBS aja tiket,1
"ini gimana ya saya lusa sudah mau balik kampung, jadi daftar akun dulu di apk ini, pass daftar tinggal verifikasi e mail, otp sudah masuk, kolom input belum masuk,vnykba daftar ulang berkali kali tetep ga ad kolom input otp, terus gimana masukin otpnya kalok kolom inputnya ga ada pokoknya ga reqlmend banget pakek apk ini.",1
Mantap..,5
bagus mantab,5
"heran dah, masa gak bisa bayar pake m-banking mandiri, padahal sama sama BUMN",3
ok,4
harga berubah ubah terkesan di permainkan. kemarin logawa dr BWI ke klaten 420 skr 294 sekelas BUMN macem calo. terlihat buat mainan kalo di refund pun rugi krn potongan 25% makin tercium bau busuk di sini,1
oke,5
oke,5
mempermudah..untuk semua yg di butuhkan,5
jos gandos,5
bagus,5
berulangkali dikasih otp tetap gak bisa daftar dari jam 00.00 sampai subuh bahkan ashar coba lagi tetap zonk,1
good,5
coba update kasih pembayaran lewat dana juga kak,5
"aplikasi yang sangat bagus, sangat membantu kita untuk perjalanan mudik",5
"pesan, batal atau ubah semakin mudah pakai kai access.. thanks",5
coba dulu,4
mantapp,5
Kerja yang bener woi korupsi mulu idup lu. server lu noh ngebug mulu anjir kagak ada perubahannya anjir. pengeluaran aja gede lu tapi ga ada perubahan apapun. kalo gak berkembang gini balik lagi ke metode beli langsung aja.,1
"kan sudah ada tuh tanda penumpang laki atau perempuan, mungkin di tambah lagi tanda untuk jika penumpang bersama bayi yang tanpa tiket",4
oke,5
mantap,5
basi,1
semoga ditambah lg jadwal keretanya,5
sangat membatu sekali,5
"ada masalah yang di temui oleh saya sebagai pengguna, yaitu tiket kereta saya tiba tiba berubah atau di tukar menjadi tiket orang lain tolong segera perbaiki sistem itu",2
mudah dan cepat terimakasih,5
ok,5
kai jos,5
mudah dan cepat,5
sangat buruk👎,2
"semua udah oke si, tapi tolong banget ini mah gerbong yang tujuan ke malang di tambah lagi, terus kalau misal war di jam 00.00 selalu erorriahhh. tolong perbaikannya min😩☝",2
"Segi tampilan oke, tapi untuk sistem terkadang ngaco Harga tiket 100rb tidak bisa di lakukan pembayaran dan selalu gagal, apakah ini ada praktik korupsi dalam hal jual beli tiket. Perlu di lakukan investigasi",1
"Servernya toKAI,, tim IT juga kelas amatir yg biasa pegang komputer kasir warnet... tiap taun pas masa mudik ga ada perubahan lebih baik... perusahaan dapet untung banyak beli server yg bagus dong sama tim IT yg profesional...",1
"udah dipencet penumpang tetep gabisa, tidak terdetek, harus dicoba berulang ulang baru bisa, mohon diperbaiki. ayo apk lemot banget kalau ga cepet war kehabisan, tpi apk lemot jadwal ga muncul muncul padahal udah jam 0.00 lebih, mohon perbaikannya",1
"tunggu antrian ,selang 4 menit pas kebuka habis semua, bisa aja permainan calo nya",1
susah sekali beli tiket kereta api lokal,1
bagus,1
"Bintang ini hanya pemanis, bingung juga mau memberikan saran lewat aplikasi dimana, jd disini sj. Sy naik: - Kereta Bandara YIA >> Yogyakarta - Gerbong Eksekutif 2 (tempat duduk tengah 6A-D, 7A-D) - Kereta pukul 21.30 Sebelumnya naik kereta yg sama beberapa kali tp ternyata tidak ada perubahan, yaitu di bagian tengah tiap gerbong serasa naik ""Mesin Cuci"", suara BERISIK & BERGETAR. Turun dr kereta badan seperti kesemutan. Semoga bs segera diperbaiki.",2
seminggu ini setiap saya pesan tiket selalu (dalam perbaikan) entah karna servernya overload karna pemesanan tiket lebaran. tp ini agak menjengkelkan. Yang menjadi korban yaa passenger yg tidak beli tiket lebaran. saya kesusahan memesan tiket. sangat disayangkan,1
ok,5
"apk. lemot, buat pembayaran aja susahnya minta ampun",2
lebih nyaman dengan KAI,5
bagus,5
"tolong lah kai jangan kerja sama, sama kaspro saya transaksi ditipu 10k uangnya gak masuk",1
sangat membantu disaat terdesak dan tidak sempat melakukan perjalanan kereta dan tiket dapat direfund juga saldo bisa kembali👍👍👍👍,5
"jujur sedih bngt,aku barusan pesen buat tanggal 25 maret tapi ke booking ny 25 februari, pas sesudah pembayaran baru sadar, dan ternyata bisa diganti jadwal pas itu juga tapi dapet potongan 63k, pdahal bru 5 menit lalu pemesanan",4
"aplikasi sekelas milik pemerintah BUMN servernya ecek2. Tiap order kereta lokalan hari minggu dini hari jam 00 utk minggu depannya pasti aplikasinya loading gak bisa jalan. Pdahal gk mungkin itu belinya aplikasinya murah, pesen kereta lokal lho ya ini. paling yg order berapa orang. Aplikasi mesti error gak jalan. Kapan ini diperbarui. Pdhl beli tiket kereta bayar lunas gak ngutang lho",1
potongan top up gila gilaan top up 25 ribu masuk cuma 21 rb,1
lemottt bgtt ga sukaaa😒,1
membantu banget,5
cukup bagus,5
"tambahkan lagi dong min kereta serayu untuk mudik lebaran, puasa juga belom tiket kreta udh ludes",5
sangat bermanfaat,5
baik...bagus dan mudah,5
lebih cepat dan akurat,5
mantap lebih mudah,5
kok skr ga payment bisa pake VN BCA?,5
"hp saya skrng enggak support , mohon kalo memperbarui aplikasi jangan asal asalan , hp saya spek masih mumpuni tpi di buat aplikasi ini skrng device tidak support mohon bantuannya",1
"keluar dari aplikasi trus, Parah",1
ok,5
FAST Response dah,5
mantap,5
tolong perbaiki sistem yg ada di dalam BUMN ini jangan hanya ngomong rugi2 terus tp kenyamanan rakyat dalam menggunakan moda transportasi ini tidak diperhatikan tolongtertibkan calo2tiket KAI yg mengakses aplikasi ini...atau emang sistem yg udah bobrok jadi malah tambah bobrok. ..,1
"KAI kontollllll, mau booking tiket kerreta ajaa buat pulang ke PURWOKERTO cuti lebaran ada masalah BUG, ada tulisan ada masalah pembaruannn...",1
makin kesini banyak bug...tim IT bisa perbaiki nggak...bikin pusing,2
"Kecewa sama aja aplikasi KAI access, sering error saat pemesanan tiket terutama ketika harus war di malam hari. Please lah KAI perbaiki ini aplikasinya, kami pelanggan bayar loh untuk jasa kalian. Hal kayak gini ga sekali dua kali terjadi, apalagi saat harus berebut tiket. Kalian penyedia jasa kan, udah sepantasnya layanan kalian mengutamakan kebutuhan dan kenyamanan pelanggan",1
"Bikin aplikasi semakin lama semakin error, tidak membaik malah makin parahhhh😡😡",1
good app,5
"aplikasi lemot, susah di gunakan gagal terus",3
kenapa kalo mau pesen tengah malem selalu ngelag ngebug dll punya temen saya juga gitu uda pakek paket data ttep sama,3
Makin kesini semakin mudah pesen tiket.,5
ok,5
membantu perjalanan saya,4
Tolong pihak KAI metode pembayaran ya di perbanyak lagi deh biar enak bisa pilih masa kartu kredit/debit sama Shopee ovo doang tolong lah di tambah sama gopay dana,4
layanan cepat dan praktis,5
sering eror.. kalau memang tidak siap untuk aplikasi online.. lebih baik manual saja,1
mantappp,5
UPDATE MULU IH!!!,3
aplikasi ini memudahkan calon penumpang KAI,5
best,5
"biaya pembatalannya tolong dikurangi, gile 25%",1
fc terus,1
"Aplikasi aneh, jadwal ilang""an, setelah di akses gk muncul jadwalnya, giliran diakses lagi udah penuh, udah tau mepet lebaran, gak jelas",1
mantaaaappp memudahkan sekali,5
"udah masukin kode otp tapi loading nya gak kelar kelar udh coba berkali kali tetep aja gtu, gabisa pesen tiket klo tidak member basic, giliran mau daftar konfirmasi otp aja gak selesai",1
"aplikasi mudah di gunakan dan sangat membantu, tapi beberapa kali saya membeli tiket dan sudah di bayar kemudian tiba-tiba tiketnya hilang begitu saja dan tidak bisa di booking ulang. lalu saya sering tidak bisa memesan tiket dengan alasan saya sudah memiliki tiket dengan jalur yang yang sama, padahal saya belum memiliki tiket sama sekali di jalur tersebut saya sudah melakukan restart dan sebagainya tetap saja tidak bisa, tolong di perbaiki, terima kasih",3
gak bisa dibuka aneh,1
"KAI ruuuar biasa, semoga semakin tambah ruuuar biasa (mantap)",5
udah 2 hari pemulihan terus cape bngt padahal lagi butuh,1
"jadi kacau begini boss, tampilan dan filter nya",3
esipp,5
好用,5
mudah,5
kenapa di perangkat hp android saya tidak bisa menggunakan aplikasi ini?,2
ok,5
krennn,5
terbaik,5
Aplikasinya bosok njirr,1
"minta update apk sudah di update ganti minta upgrade akun basic selesai upgrade tetep ja gak bisa di gunakan pesan tiket,minta upgrade lagi malah dapat otp ubah email.padahal cuma upgrade malah gak bisa verifikasi dan profil tetep gitu"" ja semua dah bener padahal akun ku dah dari 2013.",3
bagusss,5
"sangat memuaskan, tidak pernah ada kendala",5
"jadwal penjualan tiket telat 1 hari di banding aplikasi lain,di aplikasi lain untuk penjualan tiket tanggal 26 Maret 2026 sudah di jual ,di KAI akses kenapa belum di jual untuk tanggal 26 jadi gak kebagian tiket untuk tgl 26 jadinya",1
memudahkan,5
"sekarang masuknya susah,begitu masuk keretanya pada penuh.saya jg heran belum masuk war tiket temen saya udah dapet tiket lewat calo.cuma harganya 2X lipat.apa sekarang susah karena calo juga?",2
tiap war selalu lelet lemot ngelag,2
aplikasi ribet mau daftar aja susah percuma ada aplikasi tapi masi di persulit,1
"assalamualaikum kok aplikasi access by KAI tidak bisa di gunakan,maksudnya apa.sya Download aplikasi TDK berfungsi.tolong penjelasannya",5
proses nya lama,4
mantabs,5
mempermudah beli tiket kai,5
"masa iya mau pesen h-44 tapi pas dibuka dan standbye tengah malem malah tiba2 habis tiket ekonomi dari Palembang ke lubuk Linggau 6 ponsel padahal standby buka, seluruh aplikasi lagi baru buka lgsng habis keterangan nya apa memang ada jalur dalam mau pesan ekonomi susah banget apalagi ini langsung aplikasi by KAI harusnya lebih byk ya,kalau memang alasan kuota penumpang memang sedikit tapi peminat banyak harus ditambah dong gerbong nya atau gmna",1
"APL NYA GAK ADA PERUBAHAN TIAP TAHUN DIKALA PENCARIAN TIKET MUDIK LEBARAN,EROR-ANTRIAN-LOADING-ZONK. STANBAY JAM 00:00 JAM 00:06 HABIS!!!!! 👎👎👎👎👎👎👎👎👎👎👎👎👎👎👎👎👎👎👎👎👎👎👎👎👎👎👎👎👎👎👎👎",1
"apl gak jelas gak ada perubahan tiap tahun pas posisi pemesanan tiket mudik lebaran,eror,antrian,loading,dan akhir nya ZONK 👎👎👎👎👎👎🏻👎🏻👎🏻👎🏻👎🏻👎🏻",1
"tiap mau pesen kalo gak no seat, high frequency, gak pernah tuh masuk sama sekali pdhl cm 2 tiket, tp di tiket. com 4 tiket langsung aja langsung bisa",1
nice,5
"tolong sistemnya diperbaiki lagi, saya sudah war di jam 00:00 bahkan sebelum jam 00:00 saya sudah stanby di apk tapi pas mau pesen tiketnya malah load lama bgt, pas udah bisa malah kursinya sudah abis, tolong pihak KAI diperbaiki sistemnya",3
fitur delaynya mantap luar biasa membuat kursi tersedia jadi hilang seketika tidak ada kursi... luar biasa bintang -4 dulu,1
"benerin apk lu anjir, gbs dibuka tiap jm 12 malem otp udh msuk tp muter"" mulu",1
"sangat lemot, menghambat dan membuat emosi. Perlu banyak perbaikan aplikasi.",1
terlalu banyak pending sampe keisi orang,1
sangat memuaskan hasilnya,5
sedang dalam pemeliharaan.mau boking tiket gak bisa.aplikasi banyak gangguan menyusahkan pelanggan.sebagai pelanggan kereta api sangat kecewa,1
"aplikasinya gangguan terus.. mau pesen tiket gak bisa2 mana udah jam segini.. takut gk dpet tiket... krna kluarga lain udh kedaftar, ini mau pesen tiket buat yg lain malah gak bisa2.. kenapa dah?? lewat traveloka jg gangguan..",3
"aplikasi ga guna, pesen tiket online ga bikin mudah malah bikin sulit. kalau niat mau digitalisasi minimal pakai developer yg bagus buat bikin apk. ini di akses bareng2 aja udh lemot banyak error nya. gjls bgt",1
masuk apk lemott apk apa ini,1
aplikasi paling jelek kebanyakan bug,1
"percuma tiap hari begadang nunggu tiket gak taunya di PHP,masa nunggu antrian 15 menit giliran diklik tiket habis,hapus. aja apk ga ada guna",1
server apalah nih kai ga jelas bgtt,1
servernya ditingkatkan lagi tolong. waktu waktu traffic ramai pasti ngelag dan banyak kendala. jd males makenya,1
"apaan udah nunggu jadwal lama muncul, gliran uda mau pesen malah eror. uda coba 4x sampe uninstall ttp sama, gmn si kocak niat kaga si buat apk ini wasting time bgt nunggu smpe lumutan",1
"sistem waiting room malah membuat pemesanan tambah sulit. percuma dibuat waiting room, pas beli tiket udah ludes semua. lebih baik pake sistem yang lama. inovasi yang menyulitkan tidak menghadirkan solusi",1
sering banget ngebug,1
ngelag kalau war aduuh tolong dong diperbaiki lagi,1
tidak memudahkan,1
lemot,3
"saya agak sedikit kecewa dengan KAI kenapa nomor antrian pembelian tiket agak aneh... no antriannya naik terus .. sudah dapat no antrian 2 tiba2 naik jadi 4 terus ke 8 dan 11 dimana mana antrian itu turun... dari 4, 3, 2, 1 ini malah sebaliknya.... mohon perhatiannya pada PT KAI",2
tesdulu baru rating satambah responnya nanti,1
aplikasi busukkkk.. mau log in kok gagal mulu.. sering log out ut sendiri.. giliran mau masuk lg susahhhhh. mana sering erorrr gak jelasssssssssss,1
bagus,5
sangat membantu,5
mantap.... process cepat,5
wonderful Indonesia,5
"tidak tersedia face id d stasiun Karawang, alhasil harus beli 2 tiket",1
"beg* pas masuk barcode ada pas keluar kga ada,udh minta bantuan sama penjaga harus baya 2x",1
"Mau cari tiket kereta untuk besok hari Minggu. KAI Akses tp ngga bisa d akses. Kalau pun sedang perawatan sistem, tp ngga ada info sampai kapan. Hmmmm",2
baik,5
kok aplikasi di hp saya dalam pemeliharaan padahal saldo kaipay nya masih banyak,5
"pesan tiket antar lokal p-p, tapi pas cetak tiket malah berangkat dua duanya cuman beda jam, komplain ke petugasnya malah saya yang disalahin salah pesan tiket padahal sudah jelas bukti pembayarannya ada, kalau memang aplikasi nya error harusnya upgrade dong bukannya downgrade, di update malah makin makin gaada langsung gaada tuh bukti pembayarannya mungkin lagi buang sial ya, tolong dong di perbaiki lagi.",1
Ok,5
"utamakan kenyamanan, keselamatan dan ketepatan waktu",5
"uang saya hangus 400rb gegara beli tiket di aplikasi ini, harus nya pihak PT.KAI bisa ngasih aturan bagi calon penumpang yang ketinggalan jadwal keberangkatan kereta uangnya bisa di kembalikan kan kasian cari uang itu ga gampang masa hangus gitu aja aturannya ga jelas cuma menguntungkan sebelah pihak tpi merugikan konsumen/calon penumpang",1
baik,5
sangat memuaskan,5
enak buat mesan tiket kai,5
kenapa aplikasi tidak bisa untuk android 10?,1
"sangat buruk, tidak ada alt pembayaran, harus add dulu. ketika di add selalu gagal. akhirnya tiket pesanan hangus. kan harusnya bisa pakai QRIS, bisa pake trf, bisa pake wallet suami dll. teknologi utk mempermudah, di Konoha justru untuk mempersulit. form juga amburadul tapi diminta upgrade macam².",1
cepat dan mudah utk mengaksesnya,5
lumayan ribet,4
layanan KA makin Oke,5
Sangat membantu,5
"mau ngebatalin tiket saudara yang salah tanggal gagal terus,, setiap klik pembatalan , ad peringatan nama penumpang tidak d temukan d ubah jadwal ttp juga tdk bisa peringatanny pun sama minta tolong donk d permudah laagi dlm haal pembatalan untuk ngebantu orang yg hp ny tdk bisa lagi acces aplkkasi KAI",1
tp kadang2 kna jaringan,5
nyaman dan tepat waktu,5
bagus banget,5
dobol gak guna blasss,1
amanah,5
"10 tahun sudah setiap lebaran nyari tiket mudik gak pernah dapet,yang saya bingung itu sistem nya gimana..????stanbay jam 00:00 menunggu antrian 00:06 HABIS..Setiap tahun begitu,gak masuk diakal sedangkan rute tujuan bukan satu kereta aja banyak pilihan.",1
"Bikin lag wifi gw aja setiap kali kereta lewat, ganggu banget. udah mah lewatnya sering.",1
aplikasi gajelas. mau daftar akun aja lama betul kirim otp nya,1
"percuma pakai antrian udah dapat no antrian dua untuk lebaran giliran mau beli di pencet ga bisa hanya sampai informasi penumpang,ga bisa pilih lanjutkan dasar oknum PT KAI ga bisa kerja sampah.",1
mudah dan efisien,5
"Banyak bugnya gini, maintance 30 menit lebih tengah malam nungguin lama lama. pas udah geser ke pembayaran tiba² ke out sendiri pas mau pesan di jadwal yang sama jadi gabisa gegara katanya udah booking di jadwal yang sama padahal engga",1
tiket lebaran susah nya minta ampun..,1
lemot,1
"Bintang 1 saja cukup lah Ya.. sesuai Pelayanan Aplikasi. Sekelas KAI saja gabisa handle aplikasi ONLINE. Orang Belom Booking Tiket sudah ada Tulisan ""Tidak Bisa Pesan Tiket Dengan Rute Yang Sama""",1
SELALU ERROR! TIDAK JELAS!,1
malam kok sering eror ya,3
pas mau bayar qr nya ngga bisa,1
server sering ngedown,1
aplikasi ini parah pesen tiket loading trs. banyak yang complain tp tidak ada tanggapan. dasar Konoha..,1
untuk lihat jadwal KRL saja tidak bisa aplikasi macam apa inj,1
"Pakai nomor antrian malah makin tidak bagus. Antrian tidak sesuai dengan waktu yang tertera di layar. Setelah nunggu antrian lama, tiket habis. Sungguh tidak efektif. Sangat kecewa Makin diperbaharui aplikasinya malah makin lambat. Dibuat pake antrian kembali malah makin lama",1
bagus sekali,5
gampang error.,1
"Aplikasi makin berat, jadwal lama keluarnya. Tolong perbaiki!",1
"banyak error, ngelagg!! padahal jaringan gada masalah",1
kbnyakan eror dah heran,3
aplikasi busuk lemot,1
aplikasinya kurang bagus banyak error nya,3
ini kenapa ko ga bisa pesan tiket ya ?,1
"Cari tiket malah masuk halaman antrian. Katanya refresh otomatis, ditunggu 15 menit gak ada refresh.",1
good,5
aplikasi sering gangguan,3
saya ingin menyampaikan keluhan tentang aplikasi ini.. menurut saya semakin diupdate versinya semakin tidak bagus.. bberpa kali saya mengalami no kursi pesanan tdak sama stlah dilakukan pembayaran.. lalu saya sangat terganggu ketika tidak bisa melakukan pemesanan h-1 jam.. dan aplikasi sering lemot dan eror.. mohon diperbaiki seharusnya versi baru lebh bagus bukan malah buruk dri sblumnya 🙏,1
bagus,5
"mohon maaf, mau tanya kk: saya tadi malam nunggu tiket airlangga tujuan babakan untuk tgl 23 maret, tapi pas jam 00.00 mayoritas sudah terisi, pertanyaan saya: apa bisa beli tiket sebelum tanggal pemesanan di buka? Terima kasih",5
bagus dan tingkatkan kemudahan2 lainnya.,5
"kok qris nya gabisa di download ya? ngebug apa gimana, kok habis diupgrade malah gini min",1
bagus layanan KAI acces memudahkan kami untuk pesan tiket,5
tidak bisa login untuk beli tiket,1
mantab,5
Alhamdulillah,5
bagus,5
excellent,5
cepat dan praktis,5
susah x pesan tiket pagi dh d tungguin malah pas d pesan lelet muter2 GK bisa d pesan ..pas kembali dh habis .Tah aplikasi ap,1
ini kenapa samsung a03 varian 4/128 ga bisa download ini woy. pikir lah kalo update,1
mantapp,5
good,5
susah amat bayar via qr,1
bagus,5
bagus,5
Semoga PT. KAI semakin sukses,5
bagus mempermudah dalam pesen tiket jadi gk harus datang ke tempat,5
"aplikasi amatir,receh",1
"mudah diakses, praktis dan efisien waktu",5
"jika belum siap update, tidak usah di update. malah tidak bisa di gunakan. mau lebaran malah jadi nggak bisa pesan",1
ok,5
ok,4
mantapp poll ada fitur refund sekarang yey,5
bagus sangat membantu,5
luar biasa,5
Mudah digunakan,5
praktis,5
baik,5
Lebih cepat dan mudah di akses,5
mantab beli mudah cancel mudah,5
okey,4
eh ini lagi bermasalah kah? mau pesen tiket kereta woi,4
Aplikasi KAI sangat mudah digunakan,5
"Aplikasinya bagus, tapi.. metode pembayaran e-wallet tidak bisa, melalui bank pun hanya mandiri yang bisa(per 5 feb 2026), harusnya bisa lewat e-wallet! trus dibagian penukaran railpoint gambar serta tulisannya terbalik, gimana mau bacanya, udah terballik dri atas terbalik dari samping pula. Ubtuk kedepan semoga semua diperbaiki dan tambahkan jalur kereta, agar mempermudah bagi orang baru.",5
min klau bisa tiket buat dewasa ya minimal 5 pembelian tiket lah Klau minimal 4 tiket susah,5
susah untuk masuk mendapatkan tiket,2
ok,4
aplikasi eror mulu,3
"kalo war tiket lebaran selau error. tolong perbaiki, dan masih banyak calo jual tiket di online. apa bisa di berantas? apakah ada keterlibatan orang dalam ? apa hanya pak jonan yang bisa memperbaiki nya ?",1
batas waktu bayar cuma 5 menit topup kaipay adminnya 3ribu sendiri,3
sangat baik👍 memudahkan pemesanan tiket kereta,5
Aplikasi aneh... pesan tiket hari raya H plus 1 padahal antrian nomor satu pukul 0.0 pas kebuka tanggal.nya tiket sudah habis. sungguh ada yang tidak beres,2
bagus,5
"makin gk jls. masa tiap minggu hampir maintenance dn sangat ngerugiin bngt d wktu mau cek dn order tiket perjalanan KAI. udh unistall brulang kali dn nyoba login jg sllu failed request. gliran mau lapor kendala tapi malah gk muncul jnis laporan yg mau d pilih dn d laporin. ayolah, tolong pemeliharan dn sistemnya d perbaiki demi knyamanan bnyk orng",1
terbaik,5
terimakasih sangat membantu,5
kerenn,5
sampah GK bisa buat verifikasi email nya,1
cukup membantu dan agak mudah menggunakannya,3
bagus banget,5
mantap,5
luar biasa...mantap... terimakasih pelayanan nya,5
makin di-update makin banyak masalah nya,1
"sebenarnya aplikasi ini memudahkan,tp knp beberapa hari ini susah sekali pesan tiket pake kai acces,pdhal tiap hari sy hrs kuliah PP malang-madiun..",5
sngt membatu,5
kenapa war tiket lebaran tahun ini susah banget min 😥 udah 4hari begadang ga dapet,5
cepat,5
mantap,5
good,5
sangat keren,5
"Sudah lama pakai aplikasi ini tp kecewa Fitur pindah tempat duduknya kena charge 25%, padahal banyak yang masih kosong. Aplikasi sering telat beri informasi kalau ada hambatan perjalanan. KAI pay sering terlambat saat nambah sering telat dan tidak ada benefitnya. Saat perjalanan Railfoodnya kadang tidak berfungsi",1
PARAH PARAH PARAHHHHHH APLIKASI TROUBLE GATAU LAGI MAU NGOMONG APA SAKING JELEKNYA NIH APK,3
azib dan aUb dah,5
gangguan mulu,1
riweuh,1
selalu delay jam nya,1
Bismillah awal pake semoga lancar jd pelanggan tetap,5
"untuk pemesanan tiket pergi pulang, tolong ditampilkan juga tiket untuk pulang nya. tampilan baru sebenarnya mudah. hanya saja, saya ingin keterangan biaya porter, keterangan fungsi tombol logistik juga ditambahkan.",4
"secara aplikasi sudah bagus min, yang mau saya komplain spesifik di dicomuterline blorasura kenapa tidak distop untuk pemesanan tiketnya ketika sudah mbeludak ?, karena pernah dan akan menjadi pengalaman terburuk saya ketika memesan tiket commuterline blorasura yang saat itu saya pesan dari babat - sby pasarturi ketika sudah masuk saya tidak mendapat tempat duduk dengan berdesak desakan saya berdiri dari berangkat sampai tujuan, mohon solusi dan perbaikannya min 🙏",3
bagus dan bersih,5
oke semuanya,5
Payah nge War tiket mudik tiap tahun seperti hantu ilang begitu aja kaga jelas..baru buka belum sampe 1 menit sudah habis aja !!!!!!!!!!,1
5 malam berturut-turut cari tiket lebaran pas jam 00.00 hasilnya nihil,1
Aplikasi sampah. Tiap tahun begini terus. Bukan apa2 ya. Setiap kali mau pesen selalu stuck dan ketika masuk ke metode pembayaran selalu not respon sampai waktu kadaluwarsa padahal jaringan Wifi ataupun data seluler bagus dan baik. Mohon perbaikannya jika tidak mending hapus aja aplikasinya dari playstore.,1
👍👍👍,5
okay,4
bagus,5
mantap,5
"sudah beli tiket, karena emang aplikasi nya gk jelas dan ngebug tiba tiba tiket nya gk ada tapi saldo sudah ke potong. di Riwayat transaksi pun tidak ada semua nya padahal habis topup, habis beli tiket dll. aplikasi gk jelasss bikin rugi. mana lagi buru buru, akhirnya ketinggalan kereta bangkeee",1
oke,5
"Achhh nyolong nih aplikasi. Saldo 4k,harga tiket 3rb ( Buaran- Cibitung. Transaksi Sukses,saldo sisa 1k,tapi barcode gak muncul,sampe kalah debat w sama pegawai stasiun Buaran,karna emang ga da history pembelian tiket.Tapi w bilang saldo berkurang malah pada gak percaya. Dari pada dikatain gila, akhirnya w top up lagi pake Mbanking 10rb,Yg masuk,saldo cuma 9k. Berarti dalam kurang 1 jam,saldo w berkurang 4k. mending pake KMT",1
top lebih mudah,5
semakin ok,5
enak banget naik ke reta api,5
update aplikasi mulu,3
sangat baik dan membantu,5
mantap,5
kereeeeeeeeen,5
heran w tiap taun hrs bgadang trs buat nyari tiket lbaran.yg lbih anehnya LG d jam 00:00 baru juga d buka udh abis smua.apa iya secepat itu.apa jgn2 ada maen nih mafia2..,1
alhamdulillaah,5
transportasi darat paling nyaman. aplikasi bgus bgt,5
bagus baik,5
lumayan,5
kebayang kalo lg darurat ga bisa dadakan terutama pas mendekati lebaran kasian rakyat kecil yg hanya paspasan kejangkaun nya ekonomi,3
"saldo bisa berkurang sendiri, masa apk buat ajang korupsi",1
"sangat membantu sekali,pokoknya mantaf pokoknya deeh trimaksih",5
mantap,5
"ini kenapa ya aplikasi nya kalo dah lama gak di buka trs pas mau di buka gak bisa, harus uninstall dulu trs install ulang baru bisa di buka yaaaaa?",3
"menggunakan aplikasi bukan ny mempermudah untuk mengakses pembelian, tiap mau mudik lebaran kenapa ada apa dengan sistem KAI access ini, apa ada permainan pembelian tiket??",1
"Sangat membantu untuk pemesanan tiket KA,tapi saat ini Aplikasi ini tidak bisa di buka di Hp saya...crass terus dan juga katanya tidak memadai di hp saya.Perangkat anda tidak kompatibel dengan versi ini.",2
pelayanan prima dan nyaman,5
sangan membantu,5
metode pembayaran lewat shopeepay gak bisa error Mulu.. lengkapi metode pembayarannya dong..,3
mantap,5
bagus,5
kalau mau libur nasional pasti mendadak jadi sampah,1
Aplikasi sering eror,1
"Aplikasinya cepat, dan mud ah di mengerti. semoga layanannya juga begitu.",5
sulit mental terus,2
Mohon perkenan pertimbangannya utk menurunkan persentase pembatalan tiket kereta.,4
kalo bisa potongannya lebih kecil lagi,5
mantab,5
gagal terus napa nih.. mau pesen juga di persulit.. trus kanapa saya g bisa pesen tiket,1
🙏,5
nice,5
Pelayanan aplikasi semaki buruk,1
"layanan CS gk bisa berpungsi dengan semestinya,saya ada kendala pembelian yg tidak masuk tapi saldo sudah terpotong,saya beli pulsa di apk ini dengan metod pembayaran qris saya sudah melakukan payment via shopepay tapi pulsa blm masuk saldo sudah terpotong😭kecewa bener""",1
bagus dan mudah digunakan,5
"MOHON PERBAIKANYA, INI APLIKASI NGE BUG PAS VISITOR NAIK🤣",1
"UDEH 3 HARI WAR TIKET SELALU ON TIME JAM 00.00 KRETA MASIH TERSEDIA SEMUA DI SAAT DI PILIH SALAH SATU KRETA UDAH DAFTAR PENUMPANG LANJUT PILIH KURSI MALAH LAMA MASUKNYA GAK TAUNYA LANGSUNG HABIS!! SECEPAT ITU KAH ,?? KRETA LANGSUNG HABIS SEMUA!! INI KAYA ADA YG ANEH SAMA KAI, APAKAH ADA YG BERMAIN SEPERTI CALO?!! TAHUN LALU GAK SEPERTI INI LOH BENER BENER JANGGAL!!!",1
"tiket lebaran..masa baru akses jam 00.00 sudah antri, kemudian masuk..eh... langsung habis ludes,",1
gimana ceritanya. tiket Serayu dari pasar senen k purwokerto abis. sedangkan dari pasar senen cikampek masih banyak. tapi dari cikampek k purwokerto abis juga. jadi lewat mn yg dari jakarta pesen tiket serayu,4
war tiket lebaran parah sih,2
nunggu verivikasi dah seminggu ngga dikirim kirim....gimana mau pesen yang ada hapus instalana.,5
pesen tiket gak pernah bisa....permainan kotor orang dalam!!,1
"aplikasi parahhhhh, buat H-2, 4 menit sudah habis... nyeseeell download",1
"kacauu war tiket lebaran kaya kekuatan orang dalam , percuma ada aaplikasi ini pesan tiket kereta di hari penting di gituin",1
mantap,5
2menit kereta habis,1
penanganan cepat,5
mantab mantab,5
gara gara nih app si dityo pensi mole👎👎,1
bagus,4
bagus,5
"lumayan, permudah lagi kembangkan",4
mau refund aja di persulit chet ngga di bales bales gimana sih,1
"""cannot booking more than 6 booking per day"" padahal cuma sampe liat kursi di gerbong nya aja, ga pesen. apakah harus pesen saat itu juga?, jadi males + ga fleksibel.",1
mantap aplikasi nya,5
mudah dipahami aman,5
"Servernya di upgrade ya, pemesanan tiket saat mau mudik timeout terus, ayo lah company besar masa gak modal.",1
bagus dan Oke,5
di hp saya ga bisa ke instal padahal android 10 ke atas,1
aplikasi mudah digunakan,5
"untuk yang sekian kalinya saya kecewa dengan commuter line,bekasi cikarang.untuk di jam 11:00 sengaja di perlambat untuk ketinggalan kereta walahar tujuan purwakarta.harga tiket tidak seberapa tapi dikalikan banyak penumpang yg tertinggal akibat commuter line yg selalu di tahan dan berhenti lama di stasiun bekasi.",1
good respon,5
ok,5
kenapa ya sulit dibuka...,1
mudah,5
bagus,5
Bener2 tidak rekomen undu aplikasi ini cuma buang2 kuota aja....sangat buruk mendaftar aja sampai berbulan bulan nggk ada verifikasi,5
cara cepat lebih aman,5
"kenapa susah pesen tiket buat lebaran ya, padahal udah masuk menu pemesanan, tapi infonya seat not available !?",1
bagus,4
lebih informatif dari sebelumnya.,5
Good,5
aneh udah bayar 100% refund tapi pas di refund ga 100%,1
"sangat membantu, cm jadi tidak membantu kalau tarif khususnya kadang pas go show tidak berubah atau kadang telat ganti harga..",5
sangat memudahkan untuk pembelian tiket kereta api,5
Ok,5
sangat baik,5
"jngn kasih akses sblm jam stngh 4 atau jam 3 kebiasaan di stasiun Rangkasbitung jam brpapun KLO hari Senin brangkat subuh orang orang stngh 4 aja udh pada mangap, kasian yg rumah nya jauh. ngeselin juga orang orang yg mangap aja baru stngh 4",1
"maaf, padahal saya sudah menunggu jam 12 malam agar tidak kehabisan tiket, tetapi begitu saya masuk harus mengantri terlebih dahulu ini karena sistemnya update ya? padahal dulu ga kaya gini, bagusan yang dulu. setelah antri panjang dan lama (±15menit) akhirnya bisa masuk, dan memilih penumpang dan setelah memilih penumpang untuk melanjutkan pemilihan kursi ini sangat lama sekali, dicoba berulang kali gagal gagal dan gagal sampai akhirnya saya kehabisan tiket, jujur kecewa banget",1
memudahkan,5
"waduh gimana ni, uang saya ga balik, tiket ga dapet tpi saldo ketarik😭",1
bagus,5
semakin hari semakin susah buat pesan tiket liburan atau lebaran,1
semakin hari semakin susah buat pesan tiket liburan atau lebaran...,1
war tiket lebaran tahun 2026 susahnya minta ampun padahal udah ngisi data mental terus ga tau sistemnya apa gimana ini,2
gak guna,1
gila bgt nge war tiket dari jam 23.30 kaga dapet juga !!!!!!!!,1
"semenjak ada sistem antrian² sekarang jdi lebih susah dapet tiket lebaran, udah masuk tinggal pilih kursi doang leletnya minta ampun sampe berakhir sesi kitanya, tolong pihak kai dong, kritik dan saran didengarkan syukur² lngsung dikerjain",1
"capek tiap mlm begadang mau pesen tiket yg terjangkau harga y .sekali yg di inginkan dh masuk nh seneng banget rasa y isi data penumpang udah tp ya begitu ke tahap selanjut y muter' sim card 3 operator simpati,indosat,xl sampe satu jam di ulang' begitu trs sampe 3 hp yaa begitu juga hasil y zonk sampe rubah' rute tetap aja zonk mls buka apk y lg..liat di traveloka dh abis semua klo emang di aplikasi resmi dh abis yaaa jng di tampilkan di layar klo msh tersedia",1
"tahun 2026 siatem pembelian untuk tiket lebaran buruk, paling buruk diantara tahun sebelumnya. Akan saya tambahi jadi 5 kalau sistemnya diperbaiki kaya dulu atau lebih baik",1
sudah akses pemesanan tiket lebaran 1447 H,1
aplikasi sangat lemot banyak korupsi,1
Tidak mudah untuk pembelian tiket kereta api lebaran.,1
bug,1
lola error,1
"tiap mudik selalu ga bisa diandalkaan , aplikasi sangat tidak membantu",1
War tiket lebaran standby dari jam 23.30 pas masuk 00.00 bisa pilih kereta tp stuck di pembayaran loading terus dan kembali ke awal. Cek ulang kereta 00.03 sudah habis.,1
tinggal di bayar aja susahnya minta ampun dari kemaren nganti tinggal bayar susah bngt heran,1
sangat tidak bagus selalu habis trjual,1
ok,5
Pasti selalu menjelang mudik error,1
APLIKASI GA GUNA HAPUS AS AJAAA,1
ga wortit sumpah udah antri lama ujung2nya timeout abis itu sesi berakhir,1
"kalau buat aplikasi yang bener dong, sewa server yang bagus. masak aplikasi banyak bug, sering keluar, & server full terus. padahal yang pesen cuma se Indonesia. apalagi kalau se dunia. maaf saya marah² karena kecewa parah, tiap taun nggak ada perkembangan.",1
"Semakin lelet aja aplikasi ini,mau pilih jadwal susahnya minta ampun,bukan karena jaringan saya,jaringan aman² aja,,KECEWA BGT",1
lemotnya,4
Tolong perbaiki sistem antriannya udah tiap tahun bukannya makin baik malah makin parah .,1
"maksudnya nunggu antrean 15 menit udah nunggu lama tiket malah habis? udah 3 hari kaya gitu terus woy😭😫, parah SEKIRANYA TIDAK MEMBANTU GA USAH NGREPOTIN lah SAKIT BANGET",1
Loading mulu kagak bisa jalan ini aplikasi. Dah sampe restart hp juga tetep aja,1
aplikasi blm mumpuni untuk situasi pembelirame,1
"saya sudah bayar , di m.banking berhasil. tetapi di aplikasi tidak masuk / gagal. saya bayar 3 tiket melalui qriss. uang tidak kembali.",1
"kenapa hrus upgrde member sih serasa kaya dipaksa, giliran udah upgrade ttp aja gk bisa juga. skip nih apk deh",1
tahun lalu kebagian tiket PP. tahun ini gagal karena susah banget,1
nyari tiket mudik dh antri tgl bayar aja loading nya lama bangt dan akhir nya tiket kburu abis,1
aplikasi busuk.... sering bgt gangguan pas penting2nya,1
mantaaapp,5
"stress nih aplikasi, udah 00:00 pas masuk pesanan dan mau pembayaran malah gak bisa di akses. kek ada permainan",1
"apaan banget sih apanya..... udah lama pakek apk ini dan selalu puas tapi tiba"" banget pas mau nge war tiket malah ngebug apanya sebell bangett.... mana ngebug nya di pas bagian cari jadwal tiket aja lagi yang lain nya gada masalah apa""... kan aneh jadinya... sebel poll",2
tiap jam segini aplikasi selalu trouble,1
susah amat mau beli tiket pke sistem antri,2
"beli tiket pas lagi momen liburan atau lebaran, ngelagnya berdampak pada KA Lokal",1
aplikasi gk guna,1
tidak rekomendasi untuk war tiket sangat buruk👎,1
giliran dibutuhkan buat war tiket mudik malah error mulu,1
coba dulu aja,4
puas,2
bagus,5
ok,5
"aplikasi error, tarif kereta makin mahal ga sebanding dengan pelayanan dan pembelian tiket kereta",1
jelek sekali lemot apk nya,1
sangatlah membantu.,5
cukup bagus cuman di hp saya tidak ada menu kelola perjalanan nya,4
"aplikasi tidak dapat digunakan setelah diupdate, pesan error ""Tidak Ada Koneksi Internet"".",1
"mudah digunakan, informasi jelas",5
"tiket ga exclusive di kai acces, mana busuk di kai acces nya gabisa masuk giliran masuk udah kosong aplikasi ampas mending beli / war diluar KAI acces",1
e wallet bobrok,1
lebih baik pelayanannya,5
ga jelas,1
Its usefull,5
"bagusnya kalo hari biasa,,,kalo lebaran banyak banget dramanya,berita nya doang heboh ""45 hari sudah bisa di pesan""tapi pas hari nya malah gak bisa di pesan...gak nyampe semenit habis,,lawak banget kai",1
"sangat kecewa dengan aplikasi ini, tolong di perbaiki lagi. Saya sudah pesan tiket bahkan sudah selesai pembayaran tapi tiket tidak muncul, saldo sudah terpotong. Saya liat ulasan yang lain ada yang seperti saya tapi tidak ada pembetulan sama sekali.",1
KAI access aplikasi tidak berguna. Lebaran 2026 ini pesan tiket susahnya kayak setan,1
"saya beli token listrik lewat kai , sudah bayar dan uang sudah terdebit ,, tapi di aplikasi KAI gagal sudah lapor ke cs di WhatsApp, email, dan aplikasi tidak ada respon",1
mudik tahun 2026 KAI tidak adil...tiket dihabisin calo .,1
Tolong lahh untuk pembelian tikett kereta nya jangan prioritas kann di aplikasi lainn mau beli tiket kehabisan teruss gara2 aplikasi traveloka dan tiket com karena mereka 2 bulan sebelum keberangkatan sudah bisa beli tikett,2
mntap,5
sangat puas pelayanan,5
"Melakukan perubahan seat pada jadwal dan kelas/tipe tiket yang sama diharuskan membayar 25% dari harga pembelian tiket adalah bentuk pemerasan yang dilegalkan 😡. Seharusnya bisa mencontoh aplikasi FlyGaruda selama waktu dan kelas/tipe masih memungkinkan, perubahan seat bisa dilakukan tanpa ada biaya tambahan.",1
"mantabs, BUMN yg membanggakan",5
oke,5
"hobi banget error, orang belum pesan apa-apa tapi tulisannya gabisa pesan lebih dari 1 booking",3
sangat membantu konsumen,5
"buat apa si ada max 6 book per day tuh buat apa cok gajelas ini update lama lama, nyusahin orang buat ngecek kursi Cok, ilangin lah feature sampahnya",1
scam. sudah bayar namun tiket tidak muncul.,1
sering eror,3
aplikasinya mantap..,5
mantap,5
"pihak KAI bisa bantu jawab gak? kenapa tiket kereta selalu jd cerita keluhan warga biasa yg mau pesan tiket tak kunjung dapat selalu kalah habis semua sama calo/agen tiket? padahal prosedur kan harus isi data penumpang, itu ko bisa terjadi?",1
"sering muncul ""Cannot Booking More Than One At Same Schedule Route"" padahal saya belum pernah booking, sangat mengganggu kenyamanan. Akhirnya susah beli tiket.",1
kecewa lemot banget,1
aplikasi ga berguna buat war tiket lebaran..mending hapus aja,1
aplikasi ga berguna buat beli tiket mudik lebaran tiket selalu habis.. mending hapus aja,1
"kepada Yth. Bapak/ Ibu yang berwenang di PT. KAI tolong kerja samanya untuk memasukkan peta jalur kereta lokal-komputer-LRT-Antar kota-bandar-whoosh, soalnya saya kesulitan mencari jalur kereta yang akan saya tuju dan stasiun mana saja yang akan saya lewati jika saya menggunakan jasa transportasi ini. Diharapkan juga pengguna jasa kereta pemula seperti saya lebih nyaman dan mengerti jalur kereta, tentunya menjadi solusi bagi wisatawan mancanegara yang ingin mengelilingi jakarta, terimakasih.",5
"sumpah kalo hari besar aplikasinya suka error gak bisa pesen tiket, kadang QR nya gak bisa dipake gagal terus, update rutin tapi aplikasinya masih lelet banget banyak errornya tolong dong diperbaiki rekrut orang berpengalaman buat ngurusin nih APK, anggaran lu gede juga",2
"gabisa pesan, muncul notif merah, makin jelek ni aplikasi",1
"Saya pengguna setia jasa kereta api Indonesia merasa kecewa karena akses pemesanan tiket kereta api untuk 18 maret eror, dan ketika masuk lagih tiba tiba tiket habis.... Tolong di perbaiki sistemnya dahulukan yang masuk duluan!!!!",1
"kaya'nya sekarang sistem kai ada permainan orang dalam ketika war libur lebaran langsung habis sudah 2 tahun ini kya gitu terus sistem atrian harusnya di tiadakan, itu buat celah permainan bandar besar+ ordal",1
percuma KLO gak bisa buat lebaran.begadang sampai 00:00 giliran diklik. 10 detik udah habis,1
buruk!!! milih tiket buat lebaran harus jam 12 pas baru masuk antrian. saya udah 2 tahun ikut war lebaran kurang 10 menit udah bisa masuk antrian. kenapa yang sekarang harus pas jam 12!!! tolong di perbaiki sistem nya seperti dulu.,1
kai ok,5
bagus,5
apk mantap,5
otp super lama pendingnya,1
aplikasi lemot,1
makin kesini sistemnya makin gk jelas.,1
kirim otp aja susah,1
parah aplikasi beli tiket lebaran GK pernah dapet padahal udh stay di jam pembukaan tp setiap masuk dapet kreta GK pernah ada kursi kosong trs yg naek goib,1
Udah ngewar tiket dari jam 00.00 tapi malah ngga dapet 😭,1
tiap mau beli tiket kereta lokal selalu gagal ujung' nya kehabisan tiket,1
"2 tahun berburu tiket lebaran,pas mau nyari tiket pasti langsung masuk halaman antrian 15 menit,,pas tiba giliran kita,tiket semua sudah ludes terjual ,,,, jangan kaya gitu mainnya dong,sekelas sarana pemerintah kesannya seperti pilih kasih ke orang lain,,,namanya lomba nyari tiket,ya harus cepet cepetan ,,jangan sebagian orang di pindah antri kan,malah zonk ,,, gak sportif ,enakan DIRUT yang lama",1
aplikasi apa ini.sudah nunggu lama2 malah tiket kosong terus.aneh ada oknum tiket ini,1
temen gua gak dapet tiket lembut apk nya jelek lemot. no antrian sudah sedikit langsung hilang. bohong ngapusi dusta!!!! tolonglah minta 1 tiket temen gua mau pulang mau ketemu anaknya.,5
"ini KAI perhatikan saat beli tiket lebaran banyak calo mending hapus fitur transfer tiket saat h-45, terus juga aplikasi nya eror Mulu ahhhh, kalau belum siap pake teknologi mending balik aja ke sistem dulu beli di loket wkwk, setiap habis antre masuk halaman tertulis ""jadwal tidak tersedia""",1
Aplikasi tidak adil dan sangat culas cara mainnya di masa berburu tiket lebaran. maka sejak apk dibuka pada pkl 00 maka kita di suruh antti lama.. lalu refresh otomatis dan bla..bla hasilnya zonk tidak ada tiket yang bisa di pesan. alias semua habis terjual di borong tengkulak tengkulak rekanan KAI.,1
udah masuk antrian tbtb langsung keluar terus tiket habis..maksutnya gimanaaa ini????,1
tambah sulit tiketnya....eror krna bnyak antrian hadewwww,1
"parah susah banget diakses, aplikasi ancur!!!",1
"jam 00.00. aplikasi rusak mau pesen ke malang aneh tidak bisa masuk jam keberangkatan , pesen tempat duduk error",1
menyusahkan,1
gak guna,1
percuma war tiket terlalu banyak calo yang menungggangi jasa tiket lebaran. kita yang stiap bulan pakai kreta api. tapi stiap ikut war tiket lebaran ga pernah kebagian slalu kalaah jaringa sama oprator kaii aces dengan udh nunggu stanbay di aplikasi kai aces pas jam 00:00 langsung di kasi antrian setelah antrian di buka tiket pun abis. saya yakin ini ada tindakan kerja sama antara oprator kai aces dengan para calo yang menawarkan jasa nya di grup facebook ig dll. saya ga suka di ginin.,1
good,5
jam 00:01 tiket kok udah habis,1
"Sangat mengecewakan, aplikasi diduga disabotase dari pihak internal, saya tidak dapat membeli tiket untuk mudik.",1
"curang, mau pesen tiket kereta tanggal 18 maret 2026 ditungguin dari 23.40 (udah masuk di pemesanan) tbtb 23.58 ketendang bilangnya ngantri. pasti calo nih -_-",3
"Tiket jarang tersedia.. Masak Iyah tiket tujuan surabaya - Jombang harus beli dari Surabaya - Mojokerto. Trus Mojokerto - Jombang. Gabisa langsung.. aneh. Terlebih kalau mendekati hari libur, tanggal merah. Pasti susah. makin lama makin gajelas aplikasinya,.. apa programmernya gak ngetest ya masak daftar kereta gabisa muncul.",1
Like saya suka,5
terimakasih 👍,4
sangat membantu di saat urgent untuk mendapatkan tiket dadakan,5
Banyak drama,1
"terimakasih atas layanannya, terbaik buat KAI",5
mohon ditambahkan lagi untuk jumlah penumpang pemberangkatan jadi bisa lebih banyak tidak cuman 4 orang 🙏🙏,5
mantap,5
"Aplikasi diUpgrade malah Maximal penumpang Dewasa 4 terus yg Anaknya lebih dari 2 gimana, Mikir yg bener dong bukanya tambah bagus malah menyusahkan... sebelum ada perbaikan lagi saya kasih bintang 1",1
"perbaiki lag nya engselin, loadingnya lama verifikasinya, sama loading upgradenyaaaaa, pls benerin, kalo udh aku perbaiki Bintang",3
"semenjak update aplikasi, ini kenapa saya tidak bisa memesan railfood via online? keterangannya selalu : Anda hanya bisa memesan makanan pada saat perjalanan. padahal saya sudah berada dalam kereta serta melakukan check in",3
"parah kasian yg punya hp spek biasa,setelah update ga bisa pesan tiket(aplikasi ini tidak kompatibel dengan perangkat anda). kacau emang harus orang yg berduit ya(yg punya hp bagus yg bisa naik kereta)",1
aplikasi minta update terus.,4
User friendly👍,5
bagus,4
cepat mudah,5
bagus bre,5
sangat buruk buat kesal..,1
di update malah gak kompatible,1
Mantab,5
"aplikasi super lemot, pesen tiket keluar terus, nyari tiket yg udah kebayar lemotnya,",1
ok,5
Bede kondisi aplikasi,5
sangat mantap,5
"aplikasi Majapahit, hp ram 8gb, layar 120hz, jaringan wifi 100mbps, buka aplikasi ini doang patah2 gk mulus berasa pake hp kentang kalo buka aplikasi ini jadi gk bisa sat-set war tiket.",1
"barusan saya mesan untuk tangal 17 bulan Maret 2026 tapi begitu menunggu selma 15 menit terus keluar sendiri,padahal belum sampe 15 menit waktu yang di berikan KAI sperti sudah di seting aplikasi ya, apakah ada permainan korupsi semacam jatah tiket untuk karyawan tapi di jual ke orang lain dengan harga beberapa kali lipat, tolong untuk karyawan KAI jangan di kasih jatah nanti di salah gunakan terimkasih",1
aplikasi tidak berguna,1
"busuk disaat buat lebaran pake antri trus war, pukul 00.01 udh abis. siapa juga yang boking semua kereta kalo gak ada ordal yang main",1
"mohon maaf bngt pak saya ksih bintang 3, apk nya eror buat pesan tiket jam 12 mlm, tolong dibenahi lagi pak",3
"gembelll, kursi masih banyak tapi gajelas ga bisa lanjut ke pembayaran",1
"makin aneh, 23:59 jam 00:00 udah sold wkwk",1
"kenapa skrg jadi lemot,eror,banyak iklannya",1
layanan akses KAI top,5
"Lemot, war tiket selalu gak kebagian kursi, tolong di perbaiki aplikasinya",1
kenapa pesen tiket lebaran susah.. padahal udah dari jam 00,1
kenapa habis update malah susah yaa,1
"Sistem nya ga adil untuk tiket mudik , masuk antrian jam 00.00 tunggu 15 menit masuk sudah sold out , masih banyak celah buat calo tiket dan jastip di pusat. mau bukti yg open jastip dan calo tiket , admin silahkan cekkk di tiktok banyak yg open jasa nya.",1
"ihh, minn, masa aku tiap buka aplikasi selalu gak ada koneksi internet? padahal sinyal lancar dan aman, udah ganti pake wifi, pake kuota juga. parah, min :(",1
kai the best,5
terima kasih sangat membantu,5
pemesanan tiket tidak bisa rubah data penumpang ketika sudah di pesan,2
aplikasinya bagus ok banget,4
tolong lah min kalau ada maintenance itu hari wekeend gitu malam jadi orang yang mau pesan tidak pas error kasihan yang udah ninggalin jam lain atau angkutan lain buat buka aplikasi pesan malah aplikasinya error terus tapi tetap saya kasih b4 karna BELUM maksimal,4
"memudahkan saat pesanan, mohon diupgrade karena saat pemesanan sangat sedikit metode pembayarannya",5
"bagus bgt pilihan pembayarannya banyak tampilan nya bagus simple , laporan pembeliannya juga kumplit...",5
eror mulu gasuka,1
bagus,5
tolong di update masa pemilihan tanggal yg di clik cuma sampai tgl 15 yg tampilannya,2
nice,5
mantapp 👍👍👍,5
mantapp,5
"kenapa harus war beli tiket! dan kuota tiketnya terlalu sedikit,kasihan yg mau mudik tdk dpt tiket!",3
sangat membantu,5
"aplikasi GK jelas,tiap di buka dan cari tiket keluar nya,TIDAK ADA JADWAL KEBERANGKATAN, NYESEL DOWNLOAD APLIKASI INI",1
mantap,5
kenapa tidak dicantumkan versi nya,4
mantapp,5
"Saya kecewa beli pulsa pakai kai pay jumlahnya lumayan buat saya, pulsa nya ga masuk tulisanya gagal tapi kai pay nya ngga balik lagi.. hubungi cs pusat jawabnya sedang di proses terus sampe sekarang masih hanya suruh tunggu ngga ada kejelasan nya sama sekali.",1
sangat mudah dan sangat membantu untuk pembelian tiket lansia..terima kasih KAI,5
sangat membantu dan bagus,5
top up gak masuk masuk gmn nih,3
"kak, kenapa disaat aku masukin kode otp nya loading terus",3
bagus,5
bagus dan mudah,4
sangat membantu,5
"cepat dan akurat ,beli tiket jadi lebih praktis",5
"guidence untuk top upnya ribet kalimatnya aneh , UX nya ga bisa kerja, aplikasi ga friendly user",1
aplikasi sangat membantu,5
mudah dan cepat praktis,5
saya top up berhasil tapi saldo nggak masuk,4
"H-3 lebaran 2026,,, tidak bisa di akses,knp? pas bisa tau"" kereta yg mahal semua,,, apa yg beli keluarga kai semua, sodara kalian... aneh.",2
"min, orang² yang mesen tiket pake bot itu mending di banned aja sih, atau diblokir NIK nya ( saya kehabisan tiket buat jalan) jadinya saya ga harus bangun tengah malam buat War tiket doang",3
berikan tampilan dark mode pada aplikasi,5
ok banget,5
lupa pin kaipay sudah coba riset tapi web tidak bisa di buka,1
"sekarang makin cepat,tidak ribet",5
"apaan²an apk ini masak pesan tiket jam 00:00 kata nya lagi antre pas jam 00:01 langsung hbs,tolong dong di perbaiki biar calo² ga bisa seenaknya",1
cari tiket mudik kaya cari harta karun susah bener pesen nya yg bengawan.padahal masuk aplikasi pukul 00:00 tepat pas mo klik pesen tiket nya berulang ulang tetep ga bisa di pesen.. tau tau tiket habis.apa iya secepat itu. baru jg itungan 1 menitan.,2
"barusan war mudik tiket tapi kosong nggak ada padahal jam 00.00 kira"" orang pake bot apa calo ya bisa langsung abis gitu🤔",5
"tiket mudik gk pernah dapat... berhari"" bgadang",2
gajelas,1
Lumayan Bagus....!!!,5
terbaik,5
eror terus,1
terbantu sekali,5
CUMA ORANG2 ANEH YG GK NGASIH BINTANG 5 KE APK KAI ACCESS,5
Luar biasa mantap 🙌.,5
sangat membantu dengan adanya Acsess KAI,5
jadi mudah bayar tiket kereta,5
sangat baik,5
kudu bergadang kalau cari tiket lebar penuh perjuangan,5
baik,5
sangat mudah sekali aplikasinya dan sangat membantu,5
sangat membantu,5
mantap,5
"mudah dan cepat, tapi tolong tiket kereta dimurahin",5
pelayanan baik,5
saya dftar GK bisa bisa gimana sih padahal email akti no hp aktip GK bisa anehh.semua aplikasi udh q coba singkron la ini Gak bisa samasekali udh 1bln say coba nerus ttp tidak bisa,1
sangat mempermudah perjalanan,5
"kebanyakan pemeliharaan , pas kebetulan mau pesan lagi pemeliharaan jadi berangkat telat , gabisa dadakan banget pas lagi diperluin",1
lelet bikin emosi,1
"aplikasi jelek sering error, gak bisa masuk perbaiki lagi",1
"kenapa aplikasi ny gabisa di update di apk google playstore ya? padahal pas saya buka apk KAI ny disuruh update, ini gimana sih?",1
ok,5
"GILAA, udah pembayaran ini ga bisa itu ga bisa. ngebug parah, tqi",1
ok,4
mudah cepat,4
ok,5
"proses cepat, limit tinggi",5
membantu sekali,5
"ribet,mode pembayaran gk bisa pakai link,ataupun ovo",2
setelah muncul update terbaru malah tidak bisa digunakan di perangkat hp saya. Ini bagaimana IT nya kok malah menyusahkan,2
lemot,3
baik dan tepat waktu,5
bagus,5
rusak apknya error terus pesan g bisa daftar gabisa,1
"tidak dapat digunakan, 90% server yg ditangani pemerintah sangat tidak bisa dijadikan acuan serta sangat mengecewakan!!! lebih baik di hapus saja daripada menyusahkan realisasi penggunaan nya!",1
gajelas lagi war malah ngebug gabisa di beli,1
Yang dijamin itu kebebasan berpendapat Dan yang tidak dijamin itu kebebasan setelah berpendapat,5
mantap,5
menambah wawasan menjadi tahu dan tertarik,5
KAI Acces... makin keren,5
"mau update ada notifikasi ""Aplikasi ini tidak kompatibel lagi"", padahal pakai android 14",1
"tingkatkan, jangan kemahalan hehe",4
mantap,5
"selalu pesan tiket KAI tiap minggu, langganan KA Sancaka SBY-YGA jam 22.00. tapi kenapa mulai 1 februari 2026 sudah tidak ada lagi Sancaka jam 22.00. mohon info nya....",5
"pelayanan nya luar biasa, kai keren saya jadi suka kai 😍😍😍😁😁😁 jaya selalu kai🙏 saya gak pernah berenti doa in kai 🥰",5
top,5
bagus aplikasi nya memudahkan,3
"batalkan pembayaran mana, gaada",1
ok,5
ga bisa batalin tiket.. LOL... hilang uangku.. padahal 3-2 jam sebelum keberangkatan..,1
sangat membantu,3
aplikasi error daftar kaga bisa bisa hapus aja dari PlayStore,1
mantappp,5
"daftar tiket masih tersedia tapi tetap tidak bisa dipesan, aneh kan.............",3
kursi pesanan mohon tidak dibatasi 4,3
baik,5
"KAI menambahkan fitur yang menyulitkan Customer dalam melakukan pembelian berulang. yaitu notif ""Requests are too frequent"". kalau sudah muncul notif ini meskipun ada kursi tetap tidak dapat melakukan pembelian. mohon dihilangkan saja karena menghambat pembelian berulang.",1
mantap,5
bagus,5
"KAI GREEN FLAG PARAH 😭🫶🏻 FAST BGT CS NYA LOV LOV 🫶🏻🫶🏻🫶🏻 lgsg tlp aja gue saranin kl ada kendala, jgn melalui chat manapun. krn tlp cepettt bgt resp nya dibanding chat",5
"mantap sekali sih KAI access, kasih diskon dong",5
ok,5
ok,5
good,5
mudah dan sangat membantu untuk memesan tiket kereta api secara mandiri,5
Baru pertama pesan langsung amazing hasilnya. Mantabzzz,5
"PARAAAHHH banget apk banyak BUG, setiap pemesanan tiket selalu GAGAL",1
"nambah ribet,,, upgrade,,, upgrdae,, basic,,,pdhal email udh ke dftar,, basic,,, bukannya semakin mudah,,, mlah nambah ribet,, malesin,,,",1
bagus,5
login nya susah bufeting terus. tolong di kontrol dan perbaiki kesalahan,1
ok sip,5
semangat untuk para PERINTIS😉,5
mantap,5
terbaik,5
Mengapa aplikasi tidak bisa di instal di android 8? Mohon kembalikan ke versi sebelumnya min,1
ok banget layanannya,5
bagus apk yg membantu,5
mantap,5
Sangat bermanfaat,5
"tiket lebaran mahal sekali, jauh dibandingkan bus, gimana mau bersaing kai payah",1
"versi sebelumnya tidak ada masalah apa apa dan seperti biasa untuk melakukan update versi terbaru dan ketika saya ingin melakukan update versi terbaru ada tulisan *versi ini tidak kompatibel dengan device anda* dan saya tidak bisa melakukan update bahkan melakukan pembelian tiket kereta tolong di perbaiki masalah ini karena tiket kereta sekarang hanya bisa di beli secara online,jika seperti ini saya tidak bisa kembali bekerja kembali karena satu satu nya transportasi saya hanya kereta api",1
aplikasi terburuk milik pemerintah dikit²update dikit² ada pemeliharaan capek cobalah hire orang yg pinter atau bayar lebih buat aplikasinya jd mudah ngga nyusahin gini punya duit kan? kalian juga belum bangkrut,1
"setiap kali kode OTP diinput saat akan mengaktifkan member basic, loadingnya lama, tidak kunjung selesai, tolong pihak pengembang dan KAI, perbaiki",1
good 👍🏻,5
pesan tiket 6 hari sebelum keberangkatan selalu kehabisan ..,1
sangat membantu,4
kenapa setiap order waktu kedaluwarsa padahal seat nya masih banyak. setelah update pun masih gagal bae. maaf bintang 1 cuma biar dinotif aja sama admin soalnya biasa order pake apk ini.,3
"aplikasi yg sngat memudahkan perjalanan keluar kota cara pemesanan juga gampang ada tanda penumpang antara laki"" dan perempuan jd enak bisa memilih tempat duduk yg di ingin kan sukses selalu KAI transportasi favorit ku 🥰🥰🥰 oya tidak ada adminya lo harga sesuai yg tertera ga ada embel-embel admin nya",5
Sangat Membantu sekali,5
"terlalu sering update aplikasi, kadang-kadang error",2
mantap,5
tolong jangan sering memperbarui aplikasi krna kami yg memori sudah full susah mau menggunakan aplkasi ny,5
jadi kecewa dengan aplikasi kai. masa hp saya android OS 9 ga kompatibel sama aplikasi ini.. sebelum bisa dan saya sudah gunakan 2 tahun.. tolong dibantu kemudahan nya jangan dibat jadi sulit,1
"memudahkan kita untuk melakukan perjalanan jauh maupun dekat dengan fasilitas ekonomi tapi be AC , 😍😍😍",5
"jangan pernah beli tiket menggunakan KAI pay. uang anda hilang tiket gagal terbeli, pengembalian uang nya pun tidak jelas.",1
good,5
tidak jelas GK bisa daftar,3
sangat bagus pelayanannya,5
baik,3
mudah digunakan,5
membantu,3
kenapa ya gabisa di download ulang apknya,4
tolong di optimalkan lagi. terutama jadwal kereta CommuterLine. di aplikasi dan di stasiun jadwal nya berbeda. terkadang lebih cepat. terkadang lebih lambat. tolong konfirmasi kan jadwal nya itu di sesuaikan,1
sangat membantu,5
keren,4
potogan terlalu banyak cui...,1
sangat baik' aplikasi yg sangat membantu,5
jadwal Kereta tidak sesuai,1
memudahkan,5
"setelah pembaruan maksimal pembelian tiket 4 orang sedangkan saya sekeluarga di KK 6 orang, kalau untuk hari-hari biasa mungkin tidak masalah tapi kalau untuk war tiket lebaran bagaimana? tolong dikembalikan semula seperti dulu",2
helpful,5
kenapa aplikasi ini sekarang tidak bisa dibuka di perangkat sya? tolong diperaiki saya sangat membutuhkan aplikasi ini,5
"saldo kepotong tiket knapa ga dapet , customer servis nya sngaja mainin sgnal tlp biar ga bsa ngadu ..",1
Discount Lansia boleh ditambah dong,5
terimakasih sangat membantu saat terjadi kendala 🙏🏼🙏🏼🙏🏼,5
Masih ada bug di bagian railfood beberapa kali mau pesan food di aplikasi tidak bisa🙃,2
Mengapa ya Versi Android HP sy 11 dipersyaratkan versi Android 8 tapi tetap tidak kompatibel ?,1
aplikasi kai access ada gangguan kah?mau update kog malah aplikasi non kompatible yaa...apa harus di hp2 terbaru atau bagaimana y?m..tolong dong solusinya .. karena sulit klo harus bolak balik loket dan pemesanan jg g bisa di loket kan sekarang ..,3
oke,5
"udah pesen tiket, dan udah di bayar, malah hangus, padahal saya bayarnya sebelum waktu pembayaran abis, udah kejadian 2x, pembayaran sudah masuk, tapi tiket gagal saya dapatkan, dan uang tidak kembali sama sekali dari apk kai",1
"dalam pilihan kursi cuma ada yg sudah terisi aja tidak ada warna untuk laki /perempuan, sedang aplikasi temen ada warna laki/perempuan",5
sering bermasalah dan dimintak update terus,1
"Aplikasi nge lag, nge bug, ini komisaris nya ama Direkturnya apa ngga mau berbenah sih, di applikasi masa selisih harga dari tiket sebelumnya kalau lebih mahal sisa saldo tidak dikembalikan, Dasar Maling",1
cepat,4
oke,5
paginya bisa siangnya jadi tidak bisa alasan tidak kompatibel lagi di perangkat untung saja tiket sudah d ss,1
"pelayanan bagus dengan bintang penuh, pelayanan harus dipertahankan",5
"simple,cepat memudahkan calon penumpang.maju terus KAI",5
baik,5
👍👍👍,5
"PESAN TIKET, TIKETNYA MALAH GA MUNCUL DAN UANG GA KEMBALI !!!",1
ok,5
sangat membantu pergi kemanapun,5
"Cepat, mudah dan Aman",5
sangat mantap,4
"Dipaksa Update, tp ternyata tidak kompatibel dgn android 10",1
mantap 👍,5
"apa ini aplikasi tidak mumpuni udah beli tiket tapi enggak keluar tiketnya, bukan sekali dua kali ya kek gini udah berkali kali mana penyedia kek apa macam ini, bukan masalah nominal tapi tanggung jawab dari pihak pengelola sangat tidak hormat sangat kecewa sekali",1
busuk bnget ni aplikasi mau daftar nungguin otp nya lama bnget bgtu udh ada otp nya mlah ngeleg ngeleg bgtu di pncet lnjutkan aneh aplikasi buatan indo gada yg bner,1
guud job,4
"tolong di perbaiki lagi pesan online tiket mudik tahun ini ga bisa 5 tiket padahal tahun kemarin bisa, saya keluarga 5 orang karena anak saya masih kecil2 blom bisa sendiri....",4
apk aneh mau daftar aja ribet giliran tinggal masukin kode mlh eror,1
"Tolong diperbaiki bagian verifikasi saat pendaftaran akun, untuk mendapatkan kodenya itu harus menunggu lama. Saya baru mendapatkan di email setelah 30 menit lebih.",3
Sekarang KAI member basis sudah bisa masuk tapi Giliran mau ganti identitas yang salah dan lupa pasword susah nya minta ampun kata nya harus tunggu email OTP tapi di tunggu hampir 1 jam nunggu OTP nggak di kirim kirim juga.,1
bagus,5
dulu aplikasi ini lancar. sekarang sering troble,3
"KAI access makin kesini makin kesono... tim IT-nya becus gak sih!!!? aplikasi diupdate bukannya makin bagus malah makin downgrade!!! loading lama, klik pemesanan susah bgt, metode pembayaran tdk sekomplit dlu. PERBAIKI atau kembalikan spt dlu!!! SUNGGUH SANGAT MENGECEWAKAN!!!",1
"Setelah melakukan perbaikan, sekarang RailFood tidak bisa diacces melalui Aplikasi. Padahal kita jauh² hari sudah menyiapkan saldo Kai Pay untuk Keperluan Makan minum selama perjalanan. Mohon pencerahan. terima kasih",3
"Access by KAI memudahkan transaksi pembelian tiket kapan saja dimana saja, gak perlu lagi ngantri di loket. Pesan & Bayar Online-Datang Hari H-eBoarding-Naik sampai Tujuan, sangat simpel",5
mantappp,5
"ga lagi-lagi pake ini, repot. banyak errormya.",1
aplikasi kebanyakan gaya demi tampilan tapi susah login banyak perbaikan,2
mau reffund tiket banyak drama!!,1
Good,5
"saya beli token listrik pakai aplikasi KAI ACCESS ini, bayar menggunakan OVO. transaksi GAGAL, saldo TIDAK KEMBALI. saya hubungi CS KAI ACCESS yang JAWAB BOT. saya punya anak yang masih BAYI. perlu listrik untuk beberapa keperluan BAYI saya. KAI? stasionnya oke dibenahi, aplikasinya PAYAH, CSnya? mikir sendiri lah. kalo ga ngerti maksud saya, yasudahlah, saya ga heran ko. resiko tinggal di negara +62 ya gini tingkat pelayanan publiknya. saya ada SS semua transaksinya. hubungi saya via WA/EMAIL",1
"aneh pembatalan keretanya harus pakai bank yang harus mengatasnamakan penumpang,kalo gapunya bank gimana?kocak",1
ga bsa lihat kembali tiket yang dipesan,1
memuaskan,5
alhamdulillah,5
"ok banget, mudah dan mantap",5
kenapa apk keluar keluar sendiri dan harga semakin mahal ya?,5
"Tiket kereta dari kuala bingei ke medan setiap harinya selalu habis bahkan untuk satu minggu kedepan tiket sudah habis, apakah masih ada pemain/calo tiket? tolong di cek kembali dan diperbaiki.",1
baik,4
"saya tidak bisa upgrade ke basic pdhl sudah coba berkali2,, any solution?",1
menyenangkan,5
very good,5
semakin bagus,5
lebih Yaman dan aman,5
Kalau bisa tingkat kan lagi di saat war tiket tidak error,5
mudah dan cepat,5
"aplikasi dalam pemeliharaan ..!!!! buka susah log in susah daftar susah !!! woi bisa buat aplikasi gak sih.,,apa perlu saya buatkan !! hah!!",1
baik,5
akses mantab dan cepat,5
mantap gan,5
"pisen tiket ga bisa2, cape kerja suruh berantem sama hp",1
keren nih aplikasi pesen tiket oke...pas pesen makanan juga cepet..fast respon...kru restonya..pokoknya the Best dech..,5
gw udh beli tiket kemarin udah bayar tapi tiket nya ga muncul gimana sih. di update malah makin aneh!!!,1
puas,5
lebih mudah tapi uang sisa ngga kembali kalau tiket lebih murah dan sudah di potong biaya,2
good excellent,5
sangat membantu calon penumpang kereta di Indonesia,5
requesta are too frequent. please wait a moment and try againt,1
"untuk pemesanan tiket sudah ok ,tapi railfood sering tidak bisa digunakan",2
"mantaps banget Poko nya, terus terusan pake kai access",5
"halo admin, tolong pada pilihan untuk penumpang bayi, ini tidak terlihat. sehingga saya gabisa pilih tiket untuk penumpang bayi.",3
selama punya acces by kai sangat membantu TDK usah di terminal cuma mantau dr rumah & TDK ngamtri,5
tering eror tolong perbaiki lagi,1
ok,5
sangat membantu,5
aplikasi ribet....dftar nya susah minta ampun....,1
bagus,5
aplikasi gajelass beli pulsa ga masuk tapi uang hilang,1
mudah sekali,5
mantab,5
layanan sangat baik,5
"sudah melakukan transaksi tp tiketnya tidak keluar,di apk dananya transaksi nya berhasil,,,salda berkurang tiketnya tdk ada mantap🤝",1
ok,5
"top up 23 RB saldo awal 7rb, pas masuk saldo jadi 28 RB apakah ada penjelasannya?",1
top dah,5
mantapp,5
sangat bagus,5
memudahkan untuk setiap perjalanan ke luar kota bersama KAI Jadwal mudah terpantau,5
sering update....tiap update harus log in ulang ..kadang gak bisa masuk...sekarang harus update basic ...ribet nih aplikasi,1
sangat bermanfaat dan membantu,5
informatif dan user friendly,4
"simpel, mudah di mengerti...",5
mudah proses nya alhamdulillah,5
good,5
"padahal masih keburu tapi tiket nya udah ilang 10mnit sebelumnya, sama tiket udah di beli tapi ga muncul kesel bngttt",1
layanan onlinenya cepat,5
"aplikasi lemott banyak Bug, mengecewakan",1
keseringan ngebug kadang pembayaran suka invalid atau tidak bisa di akses untuk pulang pergi pembayaran pake Qiris tidak memmunculkan barcodenya dan tidak bisa di cancel untuk melakukan pembayaran yg lain. harap di fix ntar saya ganti rating bintangnya,2
seribu satu masalah yang gak kelar2 dan gak di perbaiki,1
Cukup baik lah...,3
"setelah maintenance tanggal 22 jan 2026 : metode pembayaran malah hilang (Qris, Mbanking dll)",4
"beli tiket ka lokal pembayaran lewat ovo, saldo ovo sudah kepotong tp tiketnya gaada !!",2
"setelah pemeliharaan 2 malam berturut, kok malah ga bisa transaksi ya?",3
Error terus aplikasinya,1
aku udah bayar saldo juga udah ketarik tapi tiket GK muncul,1
tolong hp dengan ram kecil tidak bisa mendownload aplikasi,1
mantap. puas. jempol,5
baik,5
ok terpercaya,5
lancar,5
"beberapa hari belakang saat pesan tiket saya sudah pastikan jaringan dll aman, tetapi disaat akan tampilan pembayaran, disitu tampilannya layar loading dan tidak ad perubahan sama sekali setelah ditunggu, saya sudah coba dengan pesen tiket lain ternyata sama saja",1
"Ini kenapa ya ,saat saya mau boking tiket ,tp tidak bisa ,ada tulisannya request are too frequent. please wait a moment and try again",1
"setelah update, jadi sering error dan gakbisa bayar tiket",1
"aplikasi jelek, aneh.",1
"ini update malah gagal loading pembayaran... pesan 6x gagal loading jadi ga bisa pesan.. parah update bukanya ngilangin bug, malah JD bug",1
mempermudah pesen tiket kreta,5
tak tambahin 1 bintang lagi jadi bintang 5 klo kearah kediri dari surabaya ada kereta seperti arjuno expres atau jayabaya selatan,4
"kai bagus pelayanan, bersih pokok KAI the best",5
ok,5
tidak bisa di akses....terlalu lama pemeliharaanya,1
aplikasi sering maintenance sewaktu2 dibutuhkan malah g bs buka sering keluar sendiri close app trus,1
"kenapa si akhir² ini aplikasi nya sering error, mana sering close sendiri, ngeselin banget",1
aplikasi slu dlm gangguan,1
"masih gk mau naik kreta lagi, karna tgl 25 okto tlat sampe brpa jam akhirnya merugi karna ngga bisa masuk kerja. harusnya nyampe 05.33 itu sampe jam 9lebih wkwk kompensasi 1 botol air mineral😁 astaga... lebih milih masuk kerja bisa dapet 250-300rb",1
pilihan utk jadwal kai sangat lengkap,5
Mantap sangat membantu,5
"Apk tidak kompatibel min, tolong tiba"" log out",1
ada pemeliharaan apa d apk nya Saya udah coba hapus data Semua sampai uninstall saga install lgi kok suruh masuk in nmr atau email lgi saya udah masuk in nmr hp dan sandi nya juga dan nya udah benar malah loading nya lama g kyk biasa nya cepet tolong kasih jawaban nya gimana caranya nnti saya kasih raeting 5,1
APK PALING GK JELAS. SE KELAS KAI TAPI DEVELOPER APLIKASI NYA LEMOT BANGETTT. JARINGAN DAN DEVICE DAH MEMADAI TAPI APLIKASI NYA MALAH LEMOT KEBANGET AN TOLONG DONG KAI INI YANG KOMEN DENGAN KASUS YANG SAMA UDAH BANYAK LO,1
mantap,5
"Access hari ini buruk , lelet , fitur sering nge blank , tidak ada masalah pada jaringan saya",1
sering bgt susah di akses,2
maintenance udah 2x sehari bsk mau brngkt kerja blm bisa2 pesen tiket payah,1
sering error,2
kenapa kai akses jd ribet gini punya 2hp download di playstore tapi aplikasi tidak muncul instal manual tidak kompatibel... tolong api nya di sesuaikan,2
kereta duri jalur dua telat mulu aneh,1
KAI Trasfortasi yang sangat membantu Rakyat Indonesia. Tetap dan terusah membantu terimakasih,5
"aplikasi busuk, banyak yang kecewa tapi gak ada tanggapan dari admin. udah loadingnya lama, pembayaran gagal tapi uangnya gak balik. mending gak usah sok²an pake aplikasi kalo update aja gak bisa.",1
tolong ya lebih bagus lagi dalam hal masalah lelet. Masalah nya jaringan saya bagus tapi pas saya buka aplikasi ini seperti lambat sekali mohon lebih diperhatikan lagi jangan upgrade rangkaian terus tapi aplikasinya nggak. Makasih,1
"aplikasi minta d update tp malah makin lemot,",1
aslii lemat pisan,1
oke,5
nyaman bepergian dg KAI,5
👍👍,5
kebanyakan lag sama server drop ga jelas ga bisa masuk apk sampah,1
hari ini tgl 21.01.2026 aplikasi tidak dapat digunakan,1
good,5
lemot,1
"cape bgt kalo lagi urgent lemot mulu, tiba-tiba gabisa akses padahal paketan banyak, sinyal bagus, hadeuh",3
Mau pesan tiket kereta computer line aja susah banget. Padahal sinyal bagus.,1
mantap,5
top markotop,5
bagus banget,4
aplikasi yg sangat membantu sekali untuk akses naik kereta dengan rute tujuan masing masing... 👍👍👍👍👍👍,5
mantap aplikasi ini sangat membantu & memudahkan untuk naik transportasi kereta api 👍👍👍👍,5
aplikasi gk jelas padahal udh masukin akun basic pass mesen tiket gk bisa bisa malah eror terus,1
aplikasinya kadang2 suka ngelag beda bgt kalo pesen tiket di aplikasi GO-JEK cepet. tolong ya daripada tempat sampah baru di stasiun mending diperbaiki deh aplikasinya,3
membantu,5
baru pertama jadi aga pusing,5
"Tidak ada posisi arah kursi dalam pemilihan gerbong kereta, Nomer Ponsel Pengguna tidak bisa di ubah di akun, penggantian nomer pengguna di aplikasi sangat sulit dan tidak efisien.",1
"Mengecewakan, jadi lemot stelah di update",1
Perjalanan menjadi nyaman dengan KAI,5
lagi maintenance ya?,5
ok,5
sangat berguna dalam proses pemesanan kereta api,5
bagus harga lebih murah karena tidak ada potongan admin yg berlebihan,5
kangen jadi anker (anak kereta) pp jakarta-kroya.. aplikasi ini sangat manfaat banget 💙,5
good aplikasi,5
ok,5
good,5
error mulu mau refund malah tulisannya anda bukan penumpang kocak udah jelas akun gw dan gw penumpang mabok apk nya,1
Lebih mudah pesen tiket dengan Access by KAI,5
terkadang apk down dan tidak dapat melihat jadwal kereta,3
e ticket lama bgt munculnya,1
Pemotongan biaya pembatalan 25%,3
aga lemot,5
pelayanan acces kai mantap,5
mantap,5
bagus,5
kualitas pelayanannya baik dan cepat,5
hp tidak kompatibel lg,3
semoga sukses kedepan nya,5
say kasih fitur metode pembayaran Dana dong soalnya saya cuma punya dompet dana aja,5
mantap,5
Memudahkan Dalam Memesan Tiket,5
sangat puas,5
mantabb,5
Good,5
Sangat membantu,5
tanpa kendala,5
bagus,5
prosesnya mudah dan cepat,5
aplikasi yang bagus untuk memesan tiket kereta online,5
"cakep, memudahkan",5
sukses,5
baiklah,5
Di update malah makin lemot jelek banget aplikasinya,2
"Harga tiket sepertinya sudah tidak pro untuk masyarakat ekonomi rendah, bahkan yg disebut tarif ekonomi harga murah pun rakyat kecil harus rebutan. Sungguh memprihatinkan ketika moda transportasi massal sudah mulai dikuasai kapitalist.",3
Aplikasi tidak support,1
"gimana sih ini aplikasinya, masa tiba2 keluar dr akun trus pas mau login pake akun itu malah ga bisa. saldonya kan jadi turut hilang! tolong perbaiki lagi agar mudah login pake akun yg sudah ada dan jangan sampe lah keluar dr akun sendiri tanpa diketahui, tiba2 aja pas mau pesen tiket malah suruh update member lagi",3
"aplikasi ngebug, pesen 2 tiket lokal sampe telat jam kereta gara2 errorr nambahin penumpang doang 👎👎👎",1
giliran mau cetak tiket ada pemeliharaan di jam sibuk ada perbaikan,1
mudah dan terpercaya,5
"20 01 2026, RailFood tidak berfungsi",2
"di tiap tiketnya kalo bisa ada nomor untuk jalur kretanya, terimakasih",5
"baru update per 200126. pengalaman pesen terbaru pasca update dgn penukaran rail point. 1 kali digagalkan oleh aplikasi ketika pembayaran (pembayaran gagal). 1 kali pesen lagi digagalkan karena waktu dianggap habis, padahal satset waktu masih 6 menit. pesen berikutnya tidak ada page penukaran rail point, hanya sekelebat lewat, diulangi pun tetap sama, akhirnya lanjut saja tanpa reduksi/penukaran rail point, dan pembayaran berhasil. update atau perbaikan yang aneh.",3
good job,5
"pelayanan semakin baik, luar biasa.. railfood di aplikasi terkadang tida bisa saat kita sudah jalan di dalam kereta juga",4
semoga kita dilayani oleh kai dgn baik,2
sangat bermanfaat,5
"Selasa , 20 Januari 2026 sayaa peesan tiket kereta Pasar Senin - Garut waktu itu arah balik (Garut - jakarta) saya pesan lewat apk sodara saya bisa, lantas kenapa hari ini istri saya ga bisa/tidak di perbolehkan menaiki kereta di karenakan KTP tikket dan penumpang tidak sesuai, padahal istri saya sudah menunjukkan bukti chat dan ss tiket kereta. saya tidak tau bahwa ada peraturan harus nunjukin KTP, di Garut tidak seperti itu soalnya dan sekarang 63k lenyap , tidak ada solusi dari pihak KAI nya",1
pelayanan sangat baik,5
tidak bisa untuk vivo v15 padahal android 11,1
"sisa token hangus, dan biaya adm untuk top up 6500 rp. cukup mahal tolong diperbaiki agar lebih aman dan ekonomis.",1
"untuk Android versi 11 , di hp vivo v15 saya tidak bisa diinstall lewat google play store (aplikasi tersebut mungkin tidak berjalan di hp anda). mohon segera bisa diperbaiki",3
apknya sudah tidak bisa di gunakan dan lebih ke gak bisa di download,1
baik,5
Good ..,5
"kecewa bgt ditgl 19 januari 2026, khususnya dikota pekalongan jateng, naik Harina yg memutar ke arah selatan tdk lewat di kota pekalongan, tanpa ada informasi via online, tau² nyampe stasiun disuruh batalin aja, tak tolak karna aku dg istri yg lagi hamil akhir nya nekat dan dikasih kebijakan olh staff dititipin ke kereta lain (airlangga)",1
"akhir akhir ini app ini sering nge bug, saya pesan, tinggal bayar tiba2 loadingnya lamaa bngt, dan gagal, dan ketika pesan lagi, ada alert Anda tidak bisa pesan di jadwal yg sama, padahal saya gagal pesan sebelumnya",4
"tolong lah min saya mau ganti kata sandi karena lupa kok malah di persulit ya, katanya di kirim ke email tapi saya tungguin malah gak ada notif muncul di email, tolong lah",1
"aplikasi ga lengkap kereta masa di sumatra utara cuma beberapa , ga ada stasiun medan",1
Mantul,5
Baik,4
Bagaimana caranya mengatasi top up KAIPAY belum masuk ke saldo? serius nanyak top up pertama 2jt masuk top up kedua 703belum masok sampai sekarang sudah 1x24jam,4
ok langganan yg mengasikan,4
beli token kode nya dimana? diriwayat gak ada,1
"udah topupnya kena charge, saldo tersisa kepotong 2rb lagi.",1
akses nya begitu mudah,5
"ini saya batal Krn banjir tapi kok dipotong 25% ya. di beritakan dikembalikan 100%, mohon konfirmasi nya. terima kasih",5
"cust service slowres, kai pay lambat utk upload saldo terima kasih",2
"mau batalin tiket aja harus pake rekening sendiri,kalo yg mesen anak 18 taun kebawah gimana??,di stasiun kecil juga nggk bisa di batalin harus ke stasiun besar,tambah ruwet aja apk KAI....",1
Mantab,5
"sangat membantu sekali untuk pembelian tiket kereta, makin mudah",5
bug/error sudah banyak yang diperbaiki,5
Good,5
ok jos,5
tolong tambah metode pembayaran melalui alfa ataupun indo,2
"saya buka apk KAI acces tapi dsruh upgrade tapi pas mau d upgrade kok ktnya apk ini tidak kompatibel dengan perangkat saya. tolong saya minta solusinya, karna bulan depan saya mau pesan tiket. terimakasih 🙏",4
mantap pool,5
"nyesel banget sama ini aplikasi sangat repot ,tidak mudah di mengerti hapus aja ini aplikasi, saya sudah kehilangan 200+ uang semoga tidak ada yang seperti saya",1
tolong dong deplover kai ini saya gk bisa download access by kai tolong dong di perbaiki,1
bagus sangat membantu,5
bagus,5
tolong segera di update untuk posisi real-time KA nya bagi para calon penumpang yang sedang menunggu di stasiun. apalagi saat KA mengalami keterlambatan baik petugas maupun penumpang tidak tahu estimasi waktu kedatangan KA karena terjadi keterlambatan dan update posisi KA nya.,1
"Setelah pilih pembayaran, apk keluar sendiri langsung beralih ke google play (di layar tampil seperti setelah proses updating apk). Pencet/pilih tombol BUKA maka akan masuk kembali ke apk kai access. Sudah berkali² ikuti saran dr admin kai tetapi tidak ada perubahan. Entahlah, apakah ada settingan hp yang salah atau apk yang masalah. Padahal dulu tidak begini.",2
termuter doang,1
bagus,5
"I Used to book from KAi acces, but now the app's always crash and almost unusable. please fix the app.",4
saya ketinggalan pesawat grgr keretanya telat sampai tujuan😭,1
min tolong dong cari kerjasama asuransi yg lain yg proses claim sama refund cepet.,5
cepat dan lebih mudah untuk top up pembayaran,5
sangat baik cepat,5
"Terima kasih atas segala respon baik nya... smoga mkin sukses dan respon terhadap segala keluhan konsumen. ..................... top markotop...,..........",5
keren,5
bagus,5
Update nya bukan menjadi baik malah jd buruk masa iya tiap mau buka harus login lagi pun makin ribet gak kyk patch terdahulu yang simple dan bagus.,4
"Udah ada delay karena banjir lebih dari 15 jam masih belum memberikan kepastian kereta rute ke Semarang batal atau tidak, ngasih notif mepet jam 8 malam. Travel sudah lewat jadwal keberangkatan, bus habis2 an. Kenapa komunikasi kalian minus sekali dan lemot untuk pemberitahuan penting. Jangan nunggu closingan kerjaan baru blast notif pembatalan sepihak. pembatalan rute ya harusnya 15 jam sebelum karena sudah ada kereta yang delay 24 jam lebih.Rusak semua jadwal pekerjaan karena telat kepastian",1
suka,5
good,5
ada perbaikan mantap KAI,5
good,5
mantap,5
"Untuk KA komuter jabodetabek mohon kiranya bisa ada tiket terusan untuk relasi Rangkasbitung-Merak,jadi bisa kecil kemungkinan kehabisan tiket Rangkasbitung-Merak",4
"Saya sudah beberapa kali mengalami delay keberangkatan. Saya udah muak harus menunggu, seharusnya kan bisa dikabari lewat aplikasi kalau kereta delay. Apalagi yang ini delay 4 jam hampir aja ga dapat tiket kereta untuk kembali ke semarang. Tolong dong yang becus kalau kerja, kalau ga bisa lewat aplikasi kan bisa usaha kirim info keterlambatan melalui email.",1
bagus manyus,5
good,5
kemudahan dlm akses tiket KAI bagi kita pekerja di luar daerah,5
terima kasih,5
aplisaki yang bermanfaat..,5
keren,5
simpleks,5
ga update disaat banjir kayak gini,1
sangat mudah untuk semua aktivitas,5
mudah dan cepat,5
akhir akhir ini selalu mengalamai keterlambatan,1
"layanan sangat dimudahkan, terimakasih",5
Oke,5
jos,5
"Jelek aplikasinua, ngga bisa mesen makanan. Pelayanan pas di kereta nya juga jelek. Tidak ramah petugasnya.",1
"hanya org ""Khusus "" yg punya akses lancar",1
"Jadi ribet sekali beli tiket kereta. mengapa tidak langsung kerja sama dengan bank bank BRI, Mandiri dll. tidak harus lewat aplikasi ini itu dll",1
"pengembalian dana sangat2 lama , pdhl jaman makin canggih dan serba cepat , entah uang nya diputar dulu untuk apa ini kapok dah pokoknya",2
mantap,5
"Dear KAI, Mohon untuk ditambahkan lebih dari 4 kursi, karena untuk keluarga saya total yang dewasa ada 5 orang, terimakasih atas perhatiannya",2
baik,5
"bagus dan sangat membantu tapi tolong maps tracknya dibenerin lagi, masi sering gabisa liat tracking pas diperjalanan.",3
oke,5
"untuk kejadian hari ini, kereta dibatalkan sepihak oleh KAI karena Cuaca yang meny3bab kan banjir. tapi kenapa harus menunggu lama untuk di infokan, kenapa di lapangan tidak ada p3ngecekan l3bih dulu, dan sistem pengembalian nya diloket s3marang tawang, antri panjang. BUANG BUANG WAKTU, gaada sistem lain? ngawur waktu orang dibuang buang..... mikir Kids",1
memudahkan pembelian tiket,5
"aplikasi rouwet, mau pesan tiket cannat cannot terus",2
"Bagus, tingkatkan",5
Apk aneh susah di kasesnya padahal udah bayar tapi tiketnya gak ada,1
ok,5
ok,5
bagus cukup,4
booking selalu failed. aplikasi busuk !!! mau pesan railfod eror.,1
good operasional,5
gimana si pelayanan kai dari tadi suami saya belom berangkat berangkat,2
"aplikasi,bantuan layanan sebenarnya udh bagus.. tapi kenapa iyyhh selalu jayakarta iyyh kereta nya selaluu gak pernah beress.. dari kantinnya,kmar mandi nya, trus yang terakhir harusnya kursi hadap ke arah depan ini malah berbalikk loo mundurr.. laa Malah kaget lagggiii smaa kereta satu inii.. atau krna lebih murah? sby jkt 400 500 an. naik jayakarta 390. dddddduuuuuhh kapok naik kereta ni",1
aplikasi ini sangat mendukung banget,5
"seharusnya APK KAI membatasi berapa org yg naik di setiap pemberangkatan kereta, jika jumlah org yg membeli tiket sudah sesuai dgn jumlah kursi maka tutup saja pembelian tiketnya pada jam itu, ini banyak pemberitahuan ""bordes bukan tempat penumpang"" tapi jumlah org yg naik melebihi kapasitas hingga sampai bordes penuh, gimana sih.",1
perdana go show alhamdulillah dapat,5
"upgrade member basic susahh polll, mau pesen tiket jd ribet",4
memudahkan sekali,5
"Luar biasa,, mudahnya pesan tiket KAI via Access KAI",5
kenapa tak bisa di install ya,5
mempermudah cek ketersediaan kereta dan pembelian tiket,5
sangat membantu,5
Mantap,5
sangan membantu buat,5
"kereta sering delay, delaynya pun lama. kalo saja swasta yang ngelola pasti ga gini",1
"sangat membantu, valid",5
keren kai,5
Rute Macet Kejebak Banjir Tolong Jangan Dibuka Nyusahin Orang ajj,1
sangat membantu,5
mudah proses cancel tiket,5
dipermudah untuk pembatalan tiket,5
"Aplikasi ini bagus, mempermudah, cuman masih ada bug unfuk railfood saya mau pesen rail food, yang dimana saya sudah dalam perjalanan(kereta berjalan), tetapi masih dianggap belum dalam perjalanan,jadi saya tidak bisa pesan. mohon diperbaik",3
baik,5
"Saya sangat kecewa aplikasi lemot, dan tiket kereta lokal Doho atau Penataran selalu habis bila pesan h-1 atau h-2. padahal dikesempatan lain saat saya dapat tiket keretanya. begitu saya naik kursinya tidak pernah penuh, selalu ada kursi kosong dan itu sangat banyak.",1
oke,5
"sialan ternyata ada update. gara-gara ini jadi dobel pembelian pas bayar pake OVO. Pas bayar apke OVO, statusnya gagal. Pas buka notif OVO, muncul pop up message aplikasi error. Ya kirain kan gagal ya. Akhirnya beli lagi pake QRIS. TERNYATA PAS CEK MENU TIKET SAYA, ADA 2 TIKET SAMA. BERARTI KAN PEMBELIAN PERTAMA SESUNGGUHNYA SUKSES 😡😡😡😡😡 Anjir jadi rugi. komplain via wa pun balasnya lama banget",1
oke,5
"gabisa di hp saya, ga mendukung kay",1
bagus praktis,5
mudah2an apknya jangan terlalu sering diupdate kasian bagi para org menengah bawah yg hpnya bisa tiba2 tdk support karena update aplikasi,2
keren dan cepat,5
"Saya ingin memberi masukan terkait UI/UX Access by KAI Untuk tampilan waktu pemilihan kursi, alangkah lebih baik jika kursi no 1 & 2 diberi warna yang berbeda untuk menunjukkan bahwa kursi tersebut kursi prioritas. Agar orang yang perjalanannya jauh bisa menghindari memilih kursi tersebut. Karena pada dasarnya tidak semua orang aware akan informasi tersebut. Semua orang juga ingin dapat tempat duduk yang nyaman tanpa tidak sadar kalo yang diambil ternyata kursi prioritas.",4
ok,5
baik,5
"lemot banget, cara buat pesan ribet. sulit",1
"kepada KAI,terlat 15 menit masih mending telat hampir 2 jam pemalang semarang harusnya 5.31 wib udah sampe stasiun ini sampe sekarang belum sampe juga",1
"kalau pembatalan harus lari ke stasiun dulu, apa gunanya beli tiket di aplikasi",1
njr ngelag🗿,3
aplikasi dongo ah oon kesel gua cacat ni aplikasi,1
Kalender hari Libur yang ditampilkan ngaco banyak merugikan saat plan pembelian Tiket dan ternyata aplikasi damri bahkan lebih canggih bisa update bila sudah mendekati tanggal tempo keberangkatan,1
luar biasa,5
mantap,5
gak paham saya sama sistem reschedulenya. masa harus beda kereta yang harganya juga beda? jadinya harus cancel tiket kalau mau ganti jadwal mana refundnya lama banget lagi gak ada kejelasan. mengecewakan banget,1
sangat membantu,5
mantap,5
cepat proses pembatalan nya..Trimakasih KAI,5
ok banget,5
"Tolong kepada PT.KAI Divre 2 Sumatera Barat khususnya pada rangkaian kereta lokal Pariaman Express tiadakan tiket berdiri, jika semisal tiket duduk sudah habis baik lewat aplikasi kai access maupun beli langsung di loket maka kami sebagai masyarakat sangat berharap KAI jangan mencari keuntungan lagi dengan ""tetap menyediakan tiket berdiri"" lalu tolong menurut saya sudah saatnya untuk Divre 2 Sumatera Barat sediakan setidaknya satu gerbong kereta kelas eksekutif yang memakai kursi tunggal",3
"PADAHAL HARGA KERETA UDAH NAIK, TAPI APLIKASI MASIH SUSAH DIAKSES, SERING BGT ENGGAK BISA MEMESAN CUMA BISA LIAT KUERSINYA AJA .",1
mantap,5
terimakasih,5
"Bagus, Mudah dan Cepat",5
Di coba kasih 3 dulu..,5
"mungkin fitur semua udah sangat lengkap, yang harus di lengkapi sistem pembayaran tambahkan dong pihak Access by KAI untuk ada aplikasi DANA untuk pembayaran E-wallet saya mohon update untuk mempermudah akses moda transportasi bagi masyarakat demi keamanan dan kenyamanan penumpang,dan fitur keamanan saya mohon di perketat ke depannya,perbanyak dong pihak kai di aplikasi metode pembayaran di e-wallet masa enggak ada aplikasi dana heran saja",5
Sangat terpercaya,5
ok,5
"kenapa untuk dewasa sekarang hanya dibatasi 4 kursi, padahal dahulu bisa pesan 5 kursi? mohon untuk ditambahkan kursi lagi,supaya tidak ribet saat war tiket, Terimakasih atas perhatiannya",2
sangat memudahkan untuk pembelian tiket,5
mau download KAI ACCESS gabisa harus ganti hp segala,1
sangat membantu,5
Terima kasih PT KAI pelayanan semakin baik 🤗,5
Memudahkan proses pembelian tiket,5
"untuk sekarang proses pembatalan sangat d persulit, tdk bisa pake e wallet, hrs menggunakan rekening bank atas nama penumpang yg akan d batalkan dan hrs menggunakan kode otp yg dikirim k gmail atau no wa yg terdaftar d aplikasi, dan yg paling membingungkan d saat memasukan kode otp selalu gagal dan ada keterangan otp not valid, pdhal kode otp yg masukan udh betul, sy mencoba puluhan kali selalu gagal terus saat memasukan kode otp.",1
kebanyakan potongan .trnsaksi di rek kepotong di akun kai nya di potong hampir 3rb. jangan pake apk ini nyesel anda,1
good,5
Good,5
mantap simple,3
ya bagus,4
kren,5
ruwet koyok Taek,1
Kenapa harus up date aplikasi terus sih? HP aku katanya udah nggak kompatible lagi? Masa sih kudu beli HP baru,1
"sistem lebih lancar, mudah digunakan",5
sangat membantu,5
"aplikasih sangat mèmbantu,tanpa antri,kren",5
mantapp invosai,5
Terimakasih aplikasinya sangat mudah dan sangat membantu🙏🏻🙏🏻🙏🏻,5
tolong untuk rute Semarang - terisi ditambah lagi armadanya. terima kasih,5
"kenapa saya tidak bisa mendonwload apk ini malah tertera ""aplikasi ini tidak berfungsi untuk perangkatmu"" maksudnya apa kek gitu",1
sangat 👍,5
jadwal KRL nya terlambat,1
aplikasi sangat membantunya,5
Ok.mksh,5
kenapa gak bisa di instal di hp saya,2
sangat membantu beraktivitas jauh,5
server nya eror terus tiket masih ada tapi gabisa di pesen,2
aneh deh jelas jelas pesen dari kota A pas tiket udah di bayar keberangkatan nya kebalik keberangkatan dari kota tujuan kocak nyesel mana ga bisa cancel,1
Okee,5
top,5
kok Kai acces saya ga bisa di buka..,1
bagus,5
mantab,5
"apalah metode pembayaran qris suja down qris sering g muncul, mohom diperbaiki",3
sayang tidak compatible dengan HP tecno camon pro 40 5G pada update terakhir,3
membantu bgd buat beli tiket lokal😍,5
bug,2
ok,5
mudah dan sangat bagus,5
"ga ada solusi sama sekali ketika apknya eror ,untuk pelayanan stasiun cimahi diperbaiki lagi ,biar bisa ngasih solusi yang bijak ketika apk eror dalam pembelian tiketnya,bukanya suruh nunggu pembelian berikutnya yang harus kita tunggu 2 jam lagi.",1
cepat dan dapat tiket. thanks KAI.,5
kenapa tidak menambahkan kartu atm ke kai acces akses selalu Salah melulu harap di perbaiki,1
"Utk menu komuter, waktu create tiket tidak ada pilihan BNI city. ketika sudah pesan tiket lalu mau ubah atau edit, tidak ada pilihan sudirman dan BNI city. mohon ditambahkan.",3
aplikasi nya sangat membantu tolong dong beri tanda hadap kursi nya,5
sangat mudah sekali layanan makin mantap,5
"Aplikasi Tolol, Penipuan Parah.. Aku Topup Buat Naik Kereta Tapi Saat Mau Gunakan Saldo Minta Nomor Pin Gak Pernah Bisa.. Mau Tarik Saldo Lagi Gak Bisa..",1
sangat tepat waktu,5
biyaya adminnya GK kira kira,1
gabisa daftar nya,1
ok,5
"pas cek beberapa tiket kereta jarak jauh kok dibatasi 6 kali sehari ya? malah jadi susah kalo mau booking nya, tolong jangan dibatasin ya",3
aplikasi tidak komptable dengan prangkat saya s721B,1
mudah dan cepat,5
Salut ... Selalu tepat waktu,5
"hari nya sama, tapi Jam nya beda, rute perjalanan juga beda, knp gak bisa boking tiket..? bintang 5 ..? pikir² deh..",1
toilet KAI 403 rusak gak keluar air cek sekarang coba.. oe hallo,5
"tolong untuk petugas di dalam gerbong kereta pangrango , beri teguran pada penumpang yg nonton vidio di hp dengan suara kencang dan anak"" yg bermain di gerbong. sayang fasilitas dan pelayanan sudah sangat baik tapi banyak penumpang yg egois . kalau mau gunain hp minimal pake headset biar gk ganggu penumpang yg lain. kalau mau bebas pakai kendaraan sendiri. budayakan menghargai sesama penumpang .",5
bagus,5
"mudah, nyaman",5
"Tolong dong development KAI ACCSESS. Tolong maksimalkan semua fungsi menu yang di sediakan. PENGAJUAN PEMBATALAN Secara Online masa gk bisa. Kok ribet. Sudah di hubungi via e-mail pun respon tidak memberikan solusi. Tahun 2026 loh ini. Harusnya bukan hal ribet melakukan pembatalan online. Haduh. Tolonglah bekerja dengan baik. Kalau aplikasi bagus, pengguna jasa juga pasti setia. Maaf rat 1. Saya pengguna KAI dari 2019. Saya kecewa banget.",1
memberikan kemudahan dalam penggunaannya...,5
akses susah sulit banget .. jadwal tidak kluar di aplikasi,1
saya coba rubah tetap tidak bisa yang padahal keterangan selambat lambatnya 2 jam sebelum keberangkatan.,1
"Utk pengguna KA wajib pakai aplikasi ini, saran utk utk KAI agar biaya pembatalan maks 10%",5
cukup membantu,5
bagus,5
"Pesen berulang gak bisa kya dlu, pasti dblokir dsruh nunggu, jadi gak bisa ikut ngewar tiket pas peak season, kalah ma agen2 tiket.",3
"Kasih bintang 5 karena sejauh ini Access by KAI adalah aplikasi transportasi publik terbaik di Indonesia. Harapan saya ke depannya, semoga KAI terus konsisten meningkatkan layanan, baik dari segi fasilitas di gerbong maupun ketepatan waktu yang sudah sangat baik saat ini.",5
potongannya gede banget padahal masih 4 hari lagi,4
APLIKASINYA TIAP HARI ERROR TERUS...GIMANA NIH ....MUSTI DELETE DULU INSTAL LAGI...BEGITU TERUS,5
"kenapa menu jadwal sholat dihilangkan, padahal sangat membantu perjalanan jarak jauh kok malah mementingkan duniawi daripada ibadah",3
susah untuk pencet tombol tambahkan sebagai penumpang nggak berfungsi ...😡😡😡😡😡,1
mantaff,5
ok,5
terpercaya,5
ok bgt kai skrg,5
maaf sementara reviewenya segini dulu karena saya selalu gagal download bukti bayar. kerepotan untuk bukti pembayaran ke kantor untuk perjalanan dinas.,3
mudah dan sangat membantu,5
bagus,5
"permudahkan aku isi saldo lewat retail ya, taktambahi bintang 5",5
"saya pengguna aktif kai access, sekarang saya tidak bisa menggunakan kai access dikarenakan handphone tidak kompatible,apa iya harus ganti hp baru bs menggunakan aplikasi ini padahal ini aplikasi membantu sekali.. tolonglah kembalikan ke syarat minimal hp yg bs menggunakan aplikasi ini.",1
mnurut sya sangat bagus dan membantu sih apk ini.. cuman belum boom aja aplikasinya.. supaya boom dan pengguna nya bisa lebih banyak perlu dipromosikan dan lebih ditingkatkan lagi fitur2 nya untuk kedepannya..,5
"bagus, sangat membantu",5
udah dupdate malah lemot gimana si,1
"""cannot booking more than 15 booking per day"" belum juga dapat tiket, berulang kali pemesanan kadaluarsa (gagal). di coba berulang2 terus muncul tulisan diatas. kecewa",1
"kecewa pollll, gara² tulisan not available terus menerus jadi kehabisan tempat duduk terus sengaja nge war jam 12 malam tetep aja nggak kebagian tempat duduk",1
tidak melayani dengan baik aplikasi mu busuk,1
Loading terlalu lama membuat ketinggalan war tiket,1
"naik kereta api antar kota sangat menyenangkan pelayanan baik,perawatan bagus,perjalanan tepat waktu,pasilitas baik juga keren dah",5
"Masa saya udah berkali kali mau ke member basic biar bisa pesen tiket ga bisa"" terus, udah capee makanya uninstal",2
BODO SEKALI INI APLIKASI. SAYA TOP UP KAI PAY TAPU SETIAP TOP UP SELALU DI POTONG 2000.,1
Pesan tiket lebih mudah dan aman,5
ok,5
timer aplikasi terlalu cepat,4
good job,5
TOP,5
ok,5
semakin di update semakin repot,1
"BIAYA ADMIN bisa LEBIH MAHAL LAGI ga. MISAL TF 10K, BIAYA ADMINNYA 7K.",1
"mantab,respon cepat,progres cepat",5
sangat2 membantuuuuu👍👍👍👍👍👍,5
mantap,5
lebih mudah menggunakan aplikasi.. 👍🏻👍🏻,5
"Aplikasinya sering eror... Time out terus, harusnya bisa mempermudah tp kok malah bikin susah, tolong dong diperbaiki",5
adminnya smpe 3 rb mahal bgttttt... isi 10 rb masuknya cm 7 rb ..gila ..kalah sm yg lain yg gada admin or cuma 1 rb,1
trimakasih,4
"Maaf, knapa Acces Kai ga bisa dibuka di hp saya ?",3
tombol tambahkan sebagai penumpang nya di permudah,1
Sipppzzzt🤩,5
sangat mengecewakan perubahan jadwal tidak ada pengembalian dana selisih!,1
mantep,5
alat tranportasi terbaik.murah nyaman,5
ok,5
"tolong ini kenapa tiba tiba gabisa dibuka, saya mau cetak e boarding pass dibilang aplikasi tidak kompatibel, ini gimana setengah jam lagi berangkat",1
sangat membantu sekali keren Access,5
baik',5
puas,5
sangat baik dan ok,5
minimal versi Android berapa sih . ko di versi Android 12 gak bisa,1
"Satu kekurangan, kenapa dalam 1 device atau 1 akun kai access dalam pembelian tiket KA lokal hanya bisa 4 penumpang saja bagaimana jika ada penumpang membawa 1 keluarga yang beranggotakan 6 orang tetapi hanya mempunyai 1 device/hp berarti 2 orang harus beli tiket secara offline begitu ? tolong kembalikan lagi fitur yang dimana 1 hp itu bisa membeli lebih dari 4 penumpang dalam 1 kali pembelian",4
"bagus, memudahkan memesan tiket",5
gabisa login padahal email sama pswd udah bener,4
aplikasi eror apa gimana? masa gak ada muncul tujuan kereta h-2 hari pesan. mahal mahal pula 400k ke atas,1
Bintang 3 buat customer service nya dalam antrean mulu padahal udah nunggu 3 jam,3
sangat bagus,5
tolong dperbaiki di fitur transfer tiket tidak bisa terhubung dengan data penumpang lainnya,4
mudah bangetttt,5
jos,5
service baik,5
KAI IS THE BEST,5
"Negara hadir karna adanya masyarakat didalamnya,, buat terobosan KAI, tambah kereta saat mudik lebaran tambah gerbong, tambah jam pemberangkatan,, masuk system KAI aza gk bisa palagi dapat tiket lebaran, kecewa gw udah gAdang 2 mlem blesanya Kya gini, mikir KAI Mikir BUMN, apa sengaja d setting ini hah buat golongan tertentu yg bisa acces bisa beli,, tak mengedepankan KEBERADILAN.",3
puas,5
terbaik,3
"sering error dan harus uninstall terus""an dan terlalu sering update, dan apk tidak bisa digunakan jika belum update jika keadaan genting itu sangat merepotkan",1
"Aplikasinya tiba-tiba tidak dapat berfungsi dan force close terus menerus, setelah diliat ternyata aplikasinya malah tidak mendukung perangkat saya, padahal hp saya terbilang baru dengan versi android 13. Tolong berbenah lagi, padahal seminggu yang lalu aplikasinya masih bisa saya buka 👎🏻",1
bagus banget ngebantu buat pesen tiket gampang banget dipake bisa direfund juga semisal ga jadi berangkat walaupun ga kembali 100% uangnya kalo direfund tapi it's okay good,5
perjalanan menyenangkan,5
"perangkat tidak kompatibel dengan android 12,kecewa gak segera update, padahal sudah booking jadwal keberangkatan tapi harus tanya ke admin cs untuk comuter lokal",1
lumyan baik,2
keren...,5
Agak error kalau pesan app,3
baik,5
"masih ada bug ini masa tiket tidak ada sih, pas saya pake fitur lihat tiket kosong juga gk muncul, tolong di perbaiki lagi aplikasinya",1
mantap,4
"Aplikasi terbaik dari pesan tiket, reschedule tiket, refund tiket semuanya sudah saya coba dan aman tidak ada banyak drama nya... Semoga selalu seperti ini pelayana digital PT. KAI",5
"Terima kasih KAI,selalu puas pakai KAI ,",5
kenapa tidak berfungsi di redmi note 12 4g nfc?,3
"Mohon nomor kursi otomatis dihilangkan (nomor 1). Dalam kondisi buru-buru, pernah satu kali dapat nomor kursi 1. Untuk pindah nomor kursi, kena biaya admin 25% harga tiket. Padahal kursi masih banyak kosong.",4
Alhamdulillah aplikasi yang sangat membantu untuk mempermudah pembelian tiket.....👍,5
membantu dengan aplikasi ini,5
ok.. mantap,5
sangat puas,5
gak bisa instal,5
Kereta adalah alat transportasi paling favorit....kereen dan mantap...sudah ga pernah bawa mobil lagi kemanapun bye KAI,5
saya berharap untuk metode pembayaran e-wallet bisa di tambah lagi seperti contoh dana dll,3
"nyaman, aman, tepat waktu ...",5
sangat mudah pemesanan nya,5
aplikasinya sngt membantu,5
oke,5
Baik,5
sering eror,4
terbaik,5
amazin,5
oke bngt,5
sangat bagus layanan untuk memesan tiket kereta terimakasih access by KAI,5
Ok Banget,5
oke,5
"Terima kasih, KAI benar - benar hebat layanan nya Cepat dan mudah",5
bagus,5
jelek harus di update terus,2
"Aplikasinya bagus sekali, sukses KAI",5
sangat nyaman,5
baik,5
pokok'Ok,5
Aplikasinya keren dan mudah digunakan.,5
ok baik,5
SERING MINTA UPDATE,3
bagus,4
aplikasi keren dan sangat membantu dalam perjalanan dan simpel dalam penggunaan.,5
"pas mau diupdate kok malah prangkatnya tidak kompatibel, sayang sekali padahal dulu bisa pakai semua perangkat sekarang tidak bisa lagi",1
tolong perbaiki aplikasinya gampang nge bug saat pemesanan tiket,3
Baik,5
"Kami berdua awal bulan Juli 2024 naik kereta api dari Jkt ke Semarang , dalam perjalanan suami merasa nggak enak badan , badan panas , menggigil , waktu itu juga team kesehatan gerak cepat diambilkan tambahan selimut , sampai di stasiun cirebon ada team Dr yg ngecek dan langsung dapat obat sehingga Puji Tuhan sampai di Semarang sudah sehat kembali , terima kasih atas perhatiannya 🙏",5
pelayanan nya bagus,5
"selama menggunakan apk ini baguss banyak promo, namun tdi siang saat saya mau buka apk nya, tidak bisa selalu keluar dan ada notifikasi jika apk berbahaya dan harus dinonaktifkan lalu saya nonaktifkan, setelah itu masih tidak bisa di buka lalu saya cb uninstal niatnya biar saya instal lagi kalu aja bisa, tapi ternyata tampilannya tidak dapat di instal, kira kira kenapa ya KAI?? 😔",4
sangt membantu buat sya yg sering ke luar kota,5
"aplikasi ga jelas, disuruh jd member basic biar bisa pesan tiket di aplikasi. sudah isi data, verifikasi otp ke email jg sudah berhasil, balik ke profil lagi malah ga berubah, malah disuruh jdi member basic lagi dan gagal terus",1
"susah buat masuk ,pdhal dh didownload dn akunnya dh bener,,tp knpa yh,,agk ribet buat orng awam sprti sya,dh keluar masuk ttp GK bisa ,pdhal mau psen",2
sangat membantu perjalanan. namun.! saat saya melakukan refond tiket kereta sangatlah lama untuk di lakukan pencairan. di koreksi lagi agar lebih bagus lagi kualitas layanan online nya.,5
sangat membantu,5
"pelayan semakin mudah, bagus dan memuaskan",5
Mantap,5
mantap,5
"sangat bagus, mempermudah transaksi",5
ribet....gak flexsibel..pendaftaran penumoang anak2 kalo mendadak ribet..,1
"KAI mantap, dngn Apk ini jadi memudahkan trànsaksi",5
semakin melayani,5
"Setiap mau upgrade ke member BASIC,kendalanya selalu stuck saat setelah memasukan kode verif dari gmail. mohon update Bug tersebut... karena gk bisa upgrade ke member BASIC...",1
aplikasi nya sangat membantu untuk memudahkan pelanggan dalam menempuh perjalanan jauh... terimakasih KAI,5
Mantap,5
rekomendet sangat,5
ok,5
👍🏽,5
oke,5
"waktu perjalanan kebanyakan berhenti jadi sampenya telat,",3
😭🐢🐢🐢🐢😭,4
banyakin promo yaa,5
"sngt manfaat karena lebih ekonomis untuk biaya perjalanan, kereta nya bersih dan nyaman",5
baik,5
mantap,5
sangat membantu banget. jadi mempermudah dalam pembelian tiket. tapi kenapa sering beberapa kali tidak bisa di akses?,4
bagus,5
"aneh banget nih aplikasi, kemarin bisa dibuka sekarang pembaharuan malah enggak bisa dibuka, bukannya makin Bagus malah makin jelek aja, padahal saya butuh banget Tiket KA dlm waktu dekat, tolong diganti Karyawan bagian IT, lulusan mana sih itu",1
mantab,5
Mantap 👍,5
tidak bisa pakek apk aneh,1
gercep,5
ok,5
tidak bisa memesan tiket.. kocak,1
"Aku sudah bayar pembelian tiket melalui qris, waktu masuk lagi ke aplikasi kai access malah dianggap belom bayar, dan masih ada di kolom menunggu, padahal sudah jelas di akun bca ku udah terbayar lunas sesuai harga tiket,dan sekarang uang aku udah hangus karena tiketnya belom muncul sampe sekarang, TOLONG SOLUSINYA!",5
apk taik gak bisa lihat keberangkatan di sekitar padang,1
the best,5
ok,5
bagus,5
👍👍,5
pelayanan sangat cepat dan baik,5
potongan admin untuk top up nya terlalu gede,5
"overall bagusan app yg sebelum update, yg setelah update banyak kendala.. tiket 30 menit sebelum jadwal keberangkatan suka gak ada, plus mau liat kereta yg udah soldout tiketnya juga kadang error (kaga bisa dilihat😌)",1
tooop,5
kok ngga kompatibel padahal android 12,1
aplikasi tidak bisa buat pembatalan disaat genting.,3
baik,4
Banyak bgt bugnya min... Tolong diperbaiki lagi verifikasi OTP loading terus,1
👍👍👍,5
nyaman dan cepat,5
aneh sekali.padahal belum pernah masuk apk ini begitu coba mendaftar jadi member malah ngak bisa karena id ada yang pakai ....kok bisa ya id ada yang pakai padahal belum sama sekali masuk apk ini,1
bagus keren pertahankan,5
"keren,sangat mudah",5
ok,5
aku nggak bisa dowload apk ini gimna donggg,5
bagus,5
"ini gimana gw udh mau dftr ke basic udh isi data trs krim kode otp ke email mlh gagal terus kocakk ,eror apa ada buggg pdhl udh coba apus aplikasi nya lgi trs coba lgi sama aja",1
kebanyakan update aplikasi,3
"sebener bagus, dan harga jg bagus, namun apk nya tdk bagus sering lag dan hilang koneksi, sekelas KAI aplikasi nya kalah sama game online yg jarang sekali lag,",2
"kenapa proses pembatalan tiket tidak tersedia dimenu tiket saya, setelah up date.",3
"tolong dong pihak KAI, Untuk tiket lebaran di buka transparan via aplikasi KAI ACCES, jangan main lempar ke pihak agen travel, masa di aplikasi kai belum di buka tapi di pihak agen travel udah bisa di beli, semoga pihak kai menindak para tim kai yang nakal 👎👎👎👎",1
keren,5
top,5
cepat n mudah,5
memudahkan,5
pelayanan ramah,5
"saya pengguna kai by access sudah bertahun-tahun, kenapa ketika ada update harus update dulu baru bisa dibuka tetapi setelah sudah update ketika buka apk selalu nutup sendiri, saya ulang2 buka lagi selalu nutup sendiri, sudah saya uninstal dan download ulang tapi tetap saja ketika dibuka selalu langsung menutup sendiri, terus kita sebagai pengguna harus bagaimana?saran saya LEBIH BAIK TIDAK USAH ADA UPDATE DARIPADA MALAH MENYUSAHKAN PENGGUNA terus mau minta rating berapa untuk kasus seperti ini?",1
sagat membantu,1
bagus,4
bagus,5
mau update kok ga bisa yaaaa ??,1
"potongan pembatalan terlalu mahal,masa sampe 25% gilaaa2",2
sangat bermanfaat dan simpel,5
"sesi terlalu cepat,, pesanan belum selesai sesi sudah habis",3
bagus,5
mempermudah pesen tiket KAI,5
mantap,5
mantap,5
aplikasi yg sangat membantu kemudahan membeli tiket. mudah cepat dan praktis,5
"tolong dong di perbaiki lagi sistem nya,masa top up kartu di kai acess,saldo udh ke potong,tapi saldo GK ada masuk ke kartu nya,terpaksa nyampe stasiun ngisi lagi",1
murah meriah bisa ngajak tetangga 1RT,5
aplikasi terlalu kemot,3
baik,5
sangat membutuhkan,4
Applikasi yang sangat baik utk rencana perjalanan dgn kereta api. ❤️❤️,5
"mohon di bantu pada waktu memasukan kode otp, member basic loading terus tidak sukses,🙏. trimakasih",2
otp nya susah sekali buat jadi member basic acsess😾👎,1
aplikasi ga jelas UI membingungkan,1
bagimana cr untuk aplikasi ini bisa berfungsi kembali krena mau donlod dlm hp gk bisa perqngkt hpnya,4
sangat membantu...,5
"aplikasinya belakangan ini sering error ya, masa udah beli tiket gabisa ceta e-boarding pass.. selain itu di aplikasi tiket tersedia, pas input gagal terus",1
👍,4
aplikasi suka eror kalau lagi musim liburan dan tidak ada beli tiket di stasiun langsung kecuali untuk go show. semua lewat aplikasi tapi aplikasi susah untuk akses.,4
harus ganti HP terbaru untuk mengunduh aplikasi ini,4
Aplikasi setelah di update malah tidak dapat pilih kursi penumpang. Mohon segera diperbaiki.,5
Good aplication service,5
"Bagus aplikasi nya bisa telpon tanpa pulsa langsung, dan membantu saya dihubungkan dengan kondekturnya yang ramah dan bisa berbicara dengan anak saya.",5
payah kali buat daftar nya. asik ngulang ngulang aja. macam ngutang awak mau naek kreta api,1
buset jelek banget pelayanan nya isi saldo ke potong iya ke kmt ga masuk dontol dontol. chat cs nunggu nya harus se abad,1
"sumpahhh aplikasi ini bikin gampang buat pesen tiket, ga kayak dulu yang harus antre di stasiun buat beli tiket, sekarang bisa lewat rumah, pokoknya buat mudahh, kalian harus download sihh",5
good,5
good,5
semoga lebih baik lagi pelayanannya,5
"perbaiki pelayanan pengaduan dan sistem pemesanan tiket yang makin lama sering eror, mesen tiket yang masih banyak kursi nya tapi sistem nyuruh nunggu dan gabisa bisa, perbaiki segera.",2
Aplikasi Ini Bagus Banget !,5
oke sip 👍,5
aplikasinya ga bisa dipakai di hp jadul. padahal bertahun2 pakai ini. kalau bisa diturunkan spec nya biar pemakaian lebih luas. kan bisa beli tiket murah juga.,5
"aplikasi tidak bisa dibuka, kenapa ?",4
bagus,5
keren fitur rail point bisa baik kreta gratis,5
Pembatalan nya Ribet mau batalin aja susah bener Lewat Offline juga ribet birokrasi nya sangat ribet,1
bagus,5
"luar biasa.. tidak bertele"""".. langsung",5
apk ga ga jelas masa kode otp udah ada tapi mau di kirm ga bisa masuk loding padahal sinyal bagus apk ga jelass tolong perbaiki,1
"bagus keretanya nyaman generasi terbaru. 😍🥰😘 salah satu pilihanku selalu kereta jaka Tingkir. aman, nyaman, buat bepergian sendiri atau bareng kelurahan.",5
"Susah upgrade ke member basic, chat respon whatsapp lama",1
beli tiket lewat access by KAI lebih mudah,5
mantaf,5
Kenapa gak bisa melakukan transaksi pembayaran menggunakan qris,5
"kenapa sekarang 3 Jan 2026 ngga bisa dibuka padahal hari kemarin 2 Jan 2026 masih bisa buat pesan tiket, data yg masuk ke email hanya kereta antar kota, sedangkan sy pesan juga yg kereta lokal, tp ngga masuk ke email, bagaimana sy bisa mengaksesnya lagi....😥",2
apk buruk sekali eror eror eror terus,1
baguss,5
bagus banget,5
bagis,5
"tolong ini knp aktivasi kai pay nya lama bangett loading nya, udah di coba 2 kali sampai di uinstall trus ganti jaringan tpi tetap aja loading lama banget, tolong ini kenapa yak",1
ok,5
bagus,5
"saran saja, untuk kedepannya tolong adakan fitur download tiket. pengalaman sudah mau tunjukan tiket tapi tampilan aplikasi malah putih, dan juga nggak semua orang punya jaringan internet yang bagus",3
"aplikasi KAI Acces tidak bisa di update di hape Samsung Galaxi A02s, kenapa bisa gitu?",1
bagus,5
refund aja Ribet,1
TOLONG DONG ITU FITUR REFUND TIKET BISA LEWAT E WALLET LAGI. MALAH DI HAPUS KOCAK. GAJELAS KAI MALAH DI ILANGIN!!,1
kenapa update terbaru tidak bisa diperangkat sm a02s,4
keren dn mudah,5
"aplikasi nya sangat berguna, dan memudahkan para pemakainya👍",5
senang jalan jalan bawa keluarga naik kereta,5
mempermudah,5
Sangat mudah pesan tiket KAI,5
bagus,5
tidak jelas,1
good,5
sangat menyenangkan,4
"Jujur kenapa yah aplikasinya udah ga bisa di instal di android 5,6,7 lah kalo hp masih di bawah os 8 harus gimana coba pesan tiket nya kalo ga bisa instal apk nya yg terbaru",1
mantap,5
a good 👍🏻,5
good,5
kenapa sh harus kode otp nya di akun google knpa ga di nmr hp aja sh biar enak ga bulak balik liat ini liat itu dulu bikin pusing aja,1
ok,5
ini knp ga bisa di update,1
mantap,5
Kenapa makin lama makin susah buap pemesanan padahal dulu mudah.jangan di persulit lah untuk pemesananya,5
mau update..malah aplikasiny udh g kompatibel d hp..,1
oke mantab,5
"cuma ada 1 minus. sehari cuma dibatesi 6 booking. kalo dibatesi 6 booking yg sukses & terbayar okelah masuk akal. booking cuma sebatas lihat kursi yg kosong aja udah dihitung 1x booking. kalo udah 6x lihat kursi kosong gabisa booking lagi. tidak semua yg pesan tiket itu langsung oke, bagi kaum mendang-mending itu banyak pertimbangannya, jadi sering coba2 booking buat dibandingin antara harga, jam, & posisi kursi yg didapat",1
sangat membantu dalam mencari tiket perjalanan,5
acces kai memudahkan,5
agak susah top up dari atm,4
Akun Access by KAI aplikasi yang sangat efisien untuk mencari sarana Transportasi kereta api. sangat rekomendet untuk di jadikan sarana Transportasi favorit masyarakat Indonesia,5
"Server jelek, nyari jadwal kereta udah kek nunggu bansos. lebih cepat akses jadwal tiket pake aplikasi ke-3.",3
"Aplikasi yang sangat membantu untuk memesan tiket kereta api jarak jauh. Selain beli tiket, kita juga bisa pesan makanan saat di kereta dan diantarkan langsung ke kursi kita. Ada juga realtime tracking perjalanan, jadi kita tau kita sedang ada di stasiun mana. Selalu improve KAI 🔥",5
bagus,5
mantap KAI,5
min tolong tambahin metode pembayaran melalui dana dong kami yg tidak mempunyai aplikasi ovo dan shopeepay agak sulit untuk membayar pesanan tiket,4
mayan,5
tidak banyak membantu,1
bener2 tup up admin nya sampe 2900 gila mahal amat,1
ok,5
"pembayaran tidak beragam, kebanyakan update tapi tidak mau kerjasama dengan dompet digital lain",3
nice,5
Memudahkan untuk melihat jadwal pemberangkatan dan sisa kursi yg tersedia,5
kenapa pilihan kolom untuk bayi tidak tersedia ya min? padahal kami ada bayi yg mau ikut juga 😌,3
"Sebaiknya Sistem di perbaiki! KALO MISALKAN SUDAH PESAN TIKET TERUS penumpang TERLAMBAT SEHARUSNYA TIKET JANGAN HANGUS! TAPI ADA SISTEM PENGEMBALIAN DANA, KALO SEPERTI ITU SEPERTI SISTEM KERETA API INDONESIA BURUK! atau tidak Anda mengambil keuntungan dari yang terlambat(Oknum Korup)",1
"udah bagus sihh, tapi terlalu sering buat update aplikasinya :)",5
sangat membantu untuk pesan tiket kereta,4
oke,5
tertolong aplikasi ini sangat membantu,5
tolol error mulu,1
bagus,5
kebiasaan bener abis upadate pasti data penumpang ilang. mana maksimal pesen 4. hamdeeeehh pake pc bisa pesen 5 tapi list penumpang gak muncul. ayolah min. sedih bener disuruh nanggung utang woosh jadi kusut gini,2
sangat membantu dan mudah,5
"mantap, tapi harusnya untuk pembatalan tiket penumpang selain pemilik akun, harusnya bisa dibuat",5
"aplikasinya hanya untuk hp terbaru, yang lama2 harap pakai gerobag aja ya gaess😇😇",2
mohon infonya aplikasi gak bisa di buka dan di dowload kembali aplikasi tidak di dukung di hp sya knp ya?,5
sangat baik,5
"kebanyakan kadaluarsa kadaluarsa!!!! keluar sendiri, aplikasi nya bikin kesel",1
"apps ini notif di hp ku tdk kompatibel ,padahal hp ku android 12 yg dibutukan android 8 ke atas😵‍💫",3
"aplikasi apaan lemot nya minta ampun, cetak eboarding gak kebuka muluu",1
"aplikasi nya lama² ga jelas, subuh² mau pesen tiket malah loading nya lama banget, ujung² nya malah ga kebagian tiket lagi. udah gtu uang yg di bayar karna gagal pemesanan tiket tpi uang sudah masuk, ga ada inisiatif refund otomatis, di cuekin aja sampe sekarang, lapor ke loket suruh nunggu nanti ada refund otomatis, di tunggu sampe sekarang, ga ada info pengembalian dana dari KAI Acces",1
eror kenapa yah,1
failed request data mulu,1
tidak bisa login akun,1
mau beli tiket ga bisa di acses,1
Aplikasi sedang pemeliharaan tapi di sistem stasiun gaada datanya masa? alhasil tiket hangus dan beli tiket lagi,1
"pagi ini sy akan brkt kerja naik kereta pagi. koq bisa aplikasi dilakukan maintenance pagi2 begini, akhirnya sy tdk bs buka aplikasi dan tdk bs scan tiket. pdhl semua hal dilakukan melalui aplikasi. sy yg sudh byar akhirnya rugi !!!!! sangat mengecewakan KAI kali ini",1
aplikasi di perbaharui malah ngebut ngga bisa liat tiket. di uninstall malah ngga bisa masuk akun kai access gimana ini?! bentar lagi mana mau berangkat,2
apk nya akses nya sudah cukup puas cuma yg jdi ribetnya klo mu msuk suka susah,3
setelah diupdate ga bisa masuk akun,1
"Lama banget sih, topupnya. Udh 15 menit tidak masuk "" . Woy perbaiki ini kendala kenapa hari ini tiba tiba error aplikasinya woy",2
naik kreta sangat membantu perjalanan dan menyenangkan hidup KAI,5
banyak bugnya,1
"aplikasi bikin gua ke tinggalan kereta, pihak stasiun juga tai, GK boleh masuk, ngebug doang aplikasi nya, bikin benci naik kereta lagi,",1
okehhh,5
pelayanan ok keretanya bersih nyaman ada bagian penyimpanan dibelakang kursi yang hilang entah sudah rusak atau sengaja dirusak sama penumpang yang gak bertanggung jawab mohon diawasi sama cctv,5
baik,3
"padahal hp saya android 11, tapi keterangannya perangkat tidak kompatibel. sedangkan di deskripsi minimal android 8",3
tolong di perbarui lagi ya kai,1
"aplikasi ga guna, mau aktifin akses bayar aja susah lol",1
mantep,4
mantap,5
lebih mudah,5
"pas mau aktifin member basic gabisa krna email salah katanya padahal udah bener mana email nya kan otomatis dimasukin aplikasi gabisa di ubah atau di ketik sama kita. giliran chat cs malah disuruh nunggu, kita bersedia nunggu atau engga dibales iya malah terus kirim pesan otomatis sampe satu jam lebih",1
baik,5
lumayan perlu ditingkatkan lagi,4
sangat bagus dan mudah untuk memesan tiket dan melihat jadwal kereta,5
hoiii lai kenapa seh susah banget boking tiket,4
"Setelah minta update, Kok tiba-tiba aplikasinya jadi gak kompetibel sama hp saya? tolong perbaiki...",2
sangat terpercaya cepat dan baik dalam semua hal penanganan,5
sangat mempermudah,5
"Semoga di awal tahun 2026 ini, aplikasi lebih efektif. Akses yg lebih privasi/sidik jari dan kuota pembaruan yg ringan. (satu ⭐ menunggu)",4
oke banget,5
mantap sangat membantu dalam perjalan,5
"Good, sangat membantu & bermanfaat",5
membantu memudahkan,5
sangat membantu tapi sering ada kendala,4
mantap,5
pelayanannya bagus,5
mantap,5
YANG BIKIN KESAL KERETA KE PARIAMAN-PADANG-PARIAMAN.. klw menurut saya klw tiket berdiri jangan d jual lah.. kadang orang2 gak tau..ahh,2
bagus,5
ok,5
lumayan lah...,4
nyaman dan aman perjalanan saya dengan KAI kemanapun dimanapun terpercaya.,5
"menyimpan saldo, malah jadi berkurang. top-up 10K sampai di apk jadi 8k. apk tidak bisa trf ke rek.bank atau ke ol. shop.",1
baik,5
ok,5
app suruh update terooozzz Gak ada perubahan sama sekali,2
puas dgn KAI..👍👍👍,5
tertibkan lagi para penumpang KRL Palur - Yogyakarta.. saya bawa istri dan anak 2 masih kecil tidak mendapat tempat duduk dan yang muda2 dibiarkan dapat tempat duduk oleh security nya.. serta ada lansia berdiri dibiarkan saja tidak dicarikan tempat duduk oleh securitynya.. security ada tapi hanya melihat dan diam.. harusnya lebih tegas agar generasi2 yg muda yg masih kuat SADAR akan kepedulian dan membangun MORAL yg lebih baik..,1
"kecewa bgttt, mau daftar member basic tapi pas udah selesai tiba2 logout dan pas login lagi belum jadi kedaftar member basic, udh coba ngehubungin tapi ribet bgtt gada respon yg baik samsek",1
"Setelah diupdate malah gak bisa buat pesan tiket, mohon ditingkatkan yang lebih baik lagi. Terimakasih",1
a nice,5
UPDATE UPDATE UPDATE TEROSSSS SMPE MAMPOS!!!,1
Aplikasi mudah digunakan... terimakasih KAI,5
ini kenapa ya tiba tiba kga bsa update atau download ulang kai acces ya.. mohon ksih petunjuk..,2
semoga krl bisa sampe cikampek,5
"Tolong di hapuskan tiket ""tanpa kursi"". Kalau sudah habis kursi ya sudah. tidak etis penumpang berdiri di dekat toilet dengan bayar harga tiket yg sama. Apalagi jika itu anak2 dan lansia. Hanya karena mau cari untung pihak KAI tidak mengkaji lebih dalam tentang kemanusiaan.",3
"Tolong di perbaiki lagi, aplikasi pemerintah tapi login aja susah..",3
bagusdd,5
semakin mudah dan cepat,5
Oke,5
dengan aplikasi access KAI sangat terbantu skali,5
"WAJIB DIPERBAIKI.! ketika membuka aplikasi diharuskan pakai sinyal seluler itu harus diubah bisa menggunakan sinyal WiFi, masa iya aplikasi pemerintah gak bisa dibuka pake jaringan wifi",2
bagus weh,5
"lambat respont di ig gua udah chat, di wa juga nggak jelas balasnya, gue mau batalin tiket antar kota gue malah nggak bisa, tulisannya maaf proses pembatalan gagal dikarnakan tidak ada satu pun nama penumpang atas pemilik user, gue bingung deh padahal jelas² tiket nya ada masak iya harus pakai nama akunnya juga ngebatalin, kalau kita pesan tikat 2 gimana tu, fitur nya perbaiki lagi deh dan layanannya tonlong cepat respon, sekelas kai indonesia lo ko layananya lama bangettt.",3
oke,5
layanan konsumen u pembatalan tiket sangat responsip,5
sangat bagus,4
ok,5
ok,4
"bagus tapi udah tidak kompatibel lagi 😭😭😭, plis beri tau cara beli tiket kai lokal selain apk dimana",5
"kenapa gak bisa di upgrade aplikasinya?? alasannya tdk kompatibel, padahal hp saya termasuk android yg terbaru. tolong diperbaiki lg karena susah kalau mau pesen tiket kehabisan terus kalau offline!!",1
"sangat membantu,",5
tankyou KAI accces,5
Aplikasi ini sangat bagus dan penting karena kita bisa memesan tiket kereta api dengan gampang dan mudah,5
"mantap pokoknya , semoga kedepanya semakin inovatif",5
"beli tiket bisa atas nama orang, batalin tiket ga bisa, blm rekeningnya jg harus atas nama orang tsb. gw beliin tiket buat ortu yg lg di luar kota jd harus kirim tiket dulu ke akun sana. untung ada kerabat yg ga gaptek bantuin. ribet bgt",1
kenapa di hp saya tiba tiba gak bisa di gunakan,2
masa dah 11x saya masuk kaga bisa terus eror trus,1
ok,5
fiturnya utk beli tiket bagian utk kita sendiri utk beli susah di geser kadang tanggal utk pilih tanggal tdk bisa dipakai,2
semoga kedepan ada perbedaan warna sesuai jenis kelamin saat pemilihan kursi. untuk meningkatkan kenyamanan,4
kenapa di android 9 gak bisa dipakai lagi?,3
sangat membantu,5
Sedih sih sekarang gada nmr kursinya. penurunan kualitas,1
Alhamdulillah,4
mantap,5
terimakasih access by KAI,5
KAI T0 L0L. uda beli tiket online malah disuruh beli tiket di loket. Gajelas semua,1
sangat ok,5
Pelayanan yang bagus,5
Bagus banget aplikasi ini (⁠≧⁠▽⁠≦⁠) 👍🏻✨✨,5
semakin okey,5
mantul,5
"Saran yaa ,Klo ada semacam fitur pengingat ini bakal jadi best aplikasi sih. Dari pengalamanku krn telalu sibuk dan gk double check juga tiketnya hangus. Yg harusnya naik kereta dini hari dari tgl malahan dateng esok harinya baru aku ke stasiun, saat itu udah gk ada jadwal kereta lgi dr Yogyakarta karena pas momen libur panjang juga, dan baru ada lagi 3 hari kemudian. Iya memang ini kesalahan pribadi krn tidak teliti, tapi ada baiknya ditambah fitur pengingat 3-5 jam sblm keberangkatan #sankyu",4
"Tolong bgt ya KAI mau mengaktifkan KAI pay gabisa-bisa padahal kodenya sudah bener, loadingnya lama bgt mau pesen kereta kehabisan duluan jadinya. udah dicoba berkali2 dg jeda waktu sehari-sehari tetap gabisa mohon bantuannya KAI.",1
"KAI semakin dihati, nyaman harga terjangkau, on time",5
bagus,5
sangat mudah dan cepat,5
👍🏻,5
"Setelah update jadi gak bisa dibuka alasannya rooted device, padahal hp gak diutak-atik sama sekali",1
mantap dan mudah dan harga mantul,5
mantap,1
mantap,5
aplikasi sudah bagus tapi live tracking nya kadang bener kadang engga,3
layanan lebih cepat dan praktis,5
tiba² tidak bisa di download lagi di hp,1
proses pambatalan tiket yang menurut saya terlalu ribet. kita memesan tiket untuk orang tua tetapi pembatalan tidak bisa masuk ke rekening kita. harus ke rekening otang tua dan harus orang tua juga yang membatalkan menurut saya harusnya akun yang mesan yang dapat membatalkan juga dan rekening pengembalian juga dapat kembali ke kita. mohon usulan ini dapat di jadikan masukan untuk kedepannya memudahkan semua orang yang ingin membatalkan tiket. untuk bintang akan saya kembalikan ke 5,3
kenapa Sekarang kok susah daftarnya,4
ribet bgt mau ke pusat bantuan kai,1
"aplikasi gak jelas... muter2 suruh jadi member, dadi member gagal terus... payah",1
aplikasi payah gak guna. setiap mau updrage akun member pas klik tombol setelah masukkan kode otp loading terus,1
"Halo kai mau tanya tiket dari stasiun baturaja ke tanjung karang belakangan ini cepet habis , trus yang jadi pertanyaan jam 00.05 pesen tiket status tiket habis trus padalan sehari 3 kali keberangkatan gimana solusi dan tidakan nya itu pak salam hormat terimakasih.",3
sering kendala,1
punya saya di tab xiomi knp TDK bisa?,1
bagus dan tederpan,5
mudah dakses,5
"sangat membantu, cepat ruar biasa.",5
gbs daftar member. loading pas di otp,1
sangat nyaman dan tepat waktu...,5
aplikasi mudah di aces,5
memuaskan,5
Saya selalu gagal untuk memesan tiket karena gangguan app. ( JavaScript bla bla) mohon untuk solusi dan perbaikan teknis.,3
mantabbbbbbbb konfirmasi ke email klo aktifasi kai pay klian gaesss,5
eror buat pesan makanan minuman,1
Dari virtual account M bangking biaya 2.900 top up kartu 1.500 dompet digital cuman ada ovo yg shopeepay eror mulu haduh gila bnget,1
proses cepat dan mudah,5
tambahin dong jurusan Jember Jakarta dan Jber Yogyakarta dengan KA ekonomi,4
cepat dan mudah di pahami,5
"kenapa setiap pindah aplikasi selalu dianggap keluar jd harus daftar dr awal. sangat merepotkan, baiknya kasih jeda waktu karena tidak semua calon penumpang sudah terdaftar.",4
ok,5
mudah & cepat,5
saat pembatalan tiket uang tidak dikembalikan 100% ada potongan biaya 25%,2
mantap,1
"ribet, jd lama , mau cek jadwal kreta. kebanyakan ga bisa nya di akses. mending yg lama. gampang. ini ribet bgt",1
bagus,5
"Dengan adanya KAI Access, pembelian/ perubahan jadwal tiket jadi lebih mudah. Keuntungan mendapatkan point dan yang pasti sering mengadakan diskon yang menguntungkan customer. Sukses selalu buat KAI!😊👏",5
membantu beli tiket lebih mudah.,5
kenapa gak bisa2 order tiket disini ihh kesel pas buka apk malah tak tersedia tiket pdhl order dr jauh2 hari 😬,1
respon cepat mudah,5
sangat membantu dalam pemesanan tiket kereta,5
lemot,5
ok,5
"saya baru donlod, terus mau isi data, tapi dibagian ID bisa dipilih (KTP) tp klik SIMPAN nya tidak bisa. itu bagaimana?",3
perjalanan tepat waktu,5
kenapa sekarang gak bisa akses di os yg dulu tipenya bisa pake apk KAI sekarang malah gak kompatibel.. jadi gk bisa buka apk KAI bagaimana bisa saya memesan tiket KAI kalau begini.. pembaruan apknya malah mempersulit pengguna. gk mungkin saya beli hp lagi untuk penginstalan kai saja gara² tipe untuk OS nya harus yg terbaru padahal sebelum sebelumnya aman saja...,1
ok,5
bagus,5
good,5
Bagus,5
sayang sekali ewaletnya hanya ovo dan shoppe padahal gopay milik anak bangsa,1
sangat membantu,5
sangat baik,4
mantap,5
pelayanan nya cepat dan bagus 👍,5
bagus,5
sudah bagus,4
"mudah, praktis, membantu",5
KAI LAGI ERROR?,5
"tolong donk pembagian class nya diperjelas.. dikasih rincian gtu.. yg harga segini dalem gerbongnya begini,, masa beli yg harga 200an sama yg harga 74 di gerbong yang sama, tolong diperjelas pembagian class dan harga nya, jangan harga beda tapi pas naek malah di satu gerbong yg sama..",3
"samsung A13 kok gag kompatible, padahal pakai android 14..",1
sangat bagus pelayanannya,5
"sangat membantu, kurangnya itu, sangat ribet harus butuh 2 hp dan hafal nomer ktp. jd pemesanan ulang lagi. dan sudah diketik digeser dikit kebawah hilang semua, diketik ulang lagi.",1
bagus,4
bgmana updatenya jika app tidak kompatible dengan perangkat.!! sedangkan perangkatnya bukan perangkat lama? tolong di review versi app kompatibelnya....,2
Bagus,5
Mayan lah,4
Di aplikasi KA lokal jam 16:30 tujuan cikampek dr cikarang tp pas nyampe di stasiun cikarang KA lokal nya udh jalan. sungguh nyusahin para pengguna KRL bisa ngga sama gitu jadwal kereta nya..,1
live tracking dan pemesanan railfood lewat app skrg gk bisa.,1
astaga udpate an langsung ga kompartible di android 10 .... terbilang terlalu cepat untuk system perangkat konsumen yg kebanyakan masih menggunakan android 10,4
memudahkan,5
mudah²lancar,5
ok,5
"Sampe saat ini bagus, cuma waktunya ada di waktu petang tujuan Cikarang-Garut, coba ditingkatkan lagi bisa di waktu siang tuk keberangkatannya",4
baguss,5
keren sekali b¹erkelas erua,5
ribet baru mau bikin akun tapi di suruh ke sandi.... anehnya pilihan tulis kata sandi gak ada terus mau nulis dimana?,1
ok bagus,5
"Bikin gak repot hrs ke stasiun, cukup dari rumah sdh bisa bei tiket k.a.",5
pelayanan yg baik dan tepat waktu,5
moda transportasi darat paling nyaman di indonesia,5
sangat membantu,5
saya blm pernah menerima diskon inii,5
lemot,5
good,5
gw railfans min,5
tolong untuk developer aplikasinya kompatibelkan dengan all device,1
Maksa,1
apk kalau bisa jangan selalu diperbaharui soalnya gak semua orang punya hp mahal yg memorinya besar,2
Alhamdulillah membantu banget apa lagi dgn adanya St k bandara sgt membantu sekali dan tidak macet,5
sangat membantu saya untuk beli tiket kereta dan mengecek jadwal dan harga tiket kereta api.terutama bila ada promo dari kami.semoga pelayanan yg ada di aplikasi ini lebih baik,5
"saya mau beli tiket untuk kerja krna merantau,tp pas sya pesan masih ada 9 tiket tersedia susah skli tiba2 trouble,pdhl sya sangat membutuhkan untuk alasan pekerjaan saya.",1
Akan ku jalani selama masih ada KAI,5
bagus,5
kenapa mesti bolak balik update.,4
Sangat terbantu sekali ada aplikasi KAI... KAI is the best,5
okkkkk,5
"Ini kenapa aplikasinya aktivasi trus ya,",5
bagus nyaman,5
Sangat puas memakai aplikasi ini,5
samsung a02s tidak suppor sekarang,1
okee,5
ok,5
good,5
cukup baik.,3
"asuransi refund 100%, nyatanya tetap dipotong 25%.",1
sangat membantu,5
"tidak recommended, Beli pulsa listrik, tapi tidak keluar token, uang terpotong, minta refund, sampai saat ini uang tidak kembali, proses refund ribet dan tidak ada hasil, lah itu uang kemana? beli token listrik bermasalah, dana terpotong, minta refund tidak ada hasil sama sekali,,, hadehhh, pelayanan masyarakat tidak maksimal, KECEWA.!!!!",1
kereeen makin mantab pelayanan nya,5
"Aplikasi error, apalah mau pesan tiket malah error servernya",1
bagus cepat,5
Kenapa tidak bisa diinstal di hp samsung pdhl versi Android 12 . mohon penjelasanya,1
good,5
"suka error, saat verifikasi otp padahal kode otp udh masuk ke Gmail dan udh ada kode nya, udah sesuai nomor kode otpnya waktu mau dilanjutin loadingnya lama banget setngh jam ada lah ujung ujungnya error. udah saya coba lebih dari 5 kali pakai akun yang sama tetep aja masih loading, paa di coba disemua akun sama aja loading",5
"Jujur ini kenapa ya KAI Access kurang mumpuni padahal tiket nya udah tenggat habis, padahal udah jauh hari sebelum pesan tiket selama seminggu, tolong KAI Access diperbarui lagi untuk mengoptimalkan aplikasinya, dan pembayaran dulu lebih mudah lewat toko seperti Indomaret & semua M-banking kasihan mereka yang tidak punya aplikasi atau hp lainnya",1
tolong jangan batasi pembelian tiket antar kota cuma 4 orang saja. agar mempermudah bagi keluarga dengan anak lebih dari 2 dan masih kecil-kecil.,2
okei,5
"respon sangat lambat, pendaftaran untuk akun yg hilang sangat sulit",1
baik sekali,5
kenapa saya udah masukin kode otp tepi belom bisa msuk,3
mantap enak naik kereta tanpa macet,5
metode pembayarannya tolong di bayakin,4
ok,5
Bagus,5
👍,5
tambah lagi kereta di bandung min dimasa liburan ini,5
bagus,5
keren bgt,5
keren,5
Aplikasi mempersulit masyarakat yg ingin memakai jasa transportasi Kereta Api. Aplikasi Banyak Drama !,1
oke,5
"kai tolong tiketing di bagian goshow bekasi ga bisa pake cc, sdh berapa kali beli tiket disana cm bisa cash dan debit, alasannya alatnya ga bs, sy ga ngerti maksud mrk tp KAI sdh update tolong yg ini juga update, tq",3
so far so good so easy,5
mantap,5
makin ga jelas aplikasi nya masa baru jam 5 pagi tiket dari jam 5 sampe malem pada sold out,1
mau rubah jadwal ternyata tidak bisa dan anehnya tidak bisa di batalkan,1
ok,5
"ini makin hari kok makin aneh. baru pilih nama penumpang, udah muncul keterangan no seat available (ka Penataran), padahal H-7. tiket berangkat bisa, tapi tiket baliknya gk bisa pesan",3
Pilihan KursiNya Gak bisa dirubah lagi. sudah otomatis bikin kesel deh... atur lagi donggg,4
"padahal baru di buka 1 menit pembeliannya masa iya udah habis tiket kereta nya, di depan tertulis masih tersedia pas mau booking malah no seat available, coba ganti rute mana pun sama aja eror gitu",1
"delayyyyy mulu, cape deh",1
komunikasi penjadwalan jelek ga update. keberangkatan terlambat hampir 1 jam.,1
"Coba ditambah fitur rekues transfer tiket, kalau misalkan tiket kita dibeliin orang lain",5
baik,3
sangat membantu 🙏,5
"saya udh bayar dgn metode Qris shopeepay, sudah berhasil tpi keterangannya belum bayar dn akhirnya tiket hangus. sdh ke layanan pengaduan dn responnya cukup lama udh gtu refund dana 2 minggu (tdk termasuk weekend dan hari libur nasional) bener² lama bgt buset",2
good,5
admin naik euy...dr Rp 800 ke Rp 2.700...brp persen yah 🤔🤔🤔,4
terlalu banyak potongan biaya admin,1
aplikasi yg membagongkan...tidak membantu sama sekali....,1
keberangkatan tidak sesuai dengan jadwal,1
oke best nyaman menggunakan kai,5
booking failed trusssss ini aplikasi bener berfungsi nggak???,1
aplikasi nya oke banget! mempermudah akses pembelian tiket.... cuman aplikasi nya sering kali bug dan lemot huhuhuhu yang bikin proses login jadi lama. aku harap kai access di tahun depan bisa lebih oke lagi yaa... thankies!!,4
"tolong sistemnya diperbaiki, untuk proses refund dan reschedule sangat tidak memuaskan",1
aplikasi rusak dikit dikit eror ga guna.,1
"Bagian pelayanan atau bantuan di perbaiki masak WA isinya BOT, Email g ada balasan, tlpn CS antri",1
"memudahkan untuk memesan tiket, kereta api sekarang nyaman dan aman, aplikasinya dan PT KAI terus berkembang",5
"refund di jogja kok dipersulit, orang yang bersangkutan sakit, susah buat jalan makannya pulang dipercepat, orangnya juga didalam stasiun, saya mintakan tanda tangan gak boleh, kalau sakit harus jalan ke customer service gak sembuh tambah parah, apalagi ini nataru banyak orang, kalau gak boleh saya yang mintakan tanda tangan harusnya ada karyawannya lo datangi buat minta tanda tangan kan masih di wilayah dalam stasiun juga, sakit sama gak sakit kok prosedurnya sama, aneh. Sangat mengecewakan",1
ok,5
"saya sudah topup 2 kali pakai aplikasi ini hari ini, tp saldo di kartu gk nambah² juga, mohon tolong dengan sangat kepada pihak yang punya aplikasi ini mohon diperbaiki, sudah banyak keluhan yang saya dengar tentang aplikasi ini.",1
membantu memesan tiket kereta dengan mudah,5
Lumayan bingung,4
jossss,5
top,5
kereeen,5
selalu crash,1
"tanya donk.. untuk KAI PAY (Kaspro) untuk pelayanan KAI sumatra gak bisa dipakai kah untuk pembayaran tiket? sama cek donk, kereta Lampung - Sumsel agak anej tiket selalu ludess (tiket sudah bisa dipesan H-7, tpi pas buka jam 00.05 busett udah ludes... yakin??)",2
"minta tolong ditingkatkan lagi pelayanannya, saya menyampaikan keluhan via WhatsApp dari jam 20:00 baru bisa terhubung 00:30",4
baik dan tepat,5
bagus,5
oke,5
"mudah di gunakan, akses cepat",5
Cukup Menarik,5
Harus dicoba nih,5
Perbaiki aplikasinya. mau booking selalu failed,1
Mantap,5
ini kok di pilihan tanggal berangkatnya gak bisa di scroll ke atas ya jadi tanggalnya cuma mentok di minggu ke 4 jadi klo mau pesen di tanggal 29 atau 30 gak bisa,3
semua jadwal kosong kenapa ya?,2
amazing,5
"beli asuransi pembatalan refund ,tetap saja di potong 25 persen",1
"kenapa semua harus pembelian online emangnya setiap hari KAI dari rangkasbitung ke merak selalu penuh,,,,sehingga beli tiket offline enggak bisa dibeli, mana cepat banget habisnya beli tiket kereta online...",1
ok,5
good,5
memudahkan pemesanan tiket untuk perjalanan antar kota dengan kereta api,5
good,5
aplikasi KAI acces tidak muncul di hp ku,1
semoga lancar,5
bagus,5
"Alur pemesanan sangat ribet, sering terinterupsi di tengah proses sehingga tidak nyaman... Untuk menu pemilihan tempat duduk juga kurang informatif sehingga ada potensi salah pilih tempat duduk... Mohon diperbaiki",2
ok,5
"lebih efisien, indonesia mandir maju sejahtera",5
Pengalaman Terpahit.... Masa ongkos duduk dan berdiri itu sama. Kecewa jelas...,1
keep always update,5
kenapa tbtb bngtt aplikasi nya tidak bisa dipake diperangkat anda di instal di hp seperti itu padahal hari ini mau kupake cetakk buat berangkat keluar kota:(,1
"sangat menyenangkan jika naik kereta, rasanya ingin kemana mana naik kereta saja.",5
"Sebelum saya perbarui apk kai acces nya, saya masih bisa melakukan ubah jadwal tiket. Nah setelah saya perbarui apk nya saya tidak bisa melakukan ubah jadwal tiket. Alhasil saya harus membeli tiket lagi untuk keberangkatan dilain waktu. Kalau seandainya bisa di ubah jadwal kan rada membantu tanpa perlu melakukan pembatalan tiket sebelumnya. Tolong untuk diperbaiki kembali apk nya",1
"pesan tiket susah sekali.. sya pesan di jam00:00 . jelas"" kursi masih tersedia, tpi begitu langkah selanjutnya sllu not seat avaible. di coba lagi dapet.. tpi kursinya mencar gk bisa milih.. aplikasi aneh.",1
lemoooottt.. benci aku..,1
kenapa aplikasinya tidak bisa diinstal di semua perangkat? seharusnya perangkat saya sudah memadai untuk aplikasi ini. mohon untuk bisa diselesaikan masalahnya,2
sangat membantu,5
"railfoodnya, kenapa belum dapat memesan terus",5
mantab,5
baik,5
alhamdulillah mudah.. mantap KAI,5
"sangat baik dan profesional, sangat direkomendasikan",5
susah pisan mau daftar jadiember basicnya juga,1
only lucky,5
siipppp,5
sangat puas,5
"susah sekarang mau pesan railfood klo kereta lagi jalan, bukan krn jaringan, tapi notif yang muncul katanya blm di perjalanan, padahal sudah di perjalanan, beberapa jam malah",1
ok,5
baik,5
good,5
"keren aplikasinya,pembatalan diproses lgs,mudah 👍",5
👍👍👍👍👍,5
praktis lebih di permudahkan drpd ribet datang ke stasiun,5
saya suka,5
sangat membantu,4
bagus,5
sisa kursi gak jelas,1
Great,5
"baru download & mau daftar aja lemotnya minta ampun, sampek OTP 4x belum bisa juga daftar",1
pelayanan cepat,5
ntap KAI,5
pembelian tiket gampang dan mudah,5
histori ga up to date. lelet. banyak kendala,1
sang at membanru sekali salam penesanan tiket,5
kode nya ga mau msuk ke aplikasi ini,2
sangat terjangkau dan nyaman,5
ok,5
bagus,5
mudah digunakan,5
bagus,4
memudahkan banget bs pesan iket dr manapun kapan pun,5
bagus untuk digjnakan,5
mantapp,5
tolong di perbaiki lagi ya masak saya pesen di aplikasi ini seratus ribuan kalo saya beli di stasiun lebih murah,3
memudahkan sekali,5
mantap akurat dan sesuai,5
DUA KALI PESAN TIKET GAGAL TAPI SALDO KEPOTONG.. HARI H KEBERANGKATAN TIKET GK MUNCUL.. KOMPLAIN KATANYA TIKET GAGAL.. KECEWA BANGET.. APLIKASI BURUKK.. MANA PENGEMBALIAN DANA LAMA HARUS NUNGGU 30 HARI KERJA.. SUMPAH YAA KECEWA BANGET.. PLIS PERBAIKIN AKUNNN!!!,1
murah efisien,5
good,5
"saya sudah bayar tapi sampai berhari-hari dn udah h-1 tiketnya ga muncul😭. udah konfirmasi ke wa juga tapi sistemnya kyaknya lagi eror deh soalnya yg mbalesin kan otomatis jadi isi pesannya tuh ditanyain mau nunggu/tidak karena masih dalam antrian, kemudian pas aku udah konfirmasi kalo mau nunggu malah si pean otomatis ini nanya""Mulu😭, mungkin kedepannya sistemnya bisa diperbaiki lagi yaa demi kenyamanan bersama. terimakasih🙏",2
"suruh update member basic, setiap kali apdate minta otp dan hanya stak di situ"" aja. hadeh jdi gabisa pesan tiket. tolong ini aplikasi sangat tidak bisa membantu",1
apknya membantu cuman tolong buat depolevernya agar bisa di tambah lagi metode pembayarannya melalui apk dana 🙏🙏🙏,5
saya suka aplikasi kai access untuk pesan tiket ka ke jombang,5
Aplikasi geje sudah bayar malah gagalnya pas pemberangkatan,1
pelayanan yang sangat baik,5
Lumayan ada perubahan,4
bagus,3
Sangat informatif ❤️,5
👍👍👍,5
sangat membantu,5
sangat membatu,5
"Beli pulsa di KAI ACCESS, saldo sudah kepotong tapi pulsa tidak masuk/di batalkan. dana juga tidak kembali...!",1
mantap betul prikitiwww,5
"lgi down apa gmna, gabisa pesen tiket trs drtdi",3
sayang banget dihp saya ga mendukung aplikasinya padahal gak jadul banget kok hp keluaran tahun 2021 saya beli...bulan november masih bisa pesan tiket sekarang desember udah gak bisa...masa iya harus beli Hp baru buat pesan tiket 😏😏,2
ok,5
baik,5
sangat cocok banget buat hemat biaya,5
ok sip,5
Pelayanan bantuan via WA resmi sudah berjam-jam menunggu belum juga terlayani.,2
baguss,4
saya pakai asuransi refund 100% tapi pada saat mau refund tetap kena potongan 25% sampe 100.000 kena nya terus saya bayar asuransi refund 100% gunanya untuk apa? PEMERASAN!!!,1
Sangat bagus dan sangat membantu sekali,5
yang ngebug aplikasinya yang di salahin yang daftar kan aneh... sudah daftar pp gk bisa refund .. dah lah.. cukup sekali aja naik k.a,1
saya sudah beli tiket dan tiketnya malah hilang ini gimana dari dulu kok gak ada perbaikan,1
"Sistem pembatalan yang membodohi pengguna, sangat merugikan.",1
sangat puas dengan pelayanan darikai,5
"pelayanan cepat, ramah, efesiensi. pengembalian/pembatalan tiket lebih mudah",5
Sangat membantu,5
tolong yang bawa bayi untuk commuter line tolong disuruh digendong. kasian yang beli tiket. juga kalau bisa saya ingin ada fitur rating kereta atau masinis di aplikasi setelah kita selesai menaiki kereta. seperti gojek/grab,2
"sudah bagus, cuman, fitur untuk metode pembayaran sangat minim. coba lah untuk menambahkan lebih banyak metode pembayaran.",5
Mudah dan sangat membantu,5
untuk tiket kereta api jaka lalana kok belum bisa ya,5
mohon kasih fitur pengembalian uang lewat e wallet,1
jozz,5
cukup baik,5
sangat mudah membeli tiket nya puas bgt,5
mudah diakses..,5
oke,4
good,5
bagus,5
"cacat aplikasinya, di pembelian tiket masih tersedia giliran pesen ga bisa, kursi penuh, padahal tulisannya masih tersedia, masih bagusan 1 tahun yang lalu ini aplikasi, tulisan sisa 1 kursi masih bisa di pesen dan kalo gagal dapet langsung hilang habis, ga kayak sekarang udah penuh tapi masih di tulis tersedia",1
memudahkan semua,5
"tingkatkan kemudahan pelayanan pemesanan tiket KA melalui aplikasi ini, krn agak ribet saya rasa.terimakasih",5
"Sumpah sekarang pembatalan tiket susah banget, udah beberapa kali begini terus.",1
pelayanan kurang membantu.aflikasi terkadang sering error.,4
ok,5
ok,5
mantab,5
"kenapa di HP saya tidak tersedia jdwal kereta nya, apa tidak kompatibel ya?",3
jadwal krl yg ada di aplikasi tidak sesuai dengan aslinya,1
Good,5
aplikasi ini sangat membantu,5
Transportasi jadi lebih mudah dengan Access by KAI,5
ACCES KAI GILA. MINTA UPDATE PAS LAGI MAU TAP OUT DAN RUSH HOURS. GUE UDAH NGANTRI UDH WAKTUNYA TAP KLUAR KLUAR MLU. GILAAAAA. UDAH MNTA TOLONG SATPAM DISURUH KE LOKET. TERUS KELOKET DISURUUH KESATPAM YANG JAGA. LEMPAR2AN. TERUS GUE HARUS ANTRI ULANG. GILAAAAAAAAA KESEL BANGET. GUA LG NGEJAR KERETA LOKAL JUGA. UNTUNG GA KETINGGALAN COBA KETINGGALAN KESEL BANGET GUA. Cikarang tuh,1
apk sering keluar sendiri,4
Thankyou KAI,5
kereta petani pedagang jadi Kapan d luncurkan,4
alhmdlillah...memudahkan pemesanan tiket kereta,5
keren,5
i love KAI,5
bagus aplikasinya,5
loding lama🤦,3
sangat membantu dan memudahkan penumpang,5
lemot apk jelek,1
"bikin akun sudah, mau pesan tiket ndak bisa harus daftar member basic tapi gak bisa ntah apalah apalah ribet bangetttttttt. dicoba berkali kali keterangan tetap ndak bisa. kalo ribet2 ndak usah bikin aplikasi",1
keren,5
"jadwal commuter sering gak sesuai, perbaiki lah jam keberangkatan nya, ngapain udah ada jadwal kalo masih gak sesuai,",2
terima kasi,5
Cepat dan mudah,5
ok,5
ok,5
sangat ok untuk pesanan tiket kereta,5
top,5
dulu bisa pesan tiket sampai 10 orang kenapa sekarang cuma 4 kita yang mau beli 1 kluarga ga bisa tolong di perbaiki,2
"Sangat membantu dan fitur sudah sesuai, tidak perlu upgrade lagi",5
Ok,5
mudah dan transparan,5
ok,5
"sayang sekali di opsi tiket lokal yang telah dibeli tidak ada opsi refund tiket atau mengganti jadwal tiket, padahal di daerahku stasiun kereta apinya udah enggak ada loket buat jual tiket dan melayani untuk membantu mengganti hari tiket lagi",3
i like it,5
always oke,5
andaikan saja ada pembayaran tunai pada aplikasi ini tentu nya lebih mudah dalam pelayanan,5
"ini gimana, saya baru beli ticket nya tadi sore. tiba tiba dapet notif kalo aplikasi nya bermasalah, gabisa dibuka sama sekali. tolong banget diperbaiki, beli ticket udah lumayan malah aplikasi gabisa dipakai. gimana sih?",1
mantul pisan,5
"mengajukan pembatalan+ganti jadwal loading trus... dri pake signal data, ampe k wifi.. sama bae, sengaja biar angus tiket e meren.??? akhirnye, hangus jg... ,... hadewh..",1
bagus,5
Tidak di bisa di buka.. Ada apa KAI??,4
sangat bagus,5
"mark up harga gila gilaan di hari besar, kek kon",1
kai akses kenapa tidak ada di tab android lagi😭😭😭😭 padahal dulu ada😭,5
Selama saya menggunakan yeah g masalah..,4
terimakasih atas kenyamanan layanannya mantap,5
Respon cepat,5
info di gugel ktanya minimal android 8 tapi knp di hp qw android 11 gk bisa diakses bhkan gk bisa di download ulang?? udh di restart bolak-balik ttep aj gk bisa di download aplikasi nya,1
Ini kenapa udah pembayaran berhasil tapi tiketnya tidak ada ? tidak ada refund atau notifikasi. hanya uang aja ketarik....,1
aplikasi ini sangat membantu pesan tiket termasuk cara bayar mudah. terima kasih KAI,5
sangat mantap...,5
cukup memuaskan mudah sangat membantu,4
mantap,5
Gak bisa dibuka!,1
"acces by kai lagi error ya , gak bisa di buka",2
Pelayanan Mudah,5
kadang tiba² tidak bisa dibuka dan harus di install ulang... mohon perbaiki lagi🙏🏻,2
sangat memudahkan saya.,5
"Bagus pelayanannya, dan semoga semakin ditingkatkan",5
Makin nyaman bersama KAI,5
peningkatan layanan aplikasi dan metode pembayaran makin memudahkan dan sangat membantu,5
semakin memudahkan pengguna/penumpang KAI,5
mudah dan praktis,5
jozz dan memudahkan,5
aplikasi nya bagus saat pesan tiket dan lain lain tapi mohon maaf fitur untuk pembayaran belum lengkap apalagi pembayaran dari bank mohon untuk ditambahkan dan diperbanyak fitur pembayaran nya oke,5
ok,5
mantab👍,5
lumayan,5
sangat membantu proses pesan tiket,5
lebih mudah u pesan tiket,5
sangat membantu,5
mantab dalam perjalanan😍👍,5
sangat berarti karena saya selalu menggunakan ka,5
keren,5
"Payah sekali! Pembatalan tiket yang dibeli lewat aplikasi dan ingin dibatalkan lewat aplikasi juga tidak bisa dengan keterangan kode OTP failed, aplikasi sudah dihapus dan diinstall ulang tetap tidak bisa, dan hal tersebut berlangsung selama 3 hari, terus ganti HP yang satunya juga sama tidak bisa, pengalaman yang sangat buruk. Tolong diperbaiki sitemnya aplikasinya, sia-sia, lenyap uang saya.",1
ko puya saya gak bisa di buka buka yah,4
mantappp,5
Mantap,5
Oke,5
"memudahkan untuk mmbeli tiket,,tp sekarang sy downlo lgi kok g bisa",5
woke,5
"ga bisa di buka, entah lah bikin bt padahal harus cepet2 cari 4 tiket pulang pergi 😔",2
bagus,5
mantab,5
ini gimna ga bisa masuk padahal udah no otp nya,1
sangat membantu terimakasih pt kai indonesia,5
Ok...,5
Bagus dan praktis.,5
"aplikasinya sudah berfungsi seperti membeli tiket hanya saja saya heran mengapa saya ingin beli tiket via OVO gak bisa terus saat saya ingin masuk kedalam aplikasinya malah close close mulu aneh heran ini pengembang beneran serius gak sih ngembangin aplikasi ini perasaan dari dulu banyak bug kayak gak bisa beli tiket, crash dan sekarang gak bisa Beli via OVO dan masalah masuk",3
aplikasi buruk dan sering eror. bug nya banyak banget,1
aplikasi nya kenapa gk bisa di buka dari kemarin padahal udh di unistal terus dowload lagi tetep aja gk bisa di buka malah langsung force close mohon untuk di benerin secepat nya biar bisa di buka lagi 🙏,1
recomond,5
baik,5
kenapa ga bisa di download apk nya,2
"sering gangguan, tiket di batas 4 balikin ke 10 lagi jangan kaya pemerintah selalu mempersulit sistem dibuat simple seperti sebelumnya",1
ok,5
mantap,5
recomended,5
"Kenapa Access 1-2 bulan terakhir jadi sering force close apps nya ya, dibuka langsung nutup. Di restart sama saja, sebelum2nya tidak pernah ada hambatan. Terpaksa uninstall dan install kembali baru bisa, dan terus berulang. Agar ada perbaikan serius ttg isu ini.",2
baik pokok PLP,5
"Sangat membantu, terima kasih",5
ok dan mudah,5
sangat membantu info dan pemesanan tiket,5
mkin nyaman dan mkin mudah mengakses aplikasinya,5
sangat membantu,5
pelayanan bagus,5
puas,5
aplikasi sering eror pas jam 00:00 sampai jam 2 pagi,1
skg sudah lebih cepat top up pakai m banking,5
Bagus cepat. agak eror ini tadi.,5
server ampas🤣 kena rame dikit overload 🤣🤣🤣,3
tolong segera di perbaiki lagi..Masi ada bug aplikasi nya .. !!! terimakasih 👍,3
"tiket lokal sering error,tampilan jadwal kosong,tampilan muncul tp jadwal tidak tersedia.sdh hpus data, uninstal, ganti sinyal,msh aja sering muncul.apalagi di jam2 malam.sdh pernah chat cs jg, tp hasilnya te2p",1
mau booking tiket malah ga bisa bayar 🙄🙄🙄🙄,3
tiba² mw pesan sudah full padahal ditunggu jam 12 malam kl g gt aplikasi eror...tiba2 g bs dibuka...aplikasi kai aneh,1
"servernya sangat sangat sangat buruk, tlg diperbaiki, masak war tiket jam 12 malam sampai jam 1 muter terus padahal pake data wifi supercepat, alokasikan dana buat server,itu penting, jangan buat bangun stasiun² yg gak penting",1
pembelian tiket selalu error2,1
Kerennnn,5
"Saya membeli token listrik di sini,Tapi status gagal dan uang di kembalikan ke metode pembayaran terakhir, Tapi sampai saat ini tidak ada pengembalian dana, saya sudah menghubungi cs di wa dan Akun Ig KAI 121 namun tidak ada kejelasan sama sekali Sangat di sayangkan Sekelas KAI pelayanan sangat buruk Hati hati bila membeli token listrik disini",1
mengapa aplikasi KAI by access tidak bisa dibuka. Waktu beli bisa kemudian mau check tiket tidak bisa dibuka 2 hari ini.,3
"kok apk nya jd gini bro, kalo udah pesen tiket malah gabisa dibuka apk nya, pdhl kan nanti mau scan",1
seru harga terjangkau,5
Aman dan amanah 🤝,5
"ntah kenapa, di versi terbaru ini sering keluar sendiri dari aplikasinya",3
"aplikasi nya bener - bener ga bisa di buka aku harus uninstall dulu trs dondwold lagi ,terus muter"" seperti itu tolong bisa di perbaiki supaya maksimal",2
kok di buka mental?,1
bagus sekali,5
baik,5
"pqyah banget KAIPay, bayar tiket transaksi ga kleuar tp saldo kepotong, mana biaya top mahal pula. Yang blm terjlanjur gausah pake KAIPay, pilih pembayaran lain deh",1
bisa mempermudah pemesanan tiket,5
tiba2 keuninstall sendiri alasan perangkat tidak kompatibel 😭 pdhal sering update klo ada pemberitahuan disuruh update 😭😭,2
abis di update kok malah nambah kacau aplikasi nya sering bener gangguan,1
aplikasi Baik,5
inj kenapa kok ga bisa dipakai. Force close terus,1
terima kasih sudah bantu perjalanan bagi orang gak mampu s merasa ringan perjalanan jauh,5
oke sangat membantu akses transportasi kereta dll,5
Pengguna Sudah Lama Harganya Lumayan Tinggi Di Banding Memakai Armada Bus Hanya Fasilitas Lumayan Dan Nyaman,5
tolong kasih ubah email via aplikasi,4
masih mu rah,5
potongan adminya terlalu mahal,3
"maap ini aplikasi nya klo dibuka koq langsung nutup ( closed), dg sendirinya, dicoba berkali2 tetep sj gagal..jd gak bisa2 pesen tiket ini..",4
membntu,5
mudah praktis,5
"kurang muasin, antara ribet sama ngeselin kode otp buat bayarnya ngga muncul² toh udah pake data dan coba yg lain' kagak muncul², mau di sambungin juga ada kode otp dan waktu pemesanan tiketnya cuma sejam lagi *otp nya* yg lama keburu ngga jadi",3
mudah mengakses nya... terimakasih KAI... andalan transportasi umum...,5
kenapa gak bisa dibuka?,3
bagus,5
ok,5
Apalah kemek fitur kurang & nyusahin.,1
aplikasinya sangat membantu,5
semoga lah yaah,5
cepat dan mudah,5
mantappp cepat dalam pembatalan,5
aplikasi sangat membantu untuk cek tiket kereta,4
"pelyanan cepat, refund jug sesuai hari kerja",5
bagus banget,5
tiket langsung ludes,3
"susahnya memesan kereta Kuala stabas sudah begadang jam 12 masih gk bisa pesen tiket, padahal keterangan detail kursi masih tersedia, tolong dong dibenahi gimana ini..",1
kadang² suka eror,3
"pleaseee kai aplikasinya sebelumnya udh diinstal tapi gabisa dibuka soalnya ga kompatibel dengan perangkat padahal udh lama lo pake kai access baru sekarang gabisa dibuka padahal mau cek tiket, nangis banget",4
"maaf mau tanya , ko aplikasinya ga bisa di bukak ya",3
mohon maaf diperbaik i apk nya iyaa karena saya pesan tiket kereta api tidak ada jadwal nya sama sekali mohon di benerin iyaa🙏🙏,3
bagus,5
Good,5
"aplikasi saat ini bermasalah, tidak bisa boking tiket",2
maaf apakah aplikasi ini sedang bermasalah ya? soalnya aplikasi saya tidak bisa dibuka,3
bagus,5
pesan tiket lebih efektif,5
sangat mudah sekali menggunakannya,5
"awalnya aplikasi ini sangat membantu sekali, saya sudah daftar akun besic dan saya pergunakan beberapa kali tuk mesan tiket, tp skrng akun saya hilang dan daftar akun besicpun gak bisa.",1
"aplikasi nya sgt membantu bgt,mudah & nyaman",5
"Aplikasi kok tdk bisa dibuka, langsung kembali. sudah d Unistall, dan install lagi tetap sama ngak bisa dibuka",3
easy,5
"jelek, susah daftar rudet pisan, padahal udah berusaha daftar malah di kunci 1 jam, sekiranya aplikasinya masih bug gausah suruh daftar lah ngeribetin orang aja",1
cuma bulan ini sering error,5
"untuk sistem tiket nya gmn sih kok bisa aku udh booking kursi di kereta COMMUTER LINE SUPAS selalu kursiku di tempatin dan itu SELALU YAA, BUAT KALIAN YANG PAKE COMMUTER SUPAS JANGAN DUDUK DI KURSI ORANG, KALO MAU NAIK YA BELIII TIKETNYA, DUDUK DI TEMPAT KALIAN!! mana supas ini sering telat, pernah sampe sejam wkwkwk, commuter paling problematik ya supas ini😹",1
TOP-UP 100rb langsung kepotong saldo jadi 97.100 padahal belum ada transaksi. Gak Ikhlas,1
"sangat"" membntu perjalanan",5
pt KAI skr sdh jauh lebih baik,5
Parah sih buat nyari stasiun Madiun aja ga bisa padahal dulu sebelum update mudah banget sekarang malah susah mohon bantuannya KAI supaya masyarakat lebih mudah mengakses apk KAI,5
pesen tiket saldo sudah berkurang tapi tiketnya ga muncul udh laporan ke email gaada balesan,1
sering error,1
sangat memuaskan,5
kenapa gak bisa di buka,5
sering keluar sendiri dan gak bisa masuk lagi,1
mantap,5
"saya mau perbaiki nomor yang salah saat memasukkan nomor di kai Access, lalu melakukan perbaiki lewat KAI121 WhatsApp suruh menunggu lama dan suruh mau menunggu atau tidak. niat kasih pelayanan ga?",2
mantap,5
mantap,5
ko ga bisa di buka ya lagi ganguan atau gmn,5
mudah dan terbaik,5
"Aplikasinya amat memudahkan untuk lihat jadwal, cari tiket, dll. Tapi entah kenapa di hp saya aplikasinya gabisa dibuka keterangannya aplikasi terus berhenti jadi kalau mau buka harus uninstal dan download ulang jadi agak repot gitu kalo mau buka apk nya",4
knp pas apps di klik keluar mluuuuu sihhhh smnjk updateeee,1
"ketika saya ingin meng upgrade ke premium suka ngestuck di saat memasukan kode verifikasi email, dan saya udah berulang kali mencoba, barangkali sinyal tapi hasilnya tetep saja sama. kira kira kenapa yaa? tolong dong pihak KAI terimakasih",1
"aplikasi dongo,udate kusri habis telat terus,di kterangan tersedia 2 kursi pdhal udh hbis,dongo",1
proses pembatalan mudah,5
apk sering crash,1
lebih cepat,5
ok,5
okeh,5
"mau up date susah sekali, mau ikut member ga bisa2, sy WA jg antrenya lama sekali, suruh nunggu lama polll.",3
maaf apa aplikasi kai sedang eror?,5
kenapa sih belakangan ini nge bug terus? setelah lama ga buka palikasi sekalinya mau buka pasti nge bug? jadi harus uninstall trus install ulang? gitu terus udah beberapa hari,2
"sangat bagus , bisa cepat",5
"Mudah , gampang di access sukses utk KAI",5
sering error,1
setelah proses bayar lunas kenapa waktu mau buka aplikasi access kai tidak bisa selalu kembali ke menu hp.,4
tolong perbaiki bug kursi dan bug pembayaran nya sering sekali pesan nya jam 00 banyak sekali bug yang terjadi seperti kendala tiket gak terproses pembayaran eror dan lain lain tolong perbaiki agar lebih mudah di akses,2
ribet di hubungkan ke e wallet lain kalo dulu bisa bayar pake shopee pake ovo sekarang di hubungkan nya saja jadi susah ribet,2
"tolong lah masa sekelas KAI lama banget proses refund nya, uang 400 ribu udah 7 hari belum balik juga , itu uang saya jangan ngerampok",1
"tiket ghaib, mau pembayaran aja loading lama tiba² ulang lagi, riwayat transaksi aja tidak ada. developnya benerin...",1
mantap,5
aplikasi rusak,1
SERING ERROR! Mau pesan ditinggal 30 dtk udah erorr. mulai dari awal lagi ga ada seat padahal masih ada tiket dan seatnya! buruk sekali,1
Bisa gak diperbaiki selalu eror bila beli tiket selalu,2
aplikasi bgsd kerjaan cuma http error mulu,1
mantap,5
praktis mudah,5
sangat membantu,5
"kok jdi dibatasi max 4 penumpang dewasa doang yah ? sulit dong kami yg mau order tiket sekeluarga. mohon bisa seperti sebelumnya aja dong, ya setidaknya max 6 atau 7 orang lah.",1
kebangetan KAI ...rute Cikarang dari kp bandan via Manggarai..sangat jarang di jam pulang kerja yg banyak Bekasi...selalu terjadi penumpukan di jalur enam bekasi sehingga begitu kereta datang jurusan Cikarang maka tak semua ke angkut... management KAI ga mikir mereka penumpang capai dan lelah juga mungkin lapar...harusnya selingan Bekasi -cikarang- Bekasi -cikarang-bekasi-cikarang...jgn Bekasi terus .. management payah..ini di jam 20:28 saya musti nunggu jam 21:00 baru ada,1
terima kasih sangat mempermudah,5
Sering nge bug force closed 👍 semoga segera diperbaiki,2
gak bisa di buka,4
bagus bgt tp kok ksng klo mau dibuka aplikasinya ngelag(ga bisa dibuka) dan kenapa skrng tiketnya cpt bgt habis apa kah ada calonya? dn ya saya prnh ditawarin beli tiket dicalo yg awal harga tiket itu 35/32 eh dijualnya 85 gong banget wkw,1
beberapa kali beli tiket dengan pembayaran qris pembayaran sukses tapi tiket tidak muncul di menu tiket saya RUGI DUIT RUGI WAKTU.. PARAH,1
apk nya ko ngebug ya klo mau masuk ke apk nya trus keluar keluar mohon di perbaiki yaaaa sementara saya kasi 4 setarrrr,4
kenapa ada eror pada aplikasi saya saya sudah membayar pesanan tiket kereta Namun tiket tidak muncul di beranda tiket saya,1
mudah di gunakan,5
Baiklah,5
kenapa aplikasi kai access nya nge bug melulu ya mau buka apa nya mental lagi mental lagi,5
saya udah bayar menggunakan kredivo di aplikasi kredivo berhasil. di kai acces malah dibatalkan seharusnya kalo dibatalkan otomatis uang saya kembali gaperlu nunggu waktu lama. seharusnya sistemnya di perbaikin lagi. kalo orang mau jalan2 dananya paspasan. tiba2 pembayarannya udah berhasil tapi tiketnya dibatalkan jadi gagal tuh orang jalan2 nya. sumpah kecewa banget sama sistem yang jelek kuno! CONTOH APLIKASI SHOPPE TIKTOK PEMBAYARAN DIBATALKAN OTOMATIS UANG KEMBALI LAGI. SUMPAH MENDING PERBAI,1
saya udah pesen baru banget udah d bayar malah tapi ko ttp gada tiket yg sudah d belinya?,3
Guuut eplikesyeen,5
"mantab sy mo ke jakarta 22 Des 25, app ada erorkah ? berkali kal buka saat ini. tdk bisa.",5
mantap,5
"gimana sih ini KAI, transaksi sudah berhasil, tapi tiket tidak ada/belum ada pembayaran. ngaco lama2 ini.",1
seru,5
bagus,5
"aplikasi KAI Acces di hp saya selalu 'cut off' beberapa menit setelah selesai saya gunakan. Sehingga saya harus selalu menginstal ulang setiap kali akan menggunakan KAI Acces. Sudah melapor ke CS di stasiun Cirebon Prujakan dan stasiun Semarang Poncol, tetapi tetap tidak bisa menyelesaikan. Setiap kali butuh, harus uninstall, kemudian install lagi. Merepotkan, mengurangi kuota beberapa puluh MB. Adakah solusinya. HP saya Samsung A31, dan memory internalnya masih tersedia 68 GB.",3
"saat perubahan jadwal setelah memasukkan data penumpang untuk melanjutkan memilih kursi tidak bisa aplikasi loading saya tunggu hampir 5 menit loading terus , kami batalkan terus untuk mencoba beli tiket baru tanpa merubah jadwal lancar tanpa loading sama sekali.",2
Tidak bisa pesan tiket kereta karena belum update member basic. Setiap saya daftarkan dan saya masukkan kode dari email tidak bisa dilanjutkan karena stuck loading. Sudah saya coba setiap hari dan tetap tidak bisa. Ini bug permanen kalau aplikasi ini tidak di update lagi. Perbaiki!,1
pelayanan bagus goodd,4
"crash mulu ni aplikasi, mana kalo top up masuk saldonya lama",1
mohon maaf refund tiket susah harus pakai no.rekening atas nama pribadi yg Batal berangkat sedang yang Batal belum punya rekening,3
ini kenapa ya ga bisa di buka terus padahal sudah instal ulang?,3
akses mudah layanan oke bangeet,5
"mohon diperbaiki, aplikasi setela bisa dipakek gak lama gak bisa dipakek selalu aplikaai tertutup.",1
"bbrp waktu ini saring crush, butuh perbaikan",5
mantap,5
ok,5
"knp ya apk nya nggak bisa d buka , kendalanya ,tdk bs d buka ,",2
"ribet makenya, verifikasi mulu pas mau mesen tiket, emang kita instal aplikasi ginian buat apaan? masa iya mesti verifikasi member basic mulu tiap mau mesen tiket?",5
"positif nya aplikasi ini laporan cs ga pakai pulsa, jelek nya gada tindakan dr KAI nya. udh tiga kali ngalamin hilang barang, gada info / update kabar beritanya. setiap di konfirmasi susah banget , sekali nya bisa jawaban nya ga memuaskan. tolong buat KAI belajar dr negara luar, di bikin nya aplikasi ini supaya pengguna KRL / penumpang segala sesuatunya merasa di bantu dr aplikasi ini dan pihak KAI. org udh bikin laporan ya di tindak , jgn cuman buat nampung laporan doang TPI ga di tindak",2
saya tadi malam beli tiket ke malang.. masyaallah suliit sekali..dulu sekali aja udah dapet walau ada loading sedikit... saya sampai setengah jam baru bisa dapat. itu aja tempat duduknya udah habis yg kereta berangkat... apa karena pembaruan versi ya jdi lebih LEMOT DAN ERROR,1
Keren semakin maju,5
"ngebut pagi2 dr rumah, naik krl dr jam 6.16, jalur 2 cikarang (18-12-2025). baru berangkat jam 6.40. tertahan lg d stasiun tambun.",1
mau reschedule aja susah 2 jam otak atik gak bisa bisa,2
semakin baik,5
Bermanfaat,5
baik,5
agak bingung pertama kali pake tp lumayan lahhh....tp kalo bisa kalo ada yg pesan lebih itu lebih baik mereka duduknya dikasih yg bersamaan/bersampingan okk...itu aja saran saya mohon maaf dan terimakasih,5
1. Aplikasi sering keluar sendiri pada saat sudah dapat tiket dan melakukan pembayaran dan tiket akhirnya di cancel otomatis dr aplikasi. 2. Metode pembayaran juga sering trouble.,3
sering chrash butuh perbaikan,3
saya 2 kali pesen tiket saldo saya berkurang tapi tiket tidak muncul,2
"Live update available seatnya ga secara real time. udah gitu pembayaran melalui e-wallet berhasil, tapi pas di check di aplikasi tiket ga muncul. Maksudnya apa ya? TOLONG BENERIN DONG.",1
lebih mudah dan bagus,5
"seringkali untuk rute arah sby blitar via malang ataupun kediri, baru juga jam 00.00 mau cari tiket, tulisannya tersedia tapi giliran sudah masukan data penumpang malah no seat. setengah jam kemudian bisa, tapi sudah tidak tersedia tempat duduk. dilanjutkan ke pembayaran malah barcode pembayaran tidak bisa terunduh. percuma booking pakai app.",1
good,5
stupid app,1
daftar penumpang dinaikkan min lebih dari 4 orang,5
biaya pembatalan sebesar 25% terlalu besar,4
"tolong aplikasinya sering error dan saat meverikasi kode otp sangat lama prosesnya,di mohon di perhatikan servernya petugas yg bertanggung jawap tolong",2
KAI mantap semoga makin maju dan sukses,5
good,5
"sekarang aplikasi nya sering eror, sering Crack kaya gtuh... aneh....",2
sangat memuaskan dan mudah,5
ini gimana ya min kok sudah dibayar tapi menunggu pembayaran trus waktu habis hangus,2
"saya lebih suka yang lama lebih mudah di pahami jujur, saya bingung pas pake aplikasi yang baru",2
oke banget,5
nice,5
bagus,4
"aplikasii sering eror sudah dibayar tapi sering tidak muncul barcodenya, tolong diperbaiki lagi",2
jos banget,5
ok..sangat baik pelayanannya...,5
"lelet, perlu perbaikan aplikasisnya, qr ga keluar",4
mudah dan praktis,4
bagus,5
"hadirkan pembelian lebih dari 4 lagi, keluarga banyak ini, kalo war jadi susah",5
bagus pelayanannya,5
di penjadwalan ulang mau pilih kursi response dari server muter-muter !! harusnya kasih handling exeption biar jelas masalahnya dimana,1
kenapa kadang mau pesen error terus sedangkan di tulisannya masih sisa kursi beberapa,3
"aplikasi nya sangat membantu untuk memesan tiket, tapi sering sekali terjadi delay atau buffering pada aplikasi, Dan sering juga terjadi error ketika memasukan otp padahal kode otp tersebut sudah sama dengan yang diberikan lewat email maupun wa/sms.",5
access lebih mudah,5
memudahkan,5
"hallo, ini gimana pihak kai,, saya ada pesanan makanan, sudah syaa bayar melalui m-banking tpi pesanan saya tidak datang-datang sampai saya uda mau turun iniii",2
mantap,5
waktu pendaftaran di perpanjang. jd ngulang2 terus capek ngeriknya,5
"suka banget beli lewat apk ini, dlu biasanya pake Shopee, tp jjr lebih murah pake apk langsung dari kai nya🤣",5
ok,5
Biaya admin top up kaspro mahal sekali biaya adminnya hampir 50%.,1
selalu memudahkan perjalanan,5
bagusss,5
aplikasi Acces by kai di hp saya mau lengkapin data udah di masukin kode otp mau login ko enggak masuk masuk kenpa ?,3
the best sih apknya. cmn knp kalau pesen tiket pas udh byar malah ngga keluar tiketnya udh pake wifi juga tetep aja.,5
"responsifnya kurang, bagusan yang dulu, ada tombol yang ndak muncul jadi ndak bisa pesen tiket",4
pesan kereta gampang dirumah sambil ngopi,5
sangat membantu,5
bagus sekali,5
"aplikasinya rewel, sudah mau bayar berkali² malah dipersulit trs. mohon diperbaiki agar konsumen tidak kecewa.",1
Aman,5
Mantap,5
setelah di-update bukannya tambah enak eeh malah banyak bug. beli tiket bukannya masuk malah saldonya saja kepotong tiket nggak masuk. coba yang kedua kalinya sama begitu. maunya apa coba kai?,2
bukan kali pertama beli tiket bayar via ovo saldo terpotong tetapi tiket yang di beli tidak muncul atau tidak lunas padahal di aplikasi ovo keterangan transaksi selesai atau lunas dengan bukti saldo sudah terpotong,1
sangat membantu,5
"mau pesen susah amat ,member basic itu apa woy Uda masukin data tetep gabisa pesen",1
ngisi saldo 30rb di potong 2ribu. aplikasi macam apa ini kak?? @PTKAI sangat di sayangkan,1
sering error g sk,1
"gajelas gini sekarang top up saldo ga masuk2, sering eror juga buat metode pembayaran yg di ka bandaran kurang lengkap dan loading lama",2
sangat aksesibel dan sangat mempermudah penyandang disabilitas,5
force close tiap d buka. d uninstall trus mau d instal lg malah gk bs,1
pesen tiket lebih mudah pakai Access KAI,5
ok,5
TERBAIK,5
"tiba"" gabisa di buka padahal udh beli tiket",1
"min, aplikasi KAI kenapa error:(",5
sangat nyaman,5
aplikasi force close,2
"tiket yg udah dibeli beberapa hari lalu tiba"" ga ada, terus mau beli lagi di jadwal yg sama ga bisa, karena ada peringatan tidak bisa booking di jadwal yg sama, terus harus gimana ini, sedangkan jam kosong sya tinggal di satu kereta itu doang",1
"praktis, bisa beli tiket sambil lesehan",4
HP saya kok gk bisa buat doanload amplikasi accsess by KAI..kenapa ya??,5
"ini gimana si, mau cek tiket tapi kok aplikasinya ngga bisa kebuka? berulang² nutup sendiri, trs tiketnya yg udh dibeli gimana??",1
mantap,5
"Proses pembatalan yg ribet. Karena harus sesuai nama tiket. Sedangkan saya pesan tiket untuk keluarga. Jadinya harus bikin akun dulu sesuai tiket untuk proses pembatalan. Telpon CS via aplikasi juga hp harus tidak boleh ke lock, kalau ke lock sambungan terputus. Ini agak merepotkan.",2
pelayanan bagus,5
mantap,5
"kenapa aplikasinya gak bisa di buka ya, admin kai kenapa ini tolong bantuannya",2
lebih mudah pake aplikasi KAI,5
"kalo bli tiket dr aplikasi minta bentuk tiket fisik nya atw di screenshot, jadi klo ada masalah sama aplikasi bisa ada bukti nya",1
aplikasi penipuan,1
kok gak bisa masuk ya.. setiap kali masuk aplikasi trus keluar lagi dan ber ulang2 kali,3
sangat membantu,5
aplikasi busuk. pembayaran eror mulu.,1
proses cepat dan jelas,5
bagus sekali,5
top 👍👍👌,5
tidak profesional. udah tf tapi tiket gak keluar! udah lapor CS tapi no respon! rup korup,1
"saat akan install ada pesan error ""aplikasi ini tidak compatible pada perangkat anda"" , saya menggunakan samsung galaxy a02s, versi android 12, mohon diperbaiki ya, krna aplikasi ini selalu sy gunakan pada device saya yg sebelumnya, trimakasih",2
"mohon untuk fitur antrian di tiadakan, sangat memperlambat proses pembelian tiket",3
jos jis,5
good,5
baik,5
mempermudah perjalanan 👍😀,5
maaf aph lagi gangguan KAi akses nya mau buka aplikasinya ko g bisa,4
"sebenarnya aplikasi mudah digunakan, tp tentang kejelasan sisa saldo tidak transparan. tiba² saja hilang. kalau memang ada biaya admin harusnya ada rincian. sedangkan di form pembayaran keterangan nya tidak ada biaya layanan.",3
bagus,5
pelayanan sdh semakin bagus,5
"gimana sih aplikasinya , udah beli tiket tapi barcode gak muncul ,",1
aplikasi sangat membantu sayang nya sering ngelag gabisa dibuka aplikasi nha jadi harus uninstall dan download kembali saya udah ke 3kalinya,2
"setiap mau lihat kode otp selalu mengulang dari tahap awal, harus menggunakan 2 gadget untuk aktivasi member basic, ini menyusahkan",1
tiba2 account inactive tapi minta bantuan buat masuk susah. via chat wa ngalor ngidul,1
Good,5
bagus,5
Force close mulu di awal buka aplikasi. sudah mencoba install ulang tetap force close,1
pembelian tiket medan ke tanjung balai asahan ga ada d kai,2
sekarang sering force close di android,2
Aplikasinya bagus dan sangat membantu untuk perjalanan antarkota dengan mudah dan nyaman.,5
ok good,5
mantap selalu menjadi pilihan mudik,5
"min kalau bisa jika membeli tiket kai jangan dibatasi 4 orang , jadi kita pas mau beli untuk keluarga agak susah... tolong dipermudah kalau dengan 1 akun bisa beli tiket , lebih dari 4 orang dalam 1 hari transaksi, terima kasih.",5
lebih muda dan praktis.,5
lebih di tingkatkan lagi yang sudah baik pelayanan,5
"sebelum pembaruan aplikasi bisa dibuka, setelah pembaruan udah coba install ulang tetap aja saat dibuka aplikasi keluar dengan sendirinya",1
nice,5
Tiap buka apk nya harus uninstall,1
nge crash mulu,3
susah untuk menjadi member basic kode udah masuk tapi masih nunggu selanjutnya susah tolong dipermuda,1
good,5
aplikasi tidak bertanggung jawab atas kesalahan yang mereka lakukan,1
ok banget,5
jelek. ngelag.bga bisa dibuka. harus diinstall ulang terus,1
Cepat amanah dan bagus sekali,5
oke,1
"aplikasinya cukup enak buat pesen tiket, sayangnya sejak desember apk ini sering crash terus menerus, padahal udah bolak-balik re-install tapi tetep crash. tolong lah diperbaiki, udah 7 kalian install uninstall tiap mau pake apk ini 😭",1
sangat membantu,5
"aplikasi yang sangat berguna, membantu masyarakat dalam membeli tiket kereta",5
tiket ku yang udah kebeli ilang,1
